label,area,perimeter,eccentricity,solidity,circularity,orientation,bbox_w,bbox_h,mean_intensity,std_intensity,source
1,196.0,94.49747468305833,0.9861521238042207,0.6577181208053692,0.2758198575973941,-0.5765609847904134,36,24,128.2704081632653,1.7389129365065084,livecell_phase__test-Huh7_Phase_A12_1_00d00h00m_3.png
2,57.0,47.00609665440987,0.9922374911761472,0.4789915966386555,0.32417262758359555,-0.6328375289939968,29,19,128.7719298245614,3.6898036074758878,livecell_phase__test-Huh7_Phase_A12_1_00d00h00m_3.png
3,1.0,0.0,0,1.0,0.0,-0.7853981633974483,1,1,132.0,0.0,livecell_phase__test-Huh7_Phase_A12_1_00d00h00m_3.png
4,47.0,35.7634559672906,0.983790944526687,0.734375,0.46177324071614695,0.7130461291046113,14,13,128.06382978723406,1.9174923264752444,livecell_phase__test-Huh7_Phase_A12_1_00d00h00m_3.png
5,5.0,2.414213562373095,0.9915743053985839,0.5,10.780241689052945,-0.7322657319519089,6,6,142.2,13.948476619330155,livecell_phase__test-Huh7_Phase_A12_1_00d00h00m_3.png
6,6.0,5.0,0.9252741613028527,0.8571428571428571,3.015928947446201,0.22572654577627715,4,2,131.66666666666666,7.180219742846005,livecell_phase__test-Huh7_Phase_A12_1_00d00h00m_3.png
7,99.0,62.35533905932738,0.986349127603038,0.668918918918919,0.3199615326955063,0.7724794408721646,22,20,130.23232323232324,3.617656708027591,livecell_phase__test-Huh7_Phase_A12_1_00d00h00m_3.png
8,56.0,47.7634559672906,0.996388327154602,0.5894736842105263,0.30846536299694066,-0.7198855395960474,23,20,129.33928571428572,2.8925815565381194,livecell_phase__test-Huh7_Phase_A12_1_00d00h00m_3.png
9,113.0,68.24873734152916,0.9896764065939025,0.6108108108108108,0.3048590314683417,-1.2650631640326824,13,29,128.08849557522123,2.2948866674309003,livecell_phase__test-Huh7_Phase_A12_1_00d00h00m_3.png
10,118.0,67.80508652763322,0.9927786285309038,0.686046511627907,0.3225279248242463,-0.604557107712817,29,21,128.55084745762713,2.692102252154041,livecell_phase__test-Huh7_Phase_A12_1_00d00h00m_3.png
12,111.0,72.62741699796952,0.9950037050312573,0.5522388059701493,0.26444273816243224,-1.1187520097999324,17,33,126.81981981981981,23.06129638503712,livecell_phase__test-Huh7_Phase_A12_1_00d00h00m_3.png
13,2.0,0.0,1.0,0.5,0.0,0.5880026035475675,4,3,132.5,1.5,livecell_phase__test-Huh7_Phase_A12_1_00d00h00m_3.png
14,38.0,35.071067811865476,0.9765147422153608,0.08225108225108226,0.3882357127572608,1.1585970972932784,26,40,133.89473684210526,9.236054847242638,livecell_phase__test-Huh7_Phase_A12_1_00d00h00m_3.png
15,106.0,78.55634918610404,0.9632913751981734,0.5047619047619047,0.2158505429619814,1.5074080982333613,10,28,125.5377358490566,13.871495497113882,livecell_phase__test-Huh7_Phase_A12_1_00d00h00m_3.png
16,10.0,7.414213562373096,0.989006628282729,0.45454545454545453,2.2860181861076723,-1.4801364395941514,3,11,125.7,9.022749026765624,livecell_phase__test-Huh7_Phase_A12_1_00d00h00m_3.png
17,27.0,26.485281374238568,0.9881222961340927,0.4153846153846154,0.48368703431862425,0.9724461709639143,12,16,130.74074074074073,9.830385971069093,livecell_phase__test-Huh7_Phase_A12_1_00d00h00m_3.png
18,22.0,20.242640687119284,0.9745964110121386,0.5641025641025641,0.6746805840299982,1.0442010237161297,7,12,127.77272727272727,1.1254016730127225,livecell_phase__test-Huh7_Phase_A12_1_00d00h00m_3.png
19,26.0,20.82842712474619,0.9939679474520018,0.4482758620689655,0.7531305450069953,-1.1497527169542716,9,21,127.88461538461539,1.0497956972273985,livecell_phase__test-Huh7_Phase_A12_1_00d00h00m_3.png
20,5.0,2.0,0.9970091626807658,0.1388888888888889,15.707963267948966,0.6509651750978931,18,13,129.0,0.6324555320336759,livecell_phase__test-Huh7_Phase_A12_1_00d00h00m_3.png
21,35.0,30.242640687119284,0.9616670338817511,0.5147058823529411,0.480881964443708,-0.496617455808663,15,9,128.4857142857143,4.149846321226356,livecell_phase__test-Huh7_Phase_A12_1_00d00h00m_3.png
22,58.0,37.520815280171306,0.8306721942657292,0.651685393258427,0.5177180713352748,1.2582240428190972,9,12,129.1206896551724,6.58911742875273,livecell_phase__test-Huh7_Phase_A12_1_00d00h00m_3.png
23,5.0,2.2071067811865475,0.9983437369511831,0.29411764705882354,12.898320915163312,0.28336460876175307,12,4,127.6,5.885575587824865,livecell_phase__test-Huh7_Phase_A12_1_00d00h00m_3.png
24,4.0,2.2071067811865475,0.9746687158738291,0.8,10.31865673213065,-0.30733147596108273,4,2,128.0,1.224744871391589,livecell_phase__test-Huh7_Phase_A12_1_00d00h00m_3.png
25,1.0,0.0,0,1.0,0.0,-0.7853981633974483,1,1,32.0,0.0,livecell_phase__test-Huh7_Phase_A12_1_00d00h00m_3.png
26,1.0,0.0,0,1.0,0.0,-0.7853981633974483,1,1,128.0,0.0,livecell_phase__test-Huh7_Phase_A12_1_00d00h00m_3.png
27,71.0,53.17766952966369,0.9894577630897788,0.4034090909090909,0.315507444599979,-0.8308042093449045,26,28,129.0281690140845,2.270272248896659,livecell_phase__test-Huh7_Phase_A12_1_00d00h00m_3.png
28,20.0,18.44974746830583,0.9855586633667702,0.47619047619047616,0.7383444376680965,-0.2641656681124802,15,6,128.05,6.012279101971232,livecell_phase__test-Huh7_Phase_A12_1_00d00h00m_3.png
29,28.0,12.414213562373096,0.9949897444635949,0.07466666666666667,2.2831238497444226,-1.0898960057881448,28,57,131.21428571428572,8.18254738040991,livecell_phase__test-Huh7_Phase_A12_1_00d00h00m_3.png
30,39.0,27.65685424949238,0.9532528263545287,0.65,0.6407209271149262,1.2492981748746645,7,14,128.25641025641025,1.2753671913277835,livecell_phase__test-Huh7_Phase_A12_1_00d00h00m_3.png
31,3.0,3.414213562373095,0.816496580927726,1.0,3.2340725067158833,-0.7853981633974483,2,2,131.33333333333334,3.0912061651652345,livecell_phase__test-Huh7_Phase_A12_1_00d00h00m_3.png
32,116.0,59.31980515339464,0.9657382119345798,0.6744186046511628,0.4142556319997626,0.9529718790870308,18,23,129.8706896551724,23.651758763944468,livecell_phase__test-Huh7_Phase_A12_1_00d00h00m_3.png
33,22.0,18.86396103067893,0.9570350985039653,0.7586206896551724,0.7769029377558025,0.7647063722977521,8,7,131.72727272727272,9.136250564655356,livecell_phase__test-Huh7_Phase_A12_1_00d00h00m_3.png
34,4.0,2.0,1.0,1.0,12.566370614359172,1.5707963267948966,1,4,150.5,21.73131381210073,livecell_phase__test-Huh7_Phase_A12_1_00d00h00m_3.png
35,45.0,32.14213562373095,0.9638217205635691,0.8181818181818182,0.5473598266081663,0.7107879371451528,11,11,128.2888888888889,3.1242579365860608,livecell_phase__test-Huh7_Phase_A12_1_00d00h00m_3.png
36,31.0,23.31370849898476,0.9894067091968207,0.11397058823529412,0.7167188617271982,1.3085771369801495,18,51,129.6451612903226,5.910888733443282,livecell_phase__test-Huh7_Phase_A12_1_00d00h00m_3.png
37,58.0,41.66295090390226,0.9851870542520796,0.7435897435897436,0.41989219669510325,-0.8147981348066645,14,16,128.55172413793105,1.4404550740831326,livecell_phase__test-Huh7_Phase_A12_1_00d00h00m_3.png
38,1.0,0.0,0,1.0,0.0,-0.7853981633974483,1,1,156.0,0.0,livecell_phase__test-Huh7_Phase_A12_1_00d00h00m_3.png
39,1.0,0.0,0,1.0,0.0,-0.7853981633974483,1,1,146.0,0.0,livecell_phase__test-Huh7_Phase_A12_1_00d00h00m_3.png
40,36.0,13.65685424949238,0.9882002421351967,0.1956521739130435,2.4255543800369126,0.3973127546210887,33,15,125.41666666666667,24.294918307241858,livecell_phase__test-Huh7_Phase_A12_1_00d00h00m_3.png
41,11.0,10.207106781186548,0.8983908985165707,0.6470588235294118,1.3267748571328708,-0.8936733158854928,5,5,133.0,5.427204202399745,livecell_phase__test-Huh7_Phase_A12_1_00d00h00m_3.png
42,73.0,56.45584412271571,0.9653992057579691,0.15835140997830802,0.28781598696773725,0.990712439496964,28,41,126.21917808219177,12.053813783268406,livecell_phase__test-Huh7_Phase_A12_1_00d00h00m_3.png
43,126.0,60.698484809834994,0.9695211994962649,0.7590361445783133,0.42975873133043213,0.5769694159837099,24,15,128.54761904761904,4.185400064049448,livecell_phase__test-Huh7_Phase_A12_1_00d00h00m_3.png
44,5.0,4.207106781186548,0.9586907114045357,0.8333333333333334,3.5498728546441756,-0.19025318855618242,4,2,131.6,10.836973747315254,livecell_phase__test-Huh7_Phase_A12_1_00d00h00m_3.png
45,109.0,57.90559159102154,0.9791923799360084,0.8014705882352942,0.40850309952744834,-0.46409188097418724,24,14,128.45871559633028,2.9100651340222896,livecell_phase__test-Huh7_Phase_A12_1_00d00h00m_3.png
46,79.0,48.66295090390226,0.983512436006545,0.5851851851851851,0.41921814661351026,0.6300476456167121,23,17,128.15189873417722,3.194491332876203,livecell_phase__test-Huh7_Phase_A12_1_00d00h00m_3.png
47,208.0,83.79898987322332,0.978111875438672,0.8093385214007782,0.37221650916739646,-0.014194321030598452,40,8,130.40865384615384,5.952643410492955,livecell_phase__test-Huh7_Phase_A12_1_00d00h00m_3.png
48,42.0,26.656854249492383,0.8329242427704818,0.8076923076923077,0.7427477751703874,1.2760227254679624,6,10,126.45238095238095,7.274228419081334,livecell_phase__test-Huh7_Phase_A12_1_00d00h00m_3.png
49,5.0,0.0,0.8672470573979608,0.2777777777777778,0.0,0.2742747012252641,6,4,127.8,0.4,livecell_phase__test-Huh7_Phase_A12_1_00d00h00m_3.png
50,82.0,51.38477631085023,0.9572145562059716,0.7068965517241379,0.3902606610278071,1.4374220768337387,7,23,128.1951219512195,1.6779707866162796,livecell_phase__test-Huh7_Phase_A12_1_00d00h00m_3.png
51,211.0,138.76955262170046,0.9849909016582186,0.4245472837022133,0.13769048921103919,-1.1842995875300932,22,55,127.45497630331754,11.51350377058469,livecell_phase__test-Huh7_Phase_A12_1_00d00h00m_3.png
52,60.0,39.798989873223334,0.9855567423458865,0.8108108108108109,0.4760110291167994,-0.8525670349974545,13,18,128.13333333333333,1.2310790208412925,livecell_phase__test-Huh7_Phase_A12_1_00d00h00m_3.png
53,7.0,6.0,0.9562197156822674,0.7,2.443460952792061,-1.4652496601835234,2,6,129.42857142857142,28.126536239223032,livecell_phase__test-Huh7_Phase_A12_1_00d00h00m_3.png
54,5.0,1.0,0.9663208866290205,0.25,62.83185307179586,1.0481900601732534,6,8,128.8,1.8330302779823362,livecell_phase__test-Huh7_Phase_A12_1_00d00h00m_3.png
55,1.0,0.0,0,1.0,0.0,-0.7853981633974483,1,1,126.0,0.0,livecell_phase__test-Huh7_Phase_A12_1_00d00h00m_3.png
56,7.0,6.0,0.956867016083242,0.4666666666666667,2.443460952792061,0.8039082213344133,6,6,129.71428571428572,2.050385727772475,livecell_phase__test-Huh7_Phase_A12_1_00d00h00m_3.png
57,22.0,21.414213562373096,0.9836135931629325,0.8461538461538461,0.6028764031910497,-1.5250329370110387,3,11,124.0909090909091,3.260076559462019,livecell_phase__test-Huh7_Phase_A12_1_00d00h00m_3.png
58,3.0,3.414213562373095,0.816496580927726,1.0,3.2340725067158833,-0.7853981633974483,2,2,165.0,10.801234497346433,livecell_phase__test-Huh7_Phase_A12_1_00d00h00m_3.png
59,17.0,14.242640687119284,0.834937198069365,0.9444444444444444,1.0531197300295014,-1.1835024399332257,4,6,145.88235294117646,39.377333511344666,livecell_phase__test-Huh7_Phase_A12_1_00d00h00m_3.png
60,10.0,8.207106781186548,0.7917413587484459,0.9090909090909091,1.8656479534119152,-0.31803775135187545,4,3,118.2,22.1033934046336,livecell_phase__test-Huh7_Phase_A12_1_00d00h00m_3.png
61,36.0,30.485281374238568,0.9729418711197115,0.6923076923076923,0.4867791288056412,-0.8882345077709825,10,12,138.80555555555554,16.14142263529947,livecell_phase__test-Huh7_Phase_A12_1_00d00h00m_3.png
62,3.0,1.0,1.0,1.0,37.69911184307752,1.5707963267948966,1,3,131.0,4.96655480858378,livecell_phase__test-Huh7_Phase_A12_1_00d00h00m_3.png
63,56.0,42.17766952966369,0.9799110730634417,0.7368421052631579,0.3955785476252136,-0.6149204456831492,15,13,135.57142857142858,17.795321558987215,livecell_phase__test-Huh7_Phase_A12_1_00d00h00m_3.png
64,16.0,13.414213562373096,0.9314538791444467,0.9411764705882353,1.1173761933213535,1.4017771532366388,3,7,128.25,3.3819373146171707,livecell_phase__test-Huh7_Phase_A12_1_00d00h00m_3.png
65,63.0,36.384776310850235,0.9568004741146517,0.8873239436619719,0.5980135092784975,0.9594629925333045,10,14,128.73015873015873,11.438179382832406,livecell_phase__test-Huh7_Phase_A12_1_00d00h00m_3.png
66,77.0,59.21320343559643,0.9920445123708365,0.425414364640884,0.27597101766610477,0.40725571302104746,36,14,119.77922077922078,16.70494395798945,livecell_phase__test-Huh7_Phase_A12_1_00d00h00m_3.png
67,130.0,83.84062043356593,0.9613976220055143,0.1808066759388039,0.23240434822597336,0.8636982178004853,30,46,128.7,5.698380336686774,livecell_phase__test-Huh7_Phase_A12_1_00d00h00m_3.png
68,61.0,43.00609665440987,0.9561713460262259,0.1955128205128205,0.4144571590552489,1.1790812923168992,20,34,129.9016393442623,6.469866895108372,livecell_phase__test-Huh7_Phase_A12_1_00d00h00m_3.png
69,13.0,11.414213562373096,0.9186218409200497,0.9285714285714286,1.2538951664885007,-1.36325895994756,3,6,94.53846153846153,51.240932232880716,livecell_phase__test-Huh7_Phase_A12_1_00d00h00m_3.png
70,73.0,53.2842712474619,0.9926752692582075,0.5104895104895105,0.3230982927826946,-0.7190684661539991,30,26,127.78082191780823,1.5724213536747116,livecell_phase__test-Huh7_Phase_A12_1_00d00h00m_3.png
71,130.0,76.72792206135784,0.9321643552651742,0.5963302752293578,0.2774893647185416,-1.480527322010616,9,31,128.25384615384615,6.124743685012508,livecell_phase__test-Huh7_Phase_A12_1_00d00h00m_3.png
72,152.0,89.9827560572969,0.9940757014678907,0.7524752475247525,0.23590376385351736,0.8233680852499393,28,31,128.19736842105263,1.654497354438766,livecell_phase__test-Huh7_Phase_A12_1_00d00h00m_3.png
73,28.0,19.242640687119284,0.961497143356061,0.7777777777777778,0.9502514794619125,1.2120563750930462,5,12,128.32142857142858,1.8332946811015138,livecell_phase__test-Huh7_Phase_A12_1_00d00h00m_3.png
74,96.0,57.17766952966369,0.977096644202995,0.8205128205128205,0.36900155523848965,0.2880036510161416,25,8,130.46875,7.716261407194981,livecell_phase__test-Huh7_Phase_A12_1_00d00h00m_3.png
75,32.0,22.72792206135786,0.9429075360718918,0.9142857142857143,0.7784673089538363,0.8544846289977333,8,8,150.4375,49.183290798298565,livecell_phase__test-Huh7_Phase_A12_1_00d00h00m_3.png
76,18.0,16.414213562373096,0.9313899293991065,0.6923076923076923,0.8395415790353619,0.7811992956960905,7,6,128.0,2.1081851067789197,livecell_phase__test-Huh7_Phase_A12_1_00d00h00m_3.png
77,124.0,77.39087296526012,0.9834348028166817,0.5367965367965368,0.2601669095778871,0.7450795615149103,29,25,128.34677419354838,1.6512182933329114,livecell_phase__test-Huh7_Phase_A12_1_00d00h00m_3.png
78,120.0,61.04163056034261,0.94557108353954,0.43795620437956206,0.4047052682778114,-1.0526882788464036,23,27,128.175,6.089146765625979,livecell_phase__test-Huh7_Phase_A12_1_00d00h00m_3.png
79,13.0,13.0,0.9809124052928856,0.8125,0.9666438934122441,-1.55896421640536,2,8,135.84615384615384,20.754410666896266,livecell_phase__test-Huh7_Phase_A12_1_00d00h00m_3.png
80,17.0,13.449747468305834,0.893111586061699,0.85,1.180947320601299,1.0819710809965872,4,7,151.47058823529412,54.59920021721803,livecell_phase__test-Huh7_Phase_A12_1_00d00h00m_3.png
81,72.0,48.62741699796952,0.9871438374378865,0.72,0.38263082837861134,-0.5595010148550228,24,15,130.77777777777777,3.3049719372746327,livecell_phase__test-Huh7_Phase_A12_1_00d00h00m_3.png
82,14.0,13.035533905932738,0.9347726407332423,0.8235294117647058,1.035333466486809,0.7467097374606817,6,5,139.28571428571428,8.630747123996123,livecell_phase__test-Huh7_Phase_A12_1_00d00h00m_3.png
83,3.0,0.0,0.9926272953435652,0.375,0.0,0.8387659997220162,5,5,123.33333333333333,5.2493385826745405,livecell_phase__test-Huh7_Phase_A12_1_00d00h00m_3.png
84,81.0,63.485281374238575,0.9687412411788885,0.22010869565217392,0.2525508213978029,1.1015054646377556,30,35,130.4814814814815,6.490469957895839,livecell_phase__test-Huh7_Phase_A12_1_00d00h00m_3.png
85,74.0,34.72792206135785,0.8670780023177669,0.9024390243902439,0.7710525671237111,1.031296292065588,10,12,128.6891891891892,26.25906570643781,livecell_phase__test-Huh7_Phase_A12_1_00d00h00m_3.png
86,129.0,80.24873734152916,0.968620762184012,0.6142857142857143,0.2517231505486366,0.5984894950874488,27,20,128.72868217054264,3.8574441029665705,livecell_phase__test-Huh7_Phase_A12_1_00d00h00m_3.png
87,13.0,11.82842712474619,0.857683291680355,0.8666666666666667,1.1676138000715148,1.2673024947716927,4,5,162.15384615384616,59.065603883564734,livecell_phase__test-Huh7_Phase_A12_1_00d00h00m_3.png
88,64.0,44.935028842544405,0.9711140844545669,0.3516483516483517,0.3983086962417956,1.0290778176909325,18,24,131.859375,8.011451155026473,livecell_phase__test-Huh7_Phase_A12_1_00d00h00m_3.png
89,7.0,7.207106781186548,0.9081642662569636,0.875,1.6935030795523165,-1.5351425944022514,2,4,153.42857142857142,40.02448230362848,livecell_phase__test-Huh7_Phase_A12_1_00d00h00m_3.png
90,84.0,47.21320343559643,0.9781050906967654,0.7241379310344828,0.4735460442478539,0.5751938897005514,21,14,129.0952380952381,5.712598957398686,livecell_phase__test-Huh7_Phase_A12_1_00d00h00m_3.png
91,15.0,15.035533905932738,0.9960246453483975,0.22727272727272727,0.833802925181183,1.0088990616346285,13,18,133.46666666666667,11.898832809238991,livecell_phase__test-Huh7_Phase_A12_1_00d00h00m_3.png
92,48.0,31.485281374238568,0.9877711900678227,0.676056338028169,0.608465479002271,-0.9256171258907253,13,16,129.33333333333334,2.5603819159562025,livecell_phase__test-Huh7_Phase_A12_1_00d00h00m_3.png
94,8.0,7.414213562373095,0.6123724356957945,1.0,1.8288145488861385,-0.7853981633974483,3,3,136.0,27.3221521846285,livecell_phase__test-Huh7_Phase_A12_1_00d00h00m_3.png
95,73.0,41.83452377915607,0.9690842726901222,0.8390804597701149,0.5241590214638941,0.6334061198615182,17,12,128.94520547945206,2.714196119335622,livecell_phase__test-Huh7_Phase_A12_1_00d00h00m_3.png
96,120.0,48.384776310850235,0.925751389719364,0.8888888888888888,0.6441301605308519,-0.4580036706268631,18,12,128.81666666666666,5.5677394175933035,livecell_phase__test-Huh7_Phase_A12_1_00d00h00m_3.png
97,41.0,26.727922061357855,0.9356217040460364,0.9111111111111111,0.7212126378503289,0.7221534135146257,9,9,127.4390243902439,26.006611523814954,livecell_phase__test-Huh7_Phase_A12_1_00d00h00m_3.png
98,26.0,20.82842712474619,0.9759309691277694,0.18055555555555555,0.7531305450069953,0.5855668750421273,25,16,125.73076923076923,5.324527370196939,livecell_phase__test-Huh7_Phase_A12_1_00d00h00m_3.png
99,12.0,10.242640687119284,0.8988822497145919,0.9230769230769231,1.4373655585403928,0.2487212832855768,6,3,127.75,1.8314384146529925,livecell_phase__test-Huh7_Phase_A12_1_00d00h00m_3.png
100,3.0,0.0,0.9993493121441489,0.07894736842105263,0.0,-1.549938868264184,2,25,142.33333333333334,14.522013940527977,livecell_phase__test-Huh7_Phase_A12_1_00d00h00m_3.png
101,46.0,37.10660171779821,0.9945601702615439,0.40707964601769914,0.41982213232838533,0.8897021904238022,20,25,128.97826086956522,3.7560914608648512,livecell_phase__test-Huh7_Phase_A12_1_00d00h00m_3.png
102,1.0,0.0,0,1.0,0.0,-0.7853981633974483,1,1,136.0,0.0,livecell_phase__test-Huh7_Phase_A12_1_00d00h00m_3.png
103,15.0,12.207106781186548,0.9083399479332046,0.9375,1.2649566308747549,1.41701277259223,3,6,125.0,44.2402531638326,livecell_phase__test-Huh7_Phase_A12_1_00d00h00m_3.png
104,180.0,71.17766952966369,0.9491973079123047,0.7407407407407407,0.4464726297086434,-0.2696472591900798,29,15,126.93333333333334,14.927454199859026,livecell_phase__test-Huh7_Phase_A12_1_00d00h00m_3.png
105,11.0,9.82842712474619,0.8575899861778468,0.8461538461538461,1.430983102553298,0.7793009046733224,5,4,128.27272727272728,3.3053925386723346,livecell_phase__test-Huh7_Phase_A12_1_00d00h00m_3.png
106,13.0,11.621320343559642,0.9954213100975339,0.40625,1.2096013722018837,0.96076684451143,9,13,128.6153846153846,12.511769606983053,livecell_phase__test-Huh7_Phase_A12_1_00d00h00m_3.png
107,5.0,3.0,1.0,1.0,6.981317007977318,1.5707963267948966,1,5,132.4,4.2708313008125245,livecell_phase__test-Huh7_Phase_A12_1_00d00h00m_3.png
2,123.0,91.07716446627535,0.9965476465599459,0.5616438356164384,0.18633565880635786,-0.3683793144684116,48,18,128.78861788617886,5.605241496679946,livecell_phase__test-Huh7_Phase_A12_1_00d12h00m_2.png
3,148.0,107.11269837220809,0.9793709842742083,0.2538593481989708,0.16210247998517144,0.39634576171006564,48,32,128.21621621621622,1.825275027557086,livecell_phase__test-Huh7_Phase_A12_1_00d12h00m_2.png
5,70.0,56.248737341529164,0.9927455746859045,0.5384615384615384,0.2780240389120845,-0.8310614122785024,23,22,128.44285714285715,3.0267177615633845,livecell_phase__test-Huh7_Phase_A12_1_00d12h00m_2.png
6,190.0,69.01219330881975,0.9631543356245794,0.8260869565217391,0.5013162757864111,1.0035361647364966,19,26,128.07894736842104,1.0458333103412756,livecell_phase__test-Huh7_Phase_A12_1_00d12h00m_2.png
7,22.0,9.035533905932738,0.9894269524386148,0.11578947368421053,3.386295901484803,0.9566010678474457,26,32,127.0909090909091,4.3370401606823865,livecell_phase__test-Huh7_Phase_A12_1_00d12h00m_2.png
8,14.0,8.207106781186548,0.9630281670801867,0.175,2.6119071347766813,0.7822674972919262,15,17,123.92857142857143,8.851668815332312,livecell_phase__test-Huh7_Phase_A12_1_00d12h00m_2.png
9,132.0,93.83452377915606,0.996126586545956,0.5432098765432098,0.18839027788958027,-0.4093404597750755,46,20,128.5909090909091,2.433835187314101,livecell_phase__test-Huh7_Phase_A12_1_00d12h00m_2.png
10,104.0,68.59797974644667,0.9894333336651995,0.7323943661971831,0.2777285661644073,-0.7591826734482803,23,23,130.09615384615384,3.745559501106792,livecell_phase__test-Huh7_Phase_A12_1_00d12h00m_2.png
11,1.0,0.0,0,1.0,0.0,-0.7853981633974483,1,1,127.0,0.0,livecell_phase__test-Huh7_Phase_A12_1_00d12h00m_2.png
12,1.0,0.0,0,1.0,0.0,-0.7853981633974483,1,1,131.0,0.0,livecell_phase__test-Huh7_Phase_A12_1_00d12h00m_2.png
13,36.0,26.899494936611664,0.9860632095617912,0.32432432432432434,0.6252074050242173,1.3752711159180995,7,36,131.11111111111111,13.135570405450355,livecell_phase__test-Huh7_Phase_A12_1_00d12h00m_2.png
14,31.0,26.621320343559642,0.9984395088125365,0.13963963963963963,0.5496830874919747,1.264466837719997,16,51,128.5483870967742,1.8287790687817245,livecell_phase__test-Huh7_Phase_A12_1_00d12h00m_2.png
15,48.0,32.9350288425444,0.9409887933405016,0.23645320197044334,0.5560770930436003,1.1317711966830348,15,26,127.89583333333333,4.669223629850636,livecell_phase__test-Huh7_Phase_A12_1_00d12h00m_2.png
16,23.0,18.86396103067893,0.9806582639615357,0.6571428571428571,0.8122167076537936,1.124553986969087,7,11,129.04347826086956,3.507485918278035,livecell_phase__test-Huh7_Phase_A12_1_00d12h00m_2.png
17,3.0,0.0,0.9997830955868783,0.12,0.0,1.138928419098968,10,20,129.33333333333334,0.4714045207910317,livecell_phase__test-Huh7_Phase_A12_1_00d12h00m_2.png
18,46.0,41.10660171779821,0.9929303814998103,0.2893081761006289,0.34209328182956544,1.2897506849270624,13,32,128.3913043478261,1.4667067646463479,livecell_phase__test-Huh7_Phase_A12_1_00d12h00m_2.png
19,59.0,53.41421356237309,0.9963824393883874,0.28640776699029125,0.259865244325247,-0.42369276834415415,38,21,134.83050847457628,7.900123454029768,livecell_phase__test-Huh7_Phase_A12_1_00d12h00m_2.png
20,69.0,50.7634559672906,0.9841570663776941,0.3854748603351955,0.3364779369173037,1.2347733459721253,13,35,131.02898550724638,5.64395537758209,livecell_phase__test-Huh7_Phase_A12_1_00d12h00m_2.png
21,9.0,6.0,0.9756265983577028,0.4090909090909091,3.141592653589793,0.2255741299907222,11,4,118.33333333333333,14.974051630144135,livecell_phase__test-Huh7_Phase_A12_1_00d12h00m_2.png
22,277.0,100.08326112068522,0.9771719907533587,0.7308707124010554,0.3475095444273817,0.6001857095819363,35,27,127.7653429602888,2.1426958393564797,livecell_phase__test-Huh7_Phase_A12_1_00d12h00m_2.png
23,18.0,8.414213562373096,0.997136135843795,0.12413793103448276,3.194885569179758,1.2212425826357798,17,45,128.38888888888889,1.2082535094961968,livecell_phase__test-Huh7_Phase_A12_1_00d12h00m_2.png
24,5.0,5.207106781186548,0.816496580927726,1.0,2.3173247538676778,1.2490457723982544,2,3,143.4,21.077001684300352,livecell_phase__test-Huh7_Phase_A12_1_00d12h00m_2.png
25,11.0,3.414213562373095,0.9902258818262171,0.19642857142857142,11.858265857958237,1.1882133580228305,9,18,139.36363636363637,12.793981022856926,livecell_phase__test-Huh7_Phase_A12_1_00d12h00m_2.png
26,86.0,56.14213562373095,0.9651475101895817,0.6056338028169014,0.34287076567619595,1.1667992607640676,12,23,129.1860465116279,1.8268770398597987,livecell_phase__test-Huh7_Phase_A12_1_00d12h00m_2.png
27,178.0,99.94722215136417,0.9931642806923169,0.6793893129770993,0.22391769244486556,1.1019825521585924,24,40,130.30337078651687,3.3650700591468814,livecell_phase__test-Huh7_Phase_A12_1_00d12h00m_2.png
28,11.0,6.0,0.9975570317156528,0.171875,3.8397243543875246,1.4722823328531025,5,24,128.27272727272728,9.076351981344498,livecell_phase__test-Huh7_Phase_A12_1_00d12h00m_2.png
29,151.0,110.83452377915606,0.9889933573511559,0.3852040816326531,0.1544673486333804,1.1783490779764831,25,48,128.27814569536423,2.624789970525049,livecell_phase__test-Huh7_Phase_A12_1_00d12h00m_2.png
30,1.0,0.0,0,1.0,0.0,-0.7853981633974483,1,1,134.0,0.0,livecell_phase__test-Huh7_Phase_A12_1_00d12h00m_2.png
31,32.0,25.86396103067893,0.9803558432312026,0.24242424242424243,0.6011318899610086,-1.2631024622636053,10,23,127.75,3.491060010942235,livecell_phase__test-Huh7_Phase_A12_1_00d12h00m_2.png
32,100.0,77.07716446627535,0.995370016864524,0.5076142131979695,0.21152339351100657,1.020271816772811,22,40,131.62,8.753033759788659,livecell_phase__test-Huh7_Phase_A12_1_00d12h00m_2.png
33,19.0,11.035533905932738,0.9053279934913036,0.1623931623931624,1.9605447791048232,-0.6409256223231572,18,11,128.42105263157896,1.3885164166603075,livecell_phase__test-Huh7_Phase_A12_1_00d12h00m_2.png
34,76.0,48.69238815542512,0.9790638429749331,0.6333333333333333,0.40281098493623063,1.4235300585554733,9,23,128.3421052631579,10.792971191790258,livecell_phase__test-Huh7_Phase_A12_1_00d12h00m_2.png
35,65.0,62.69238815542512,0.9980863741000384,0.35911602209944754,0.20782299199444437,-0.38217875946695784,44,17,130.04615384615386,2.4206214664882384,livecell_phase__test-Huh7_Phase_A12_1_00d12h00m_2.png
36,30.0,16.621320343559642,0.9595728310967849,0.10909090909090909,1.364583385523367,1.188017652728933,20,39,126.86666666666666,7.50436909776935,livecell_phase__test-Huh7_Phase_A12_1_00d12h00m_2.png
38,137.0,70.6923881554251,0.9857866882642821,0.845679012345679,0.3444967462496534,1.4413332391368767,7,33,128.43795620437956,10.105184991187008,livecell_phase__test-Huh7_Phase_A12_1_00d12h00m_2.png
39,26.0,18.035533905932738,0.9820645995978149,0.5909090909090909,1.0044427894558938,-1.1327353229854025,7,15,128.6153846153846,1.820332240953728,livecell_phase__test-Huh7_Phase_A12_1_00d12h00m_2.png
40,64.0,52.72792206135786,0.9936978181375994,0.5517241379310345,0.28927341631124254,-1.2705251143033116,10,26,128.125,1.2808688457449497,livecell_phase__test-Huh7_Phase_A12_1_00d12h00m_2.png
41,47.0,35.69238815542512,0.9880380573866605,0.6714285714285714,0.4636139628976201,-1.1067077535073546,11,18,128.51063829787233,2.267929418631668,livecell_phase__test-Huh7_Phase_A12_1_00d12h00m_2.png
42,37.0,27.65685424949238,0.9636536307217193,0.5211267605633803,0.6078634436731352,-0.08881464089909916,14,6,124.83783783783784,8.930704743576884,livecell_phase__test-Huh7_Phase_A12_1_00d12h00m_2.png
43,12.0,8.035533905932738,0.9828742900570853,0.4,2.3354019268615094,0.8107261274412835,10,10,126.75,2.3139072294858036,livecell_phase__test-Huh7_Phase_A12_1_00d12h00m_2.png
44,60.0,36.520815280171306,0.8967023013450888,0.46153846153846156,0.5653015631221795,1.2139865872479267,10,20,128.5,2.5,livecell_phase__test-Huh7_Phase_A12_1_00d12h00m_2.png
45,116.0,77.49137802864846,0.9907203226651816,0.5948717948717949,0.24275103218296346,0.9670280489263217,24,30,128.54310344827587,3.543795552840617,livecell_phase__test-Huh7_Phase_A12_1_00d12h00m_2.png
46,115.0,60.56244584051392,0.9797013343554687,0.7419354838709677,0.3940042372028527,-0.744751356332604,21,20,129.31304347826088,7.361905728453156,livecell_phase__test-Huh7_Phase_A12_1_00d12h00m_2.png
47,28.0,25.449747468305834,0.912532764307804,0.6511627906976745,0.5432515082896873,-1.1931037495547736,6,10,128.17857142857142,1.1968282914368598,livecell_phase__test-Huh7_Phase_A12_1_00d12h00m_2.png
48,229.0,112.29036790187178,0.9787971284925449,0.4386973180076628,0.2282234871441486,1.0889906803672296,30,51,127.97379912663756,4.749554240063013,livecell_phase__test-Huh7_Phase_A12_1_00d12h00m_2.png
49,38.0,22.899494936611667,0.9850180973712759,0.48717948717948717,0.9106293695844325,-1.1302586629470217,9,19,128.3421052631579,9.649860418378228,livecell_phase__test-Huh7_Phase_A12_1_00d12h00m_2.png
50,46.0,39.65685424949238,0.9928914525229683,0.42990654205607476,0.3675624802470128,1.2348952316386128,11,28,129.2826086956522,2.618189247139601,livecell_phase__test-Huh7_Phase_A12_1_00d12h00m_2.png
51,105.0,57.55634918610404,0.9431337564240215,0.546875,0.3983021820405295,0.903947170086134,19,21,127.51428571428572,8.540228931596719,livecell_phase__test-Huh7_Phase_A12_1_00d12h00m_2.png
52,168.0,84.08326112068522,0.9479485756427876,0.24925816023738873,0.29860704607682326,-0.6096782971252955,33,32,128.27380952380952,2.649578540052983,livecell_phase__test-Huh7_Phase_A12_1_00d12h00m_2.png
53,136.0,81.56244584051392,0.99375530413573,0.7472527472527473,0.2569024766786766,1.1706471230618873,15,37,127.81617647058823,1.1259127400779763,livecell_phase__test-Huh7_Phase_A12_1_00d12h00m_2.png
54,17.0,8.863961030678928,0.9981165509935889,0.26153846153846155,2.7189618203460193,-1.0508421924327458,15,25,127.94117647058823,1.055550496760374,livecell_phase__test-Huh7_Phase_A12_1_00d12h00m_2.png
55,26.0,22.414213562373096,0.9885954945549098,0.5909090909090909,0.65033361212485,0.1813084324002347,16,5,129.76923076923077,3.190221746665803,livecell_phase__test-Huh7_Phase_A12_1_00d12h00m_2.png
56,101.0,75.79898987322332,0.9794498363892353,0.2885714285714286,0.22090441797108334,-0.9311053148887631,27,39,128.03960396039605,3.1083432665898747,livecell_phase__test-Huh7_Phase_A12_1_00d12h00m_2.png
57,69.0,41.21320343559643,0.9717838196920051,0.8117647058823529,0.5104887892560173,1.100137796515464,10,18,122.7536231884058,11.97873211589565,livecell_phase__test-Huh7_Phase_A12_1_00d12h00m_2.png
58,64.0,35.27817459305202,0.9425549355143419,0.8648648648648649,0.6462158821370265,0.31838991185892773,15,7,126.953125,6.643675769811091,livecell_phase__test-Huh7_Phase_A12_1_00d12h00m_2.png
59,3.0,0.0,0.9978155780894928,0.12,0.0,-0.7406462542216431,14,13,127.66666666666667,0.4714045207910317,livecell_phase__test-Huh7_Phase_A12_1_00d12h00m_2.png
60,10.0,7.414213562373095,0.9851618702814904,0.13513513513513514,2.286018186107673,0.725592424202155,14,15,129.4,4.882622246293481,livecell_phase__test-Huh7_Phase_A12_1_00d12h00m_2.png
61,103.0,57.62741699796952,0.9824550078432815,0.7152777777777778,0.3897523845903615,1.212430177106593,12,25,129.09708737864077,2.5751409165204513,livecell_phase__test-Huh7_Phase_A12_1_00d12h00m_2.png
62,140.0,89.73401871576773,0.985263139917774,0.42424242424242425,0.21848602516410143,1.2443147031679882,19,42,128.5857142857143,8.018715353369725,livecell_phase__test-Huh7_Phase_A12_1_00d12h00m_2.png
63,64.0,49.59188309203678,0.98848062799414,0.5378151260504201,0.3270157265966872,0.7871988178868419,21,20,129.75,3.0413812651491097,livecell_phase__test-Huh7_Phase_A12_1_00d12h00m_2.png
64,1.0,0.0,0,1.0,0.0,-0.7853981633974483,1,1,127.0,0.0,livecell_phase__test-Huh7_Phase_A12_1_00d12h00m_2.png
65,154.0,77.79898987322332,0.9530906745406538,0.5703703703703704,0.31972947046293354,1.2318902376436296,17,29,127.8896103896104,6.53219965369524,livecell_phase__test-Huh7_Phase_A12_1_00d12h00m_2.png
66,23.0,17.863961030678926,0.9798957047893158,0.25555555555555554,0.905695426513954,-0.6999431738506812,24,21,128.2173913043478,1.816746297024016,livecell_phase__test-Huh7_Phase_A12_1_00d12h00m_2.png
67,13.0,11.035533905932738,0.9430700596382652,0.8125,1.3414253751769845,-1.271366356694449,3,7,127.92307692307692,0.8284868934053083,livecell_phase__test-Huh7_Phase_A12_1_00d12h00m_2.png
68,14.0,11.414213562373096,0.9434196014868428,0.208955223880597,1.3503486408337697,-0.1496554334294456,19,6,129.85714285714286,2.3560603574958057,livecell_phase__test-Huh7_Phase_A12_1_00d12h00m_2.png
69,32.0,24.65685424949238,0.9661553632882325,0.7441860465116279,0.661430940229412,0.1052034368729403,12,4,131.0625,7.223821270629555,livecell_phase__test-Huh7_Phase_A12_1_00d12h00m_2.png
70,14.0,12.0,0.9915084398477798,0.5833333333333334,1.2217304763960306,-1.4970940901198875,3,12,128.42857142857142,2.3819045715047236,livecell_phase__test-Huh7_Phase_A12_1_00d12h00m_2.png
71,120.0,81.24873734152916,0.9947953850026051,0.6486486486486487,0.22843248755032083,-0.30233734233556275,37,13,130.34166666666667,3.5484640652290986,livecell_phase__test-Huh7_Phase_A12_1_00d12h00m_2.png
72,43.0,32.27817459305202,0.9637291114030926,0.3282442748091603,0.5186332865062063,0.8219637224031926,19,18,129.32558139534885,4.360077502151785,livecell_phase__test-Huh7_Phase_A12_1_00d12h00m_2.png
73,179.0,75.45584412271572,0.9604101905732737,0.817351598173516,0.39507280073377465,-0.14305515307196584,32,11,129.0,4.780079707617142,livecell_phase__test-Huh7_Phase_A12_1_00d12h00m_2.png
74,79.0,48.83452377915607,0.9751341217329792,0.6752136752136753,0.4162775994053799,0.7664988598873361,19,18,127.0886075949367,3.569171351610554,livecell_phase__test-Huh7_Phase_A12_1_00d12h00m_2.png
75,3.0,1.0,1.0,1.0,37.69911184307752,1.5707963267948966,1,3,130.33333333333334,2.8674417556808756,livecell_phase__test-Huh7_Phase_A12_1_00d12h00m_2.png
76,58.0,45.520815280171306,0.9862094776533896,0.49572649572649574,0.3517367886736905,-0.9739110068690261,16,21,131.98275862068965,6.5508393231926965,livecell_phase__test-Huh7_Phase_A12_1_00d12h00m_2.png
77,114.0,52.970562748477136,0.9438469426539242,0.8444444444444444,0.5105585362252144,-1.3730115714112665,9,21,126.96491228070175,18.22997811806936,livecell_phase__test-Huh7_Phase_A12_1_00d12h00m_2.png
78,6.0,4.414213562373095,0.9990086543755248,0.15789473684210525,3.8694962745489936,1.3798602340423638,6,24,129.16666666666666,0.6871842709362768,livecell_phase__test-Huh7_Phase_A12_1_00d12h00m_2.png
79,96.0,50.48528137423857,0.9537926146069743,0.588957055214724,0.47331638061922354,0.9351534269017151,17,22,128.30208333333334,6.757896294438742,livecell_phase__test-Huh7_Phase_A12_1_00d12h00m_2.png
80,47.0,33.520815280171306,0.9554692809049361,0.6619718309859155,0.5256281021934708,0.5263784329261568,15,10,129.4255319148936,9.459307430118342,livecell_phase__test-Huh7_Phase_A12_1_00d12h00m_2.png
81,72.0,45.89949493661166,0.9149383242410781,0.42105263157894735,0.4294637846483416,0.579195638855426,22,17,131.55555555555554,10.5972859325302,livecell_phase__test-Huh7_Phase_A12_1_00d12h00m_2.png
82,52.0,42.828427124746185,0.8931609109766068,0.3443708609271523,0.356245147340166,1.4665389029521176,10,22,129.46153846153845,14.26192016749166,livecell_phase__test-Huh7_Phase_A12_1_00d12h00m_2.png
83,3.0,3.414213562373095,0.816496580927726,1.0,3.2340725067158833,0.7853981633974483,2,2,128.33333333333334,0.9428090415820634,livecell_phase__test-Huh7_Phase_A12_1_00d12h00m_2.png
84,20.0,14.449747468305834,0.8515861089322121,0.9090909090909091,1.203703006595855,0.6005560189997977,6,5,129.9,2.364318083507378,livecell_phase__test-Huh7_Phase_A12_1_00d12h00m_2.png
85,30.0,24.485281374238568,0.9459732290095758,0.5555555555555556,0.6288121440845198,0.3890964524467294,14,7,126.96666666666667,7.120315223983337,livecell_phase__test-Huh7_Phase_A12_1_00d12h00m_2.png
86,8.0,7.207106781186548,0.9450114186539511,0.8,1.9354320909169331,-1.1719247191740603,3,5,130.875,11.751994511571217,livecell_phase__test-Huh7_Phase_A12_1_00d12h00m_2.png
87,1.0,0.0,0,1.0,0.0,-0.7853981633974483,1,1,130.0,0.0,livecell_phase__test-Huh7_Phase_A12_1_00d12h00m_2.png
88,52.0,39.59188309203678,0.9902124570151922,0.7761194029850746,0.41687023856771915,-0.7981750081641119,15,16,127.90384615384616,1.6785939100309224,livecell_phase__test-Huh7_Phase_A12_1_00d12h00m_2.png
89,5.0,5.207106781186548,0.816496580927726,1.0,2.3173247538676778,-1.2490457723982544,2,3,131.0,3.286335345030997,livecell_phase__test-Huh7_Phase_A12_1_00d12h00m_2.png
90,74.0,44.62741699796952,0.9736260359389818,0.8043478260869565,0.4669152749177186,0.9004860867645567,13,16,130.74324324324326,3.883648364168466,livecell_phase__test-Huh7_Phase_A12_1_00d12h00m_2.png
91,128.0,65.39087296526012,0.98816789654715,0.7950310559006211,0.3761712179518097,-0.9591099156439781,20,26,128.3671875,2.12452602710434,livecell_phase__test-Huh7_Phase_A12_1_00d12h00m_2.png
92,4.0,3.414213562373095,0.9823902895921969,0.5714285714285714,4.312096675621178,-0.4819043313742443,5,3,129.25,2.165063509461097,livecell_phase__test-Huh7_Phase_A12_1_00d12h00m_2.png
93,106.0,55.112698372208094,0.9801801131624291,0.8346456692913385,0.4385431979233922,1.011814564868874,15,21,128.66037735849056,7.989246065042011,livecell_phase__test-Huh7_Phase_A12_1_00d12h00m_2.png
94,1.0,0.0,0,1.0,0.0,-0.7853981633974483,1,1,138.0,0.0,livecell_phase__test-Huh7_Phase_A12_1_00d12h00m_2.png
95,87.0,58.00609665440988,0.9898491658124392,0.7435897435897436,0.32492403128026587,-1.230989186412797,10,27,127.16091954022988,12.975550450723597,livecell_phase__test-Huh7_Phase_A12_1_00d12h00m_2.png
96,11.0,10.207106781186548,0.9673468632033755,0.9166666666666666,1.3267748571328708,1.441410880813048,2,7,125.63636363636364,2.459590774267033,livecell_phase__test-Huh7_Phase_A12_1_00d12h00m_2.png
97,76.0,60.44974746830583,0.9967648904931572,0.40641711229946526,0.26135720343708196,1.257817572889942,15,54,127.85526315789474,1.2429162160908542,livecell_phase__test-Huh7_Phase_A12_1_00d12h00m_2.png
98,147.0,82.76955262170047,0.9824852953971783,0.6282051282051282,0.26964103356860325,-0.7687378199929421,26,24,127.76190476190476,3.235292905040577,livecell_phase__test-Huh7_Phase_A12_1_00d12h00m_2.png
99,84.0,45.04163056034261,0.9773099823998693,0.8155339805825242,0.5203085252673597,0.6032105660054577,19,14,130.04761904761904,3.628277703397374,livecell_phase__test-Huh7_Phase_A12_1_00d12h00m_2.png
100,96.0,64.5269119345812,0.991194457082847,0.6530612244897959,0.2897339144086611,-0.8540486528196491,23,24,127.98958333333333,1.7882416390751619,livecell_phase__test-Huh7_Phase_A12_1_00d12h00m_2.png
101,126.0,65.07716446627535,0.9564536663025391,0.63,0.3738721933652632,0.8324527773297911,18,23,131.88095238095238,20.143771790558823,livecell_phase__test-Huh7_Phase_A12_1_00d12h00m_2.png
102,18.0,16.414213562373096,0.9850784176540758,0.12080536912751678,0.8395415790353619,0.7459440644640387,20,24,127.66666666666667,3.559026084010437,livecell_phase__test-Huh7_Phase_A12_1_00d12h00m_2.png
103,17.0,13.899494936611665,0.9311944441343878,0.9444444444444444,1.1057596701548214,-0.6319247680517878,7,5,129.76470588235293,3.421891664058585,livecell_phase__test-Huh7_Phase_A12_1_00d12h00m_2.png
104,57.0,40.10660171779821,0.9162257486877398,0.3986013986013986,0.4453003015575777,-1.5345107203123263,11,18,128.75438596491227,4.82784577201877,livecell_phase__test-Huh7_Phase_A12_1_00d12h00m_2.png
105,82.0,69.65685424949238,0.9799718223646772,0.16872427983539096,0.2123713859725421,0.6054574427772842,56,28,128.29268292682926,1.6637293172051815,livecell_phase__test-Huh7_Phase_A12_1_00d12h00m_2.png
106,110.0,56.97056274847714,0.9710777557195119,0.7189542483660131,0.425894008467813,1.3472368650479492,10,23,128.94545454545454,8.916620195033504,livecell_phase__test-Huh7_Phase_A12_1_00d12h00m_2.png
107,84.0,54.31980515339464,0.9892958189149584,0.8076923076923077,0.3577443167922755,-0.8112596498465834,19,21,130.91666666666666,2.69129254365919,livecell_phase__test-Huh7_Phase_A12_1_00d12h00m_2.png
108,77.0,40.692388155425114,0.889819666692433,0.2682926829268293,0.5843515928978154,-1.4331630721888053,13,27,128.46753246753246,6.987157822087893,livecell_phase__test-Huh7_Phase_A12_1_00d12h00m_2.png
109,70.0,47.59188309203678,0.9796276385933071,0.5691056910569106,0.38836682613114903,0.9016082674424155,17,20,134.72857142857143,18.235696099817467,livecell_phase__test-Huh7_Phase_A12_1_00d12h00m_2.png
110,6.0,6.0,0.7905694150420949,1.0,2.0943951023931953,1.5707963267948966,2,3,124.5,8.05708797684788,livecell_phase__test-Huh7_Phase_A12_1_00d12h00m_2.png
111,50.0,43.79898987322333,0.9911626297926874,0.4716981132075472,0.3275304479708043,-0.9238594418986094,18,21,128.08,4.170563511085763,livecell_phase__test-Huh7_Phase_A12_1_00d12h00m_2.png
112,85.0,50.248737341529164,0.9754514255324475,0.7522123893805309,0.42303712631385804,0.6903647197917757,18,15,128.71764705882353,2.3843201754298726,livecell_phase__test-Huh7_Phase_A12_1_00d12h00m_2.png
1,12.0,11.035533905932738,0.9905188481662665,0.3076923076923077,1.2382388078556779,-1.0628390427639722,9,16,122.25,13.602236335740287,livecell_phase__test-Huh7_Phase_A12_1_01d04h00m_4.png
2,11.0,10.242640687119286,0.9895513890925167,0.55,1.317585095328693,-0.6728897596747389,8,7,133.1818181818182,12.179104175283037,livecell_phase__test-Huh7_Phase_A12_1_01d04h00m_4.png
3,31.0,30.69238815542512,0.9912556059803245,0.41333333333333333,0.41353302091117927,-0.6614864598201678,18,15,129.1290322580645,11.702610504150885,livecell_phase__test-Huh7_Phase_A12_1_01d04h00m_4.png
4,9.0,7.621320343559642,0.9932605714743015,0.47368421052631576,1.947116515222565,-0.9855184919144354,6,9,131.88888888888889,17.380988620676867,livecell_phase__test-Huh7_Phase_A12_1_01d04h00m_4.png
5,87.0,64.90559159102155,0.9939276073864797,0.6541353383458647,0.2595164496942548,0.7892649760620487,25,23,128.5287356321839,1.5890362904630302,livecell_phase__test-Huh7_Phase_A12_1_01d04h00m_4.png
6,18.0,15.65685424949238,0.968371900098213,0.72,0.9227272612294994,-0.8480601566432215,8,8,117.38888888888889,11.91236000915244,livecell_phase__test-Huh7_Phase_A12_1_01d04h00m_4.png
7,11.0,7.621320343559642,0.9476012558355805,0.44,2.3798090741609124,0.820782014564054,8,8,128.36363636363637,1.067940011315521,livecell_phase__test-Huh7_Phase_A12_1_01d04h00m_4.png
8,29.0,20.65685424949238,0.9876205170819685,0.2871287128712871,0.8540425162998861,-1.0308335375205515,13,22,125.17241379310344,17.565775826319186,livecell_phase__test-Huh7_Phase_A12_1_01d04h00m_4.png
10,112.0,69.76955262170047,0.9918248125691977,0.7466666666666667,0.28913190011062917,-1.045844288021353,18,28,127.98214285714286,7.122627603601906,livecell_phase__test-Huh7_Phase_A12_1_01d04h00m_4.png
12,53.0,47.7634559672906,0.9939216324449494,0.44537815126050423,0.2919404328363903,0.8580837023121671,22,24,128.9433962264151,1.9173005230883384,livecell_phase__test-Huh7_Phase_A12_1_01d04h00m_4.png
14,5.0,4.414213562373095,0.9912754754981128,0.5555555555555556,3.224580228790828,-0.86664271800605,5,6,130.6,3.4985711369071804,livecell_phase__test-Huh7_Phase_A12_1_01d04h00m_4.png
16,97.0,71.97665940288702,0.9938962911899492,0.5950920245398773,0.2352871590226209,0.9976745386142367,20,29,128.0,1.0745413790346707,livecell_phase__test-Huh7_Phase_A12_1_01d04h00m_4.png
17,1.0,0.0,0,1.0,0.0,-0.7853981633974483,1,1,116.0,0.0,livecell_phase__test-Huh7_Phase_A12_1_01d04h00m_4.png
18,10.0,5.414213562373095,0.9991048952991775,0.08928571428571429,4.286858012112112,0.47446399101008513,35,20,126.2,2.891366458960192,livecell_phase__test-Huh7_Phase_A12_1_01d04h00m_4.png
19,3.0,0.0,0.9904476462416273,0.3333333333333333,0.0,-1.0974096898858268,4,6,126.33333333333333,0.4714045207910317,livecell_phase__test-Huh7_Phase_A12_1_01d04h00m_4.png
20,112.0,78.59797974644665,0.9890580486091775,0.3902439024390244,0.22782696262912847,0.622395294791462,37,32,128.08035714285714,3.5308295081051595,livecell_phase__test-Huh7_Phase_A12_1_01d04h00m_4.png
21,42.0,33.3492424049175,0.9825923974739021,0.7777777777777778,0.4745557166723128,-0.5811889569766313,14,10,137.92857142857142,19.7344186362701,livecell_phase__test-Huh7_Phase_A12_1_01d04h00m_4.png
22,62.0,37.798989873223334,0.9653682105102541,0.8378378378378378,0.5453071164234193,-0.7880348098029284,12,13,128.40322580645162,1.7455905500335083,livecell_phase__test-Huh7_Phase_A12_1_01d04h00m_4.png
23,42.0,31.556349186104043,0.9862170243640133,0.4158415841584158,0.5300119336903834,0.6435792367476368,20,19,125.95238095238095,4.088033529778048,livecell_phase__test-Huh7_Phase_A12_1_01d04h00m_4.png
24,13.0,13.207106781186548,0.9948897169265059,0.5,0.9365648146717186,1.5663738377050396,2,13,128.0,9.61569230276939,livecell_phase__test-Huh7_Phase_A12_1_01d04h00m_4.png
25,14.0,12.242640687119284,0.9772936704730965,0.5185185185185185,1.1737826689577704,-0.7793924462321677,8,9,119.85714285714286,9.349233298260673,livecell_phase__test-Huh7_Phase_A12_1_01d04h00m_4.png
26,21.0,19.828427124746188,0.9929130807557832,0.3442622950819672,0.6712010508858498,0.42797980973424604,20,9,129.8095238095238,3.5938975741168013,livecell_phase__test-Huh7_Phase_A12_1_01d04h00m_4.png
27,133.0,93.31980515339464,0.9924748862846283,0.5215686274509804,0.19191718210166459,1.1399074819088728,23,35,128.57894736842104,5.317315347145523,livecell_phase__test-Huh7_Phase_A12_1_01d04h00m_4.png
28,26.0,19.65685424949238,0.9883082801685706,0.23423423423423423,0.8455809242360399,1.0834894270821418,15,23,127.96153846153847,1.0912508430085468,livecell_phase__test-Huh7_Phase_A12_1_01d04h00m_4.png
30,40.0,35.69238815542512,0.9904789371556275,0.5633802816901409,0.3945650748064851,0.7384562656900941,18,13,128.925,2.0296243494794792,livecell_phase__test-Huh7_Phase_A12_1_01d04h00m_4.png
33,10.0,6.035533905932738,0.9994219415031197,0.16666666666666666,3.449677340496942,0.7174407389663003,25,22,126.8,2.357965224510319,livecell_phase__test-Huh7_Phase_A12_1_01d04h00m_4.png
34,16.0,15.035533905932738,0.9322226235563736,0.5714285714285714,0.8893897868599286,0.9639076125932597,7,7,128.0625,3.543810625583709,livecell_phase__test-Huh7_Phase_A12_1_01d04h00m_4.png
35,3.0,1.4142135623730951,0.8164965809277259,0.75,18.849555921538755,1.5707963267948966,2,3,126.66666666666667,0.4714045207910317,livecell_phase__test-Huh7_Phase_A12_1_01d04h00m_4.png
36,8.0,4.414213562373095,0.984033931132784,0.47058823529411764,5.159328366065325,-0.9682534059585309,6,9,124.0,10.295630140987,livecell_phase__test-Huh7_Phase_A12_1_01d04h00m_4.png
37,75.0,46.79898987322333,0.9662308010280674,0.7009345794392523,0.4303265770406538,-0.5724675160991376,17,13,128.69333333333333,6.168680752172397,livecell_phase__test-Huh7_Phase_A12_1_01d04h00m_4.png
38,1.0,0.0,0,1.0,0.0,-0.7853981633974483,1,1,129.0,0.0,livecell_phase__test-Huh7_Phase_A12_1_01d04h00m_4.png
39,44.0,44.03553390593274,0.9967357587887801,0.352,0.2851385967193495,0.433944320942984,33,17,127.68181818181819,7.627023508768396,livecell_phase__test-Huh7_Phase_A12_1_01d04h00m_4.png
40,28.0,22.449747468305834,0.9535649481267331,0.49122807017543857,0.6981439440944661,-1.179924350124737,7,14,128.71428571428572,8.357448101873574,livecell_phase__test-Huh7_Phase_A12_1_01d04h00m_4.png
41,69.0,43.3492424049175,0.9695320189195468,0.71875,0.4614194858617444,1.077479376438057,11,19,128.0,1.06321906614239,livecell_phase__test-Huh7_Phase_A12_1_01d04h00m_4.png
42,23.0,16.82842712474619,0.9973206008841667,0.23711340206185566,1.0205884457102004,-0.8937482218779114,23,28,129.8695652173913,3.5423444438380316,livecell_phase__test-Huh7_Phase_A12_1_01d04h00m_4.png
43,37.0,33.44974746830583,0.9937693481965475,0.4157303370786517,0.41555250185127895,-0.4694115159548367,20,12,129.67567567567568,4.1332799229958725,livecell_phase__test-Huh7_Phase_A12_1_01d04h00m_4.png
46,43.0,33.48528137423857,0.9850907222658449,0.5308641975308642,0.48191496677333595,0.9098768216168718,15,17,129.37209302325581,2.4873938524876165,livecell_phase__test-Huh7_Phase_A12_1_01d04h00m_4.png
47,41.0,36.9350288425444,0.9891765457787103,0.6949152542372882,0.37767378066501134,-0.7734202660314935,15,13,127.8048780487805,3.970743692676824,livecell_phase__test-Huh7_Phase_A12_1_01d04h00m_4.png
48,9.0,8.242640687119284,0.6945875203623408,1.0,1.6646373562696222,1.2164831907310614,3,4,129.11111111111111,10.429066693562058,livecell_phase__test-Huh7_Phase_A12_1_01d04h00m_4.png
49,20.0,17.414213562373096,0.8246898224554545,0.5,0.8287663842830911,-1.5635293966497164,6,9,126.9,3.986226285598949,livecell_phase__test-Huh7_Phase_A12_1_01d04h00m_4.png
50,4.0,2.0,1.0,1.0,12.566370614359172,1.5707963267948966,1,4,110.25,4.14578098794425,livecell_phase__test-Huh7_Phase_A12_1_01d04h00m_4.png
51,5.0,5.207106781186548,0.816496580927726,1.0,2.3173247538676778,1.2490457723982544,2,3,138.8,13.70255450636851,livecell_phase__test-Huh7_Phase_A12_1_01d04h00m_4.png
52,30.0,21.692388155425117,0.9215790334598982,0.8823529411764706,0.8011547000684208,-0.8600232002164706,7,8,133.23333333333332,4.997888443021601,livecell_phase__test-Huh7_Phase_A12_1_01d04h00m_4.png
53,87.0,62.07716446627535,0.993202389907998,0.6850393700787402,0.2837039446163989,-0.5534629124960379,25,19,128.01149425287358,1.7052606425888015,livecell_phase__test-Huh7_Phase_A12_1_01d04h00m_4.png
54,44.0,36.17766952966369,0.9916809294015075,0.6666666666666666,0.42245588642881277,-0.8159612942837844,16,17,128.52272727272728,2.407267749239566,livecell_phase__test-Huh7_Phase_A12_1_01d04h00m_4.png
55,57.0,31.520815280171306,0.9399950549230203,0.12258064516129032,0.7209245846157015,1.0287834788919146,23,47,127.96491228070175,3.6078127323356974,livecell_phase__test-Huh7_Phase_A12_1_01d04h00m_4.png
56,46.0,38.27817459305202,0.9969772896942748,0.3129251700680272,0.3945165782533676,1.1498119424759419,19,41,128.02173913043478,1.2245519222180574,livecell_phase__test-Huh7_Phase_A12_1_01d04h00m_4.png
57,10.0,8.621320343559642,0.7081608071712061,0.5,1.6906834405153373,1.0340695215708595,5,6,128.7,1.5524174696260025,livecell_phase__test-Huh7_Phase_A12_1_01d04h00m_4.png
58,23.0,18.071067811865476,0.9324697050334394,0.7666666666666667,0.8850546106153462,-0.9785725143695728,6,9,126.78260869565217,8.870843897599402,livecell_phase__test-Huh7_Phase_A12_1_01d04h00m_4.png
59,6.0,5.207106781186548,0.991139532667266,0.3333333333333333,2.7807897046412133,-1.0294146724842106,6,9,122.16666666666667,16.67749648145335,livecell_phase__test-Huh7_Phase_A12_1_01d04h00m_4.png
60,8.0,6.0,0.9825189646361641,0.42105263157894735,2.792526803190927,-1.024953310427644,5,8,127.375,1.4947825928876748,livecell_phase__test-Huh7_Phase_A12_1_01d04h00m_4.png
61,20.0,14.65685424949238,0.9630313348740683,0.5555555555555556,1.1699258078548693,-1.170582337975366,6,13,129.1,9.787236586493657,livecell_phase__test-Huh7_Phase_A12_1_01d04h00m_4.png
62,50.0,34.935028842544405,0.9795012149943785,0.704225352112676,0.5148226622200346,-0.7933050672464037,14,13,128.56,1.8238420984284796,livecell_phase__test-Huh7_Phase_A12_1_01d04h00m_4.png
63,20.0,15.207106781186548,0.9921066967541673,0.4,1.086792590219873,-1.1795403330706073,9,18,128.2,2.420743687382041,livecell_phase__test-Huh7_Phase_A12_1_01d04h00m_4.png
64,10.0,8.0,0.909717652294684,0.5555555555555556,1.9634954084936207,0.7853981633974483,6,6,124.4,5.388877434122992,livecell_phase__test-Huh7_Phase_A12_1_01d04h00m_4.png
65,1.0,0.0,0,1.0,0.0,-0.7853981633974483,1,1,131.0,0.0,livecell_phase__test-Huh7_Phase_A12_1_01d04h00m_4.png
67,19.0,15.449747468305832,0.9967509819995797,0.2835820895522388,1.000277948522869,-0.5195664176237897,23,13,125.15789473684211,8.336749069124682,livecell_phase__test-Huh7_Phase_A12_1_01d04h00m_4.png
68,134.0,74.97665940288701,0.9840019673713373,0.6291079812206573,0.29954528604668695,-0.5591801976064238,29,19,128.5597014925373,4.9407099526552285,livecell_phase__test-Huh7_Phase_A12_1_01d04h00m_4.png
69,2.0,0.0,1.0,1.0,0.0,1.5707963267948966,1,2,128.5,1.5,livecell_phase__test-Huh7_Phase_A12_1_01d04h00m_4.png
70,9.0,7.0,0.9751775375253124,0.45,2.308108888351685,0.8705307515260755,7,9,131.11111111111111,8.006170459845254,livecell_phase__test-Huh7_Phase_A12_1_01d04h00m_4.png
71,6.0,3.0,0.9531543092057565,0.5454545454545454,8.377580409572781,-0.3073314759610828,6,3,136.83333333333334,6.361778227997438,livecell_phase__test-Huh7_Phase_A12_1_01d04h00m_4.png
72,43.0,31.242640687119287,0.9426214821871037,0.48863636363636365,0.5535831356461675,0.1850978215873891,16,8,128.30232558139534,11.209495318226669,livecell_phase__test-Huh7_Phase_A12_1_01d04h00m_4.png
74,150.0,88.91168824543144,0.990376037930641,0.6410256410256411,0.23844235896716998,0.942596936125122,25,34,130.51333333333332,8.550818024545306,livecell_phase__test-Huh7_Phase_A12_1_01d04h00m_4.png
75,31.0,23.69238815542512,0.9477390868854341,0.3069306930693069,0.693991065901352,0.671189569870739,18,14,128.7741935483871,20.53118741348635,livecell_phase__test-Huh7_Phase_A12_1_01d04h00m_4.png
76,102.0,66.2842712474619,0.9898454807702051,0.7183098591549296,0.2917353551443568,-0.5315633578502982,29,16,128.63725490196077,2.0136262075301965,livecell_phase__test-Huh7_Phase_A12_1_01d04h00m_4.png
77,35.0,24.86396103067893,0.9498252086291726,0.7608695652173914,0.7114383555647844,0.4608845701222406,12,7,129.74285714285713,9.184903319011683,livecell_phase__test-Huh7_Phase_A12_1_01d04h00m_4.png
78,50.0,38.621320343559645,0.9913236719279467,0.43859649122807015,0.4212361498334034,1.4785181662549882,5,30,128.3,1.0816653826391966,livecell_phase__test-Huh7_Phase_A12_1_01d04h00m_4.png
79,36.0,30.035533905932738,0.991661425046176,0.36,0.5014661842258678,1.1728990420342076,14,31,127.38888888888889,1.2082535094961973,livecell_phase__test-Huh7_Phase_A12_1_01d04h00m_4.png
80,13.0,11.207106781186548,0.9664775901381133,0.7222222222222222,1.3006672242497,0.5210859117092557,8,4,128.3846153846154,2.815846956572789,livecell_phase__test-Huh7_Phase_A12_1_01d04h00m_4.png
81,1.0,0.0,0,1.0,0.0,-0.7853981633974483,1,1,138.0,0.0,livecell_phase__test-Huh7_Phase_A12_1_01d04h00m_4.png
82,25.0,20.82842712474619,0.9938188417513668,0.390625,0.7241639855836494,-1.0487312952328909,11,19,127.88,1.5829087149927503,livecell_phase__test-Huh7_Phase_A12_1_01d04h00m_4.png
83,71.0,33.65685424949238,0.9004041671820425,0.9466666666666667,0.7876280396241765,-0.04485322461728676,13,6,126.83098591549296,12.263521902394348,livecell_phase__test-Huh7_Phase_A12_1_01d04h00m_4.png
84,60.0,39.62741699796952,0.9808024968045536,0.8108108108108109,0.48014187536740244,0.7532325273894139,14,15,130.66666666666666,7.4981479194679945,livecell_phase__test-Huh7_Phase_A12_1_01d04h00m_4.png
85,6.0,6.0,0.7905694150420949,1.0,2.0943951023931953,0.0,3,2,128.0,1.4142135623730951,livecell_phase__test-Huh7_Phase_A12_1_01d04h00m_4.png
86,20.0,16.242640687119284,0.983937021321497,0.5128205128205128,0.9526351138026916,-1.0861982543149697,7,11,125.2,10.689246933250256,livecell_phase__test-Huh7_Phase_A12_1_01d04h00m_4.png
87,55.0,43.69238815542512,0.9802502313801505,0.4074074074074074,0.36204369374578094,-0.871588397128004,18,20,126.07272727272728,11.337555525299807,livecell_phase__test-Huh7_Phase_A12_1_01d04h00m_4.png
88,69.0,55.55634918610404,0.9971199128353313,0.45098039215686275,0.28092575515188356,1.1208364954642178,18,34,127.72463768115942,1.649629365232718,livecell_phase__test-Huh7_Phase_A12_1_01d04h00m_4.png
89,16.0,17.035533905932738,0.8882993694579595,0.22535211267605634,0.6928167010395705,0.14822671089122705,13,7,125.5625,9.578418123573433,livecell_phase__test-Huh7_Phase_A12_1_01d04h00m_4.png
90,42.0,27.727922061357855,0.9843918663631486,0.7,0.6864746512800464,-0.5551597880437265,17,11,129.35714285714286,9.004817304858413,livecell_phase__test-Huh7_Phase_A12_1_01d04h00m_4.png
91,34.0,20.242640687119284,0.8852338666398735,0.5074626865671642,1.0426881753190882,-1.3187736024459717,9,15,126.26470588235294,12.07405780888589,livecell_phase__test-Huh7_Phase_A12_1_01d04h00m_4.png
92,9.0,8.242640687119286,0.890870806374748,0.9,1.6646373562696215,0.3217505543966422,5,3,142.66666666666666,23.069941963997703,livecell_phase__test-Huh7_Phase_A12_1_01d04h00m_4.png
93,38.0,32.41421356237309,0.8745433570522769,0.20994475138121546,0.45448806428822075,1.403226437938165,18,19,127.65789473684211,1.5436851974802595,livecell_phase__test-Huh7_Phase_A12_1_01d04h00m_4.png
94,12.0,6.207106781186548,0.9891052410173132,0.32432432432432434,3.9139265995618677,-0.4144245293944896,14,7,119.0,13.527749258468683,livecell_phase__test-Huh7_Phase_A12_1_01d04h00m_4.png
96,80.0,66.76345596729058,0.9956204737757999,0.5128205128205128,0.22553930191928365,-0.5187487741433437,33,21,131.275,14.696917193751894,livecell_phase__test-Huh7_Phase_A12_1_01d04h00m_4.png
97,1.0,0.0,0,1.0,0.0,-0.7853981633974483,1,1,128.0,0.0,livecell_phase__test-Huh7_Phase_A12_1_01d04h00m_4.png
98,44.0,34.3492424049175,0.9814275020329566,0.5365853658536586,0.4686279796691816,-0.523787643258086,16,11,128.61363636363637,2.4974160199813538,livecell_phase__test-Huh7_Phase_A12_1_01d04h00m_4.png
99,27.0,22.621320343559645,0.9831485774750552,0.34615384615384615,0.6630369450793044,1.2228437711141866,9,18,130.25925925925927,3.4704316370733266,livecell_phase__test-Huh7_Phase_A12_1_01d04h00m_4.png
100,15.0,14.035533905932738,0.953872739758832,0.7894736842105263,0.9568486483986863,-0.852613273582899,6,6,128.0,1.4142135623730951,livecell_phase__test-Huh7_Phase_A12_1_01d04h00m_4.png
101,53.0,39.9350288425444,0.973231360114808,0.5760869565217391,0.41761657642748173,0.6408192009977296,17,13,125.0754716981132,8.8612982067853,livecell_phase__test-Huh7_Phase_A12_1_01d04h00m_4.png
1,13.0,2.8284271247461903,0.9972213512452167,0.20967741935483872,20.420352248333653,-0.6762488146909518,21,18,128.07692307692307,1.5913969896597848,livecell_phase__test-Huh7_Phase_A12_1_01d20h00m_4.png
2,23.0,21.207106781186546,0.9698249579325929,0.42592592592592593,0.642650505935547,1.1387301247631711,8,13,128.17391304347825,2.4074553391142826,livecell_phase__test-Huh7_Phase_A12_1_01d20h00m_4.png
3,37.0,34.44974746830583,0.9861935881720097,0.43529411764705883,0.3917775109280125,-0.5609701462414396,19,13,118.97297297297297,27.928950867636203,livecell_phase__test-Huh7_Phase_A12_1_01d20h00m_4.png
4,1.0,0.0,0,1.0,0.0,-0.7853981633974483,1,1,118.0,0.0,livecell_phase__test-Huh7_Phase_A12_1_01d20h00m_4.png
5,2.0,0.0,1.0,0.3333333333333333,0.0,-0.9272952180016122,4,5,122.0,13.0,livecell_phase__test-Huh7_Phase_A12_1_01d20h00m_4.png
6,94.0,56.83452377915607,0.9888280743923963,0.6811594202898551,0.36569015361335505,1.175300844163901,13,30,129.22340425531914,5.739290220997101,livecell_phase__test-Huh7_Phase_A12_1_01d20h00m_4.png
7,28.0,22.242640687119284,0.9620323251677366,0.7567567567567568,0.711205657900165,-0.9501507137990987,7,10,121.53571428571429,9.93723927908531,livecell_phase__test-Huh7_Phase_A12_1_01d20h00m_4.png
8,100.0,74.04163056034261,0.9948059693941608,0.5181347150259067,0.22922285393403735,1.1504224265454404,17,37,127.87,2.133799428249994,livecell_phase__test-Huh7_Phase_A12_1_01d20h00m_4.png
9,2.0,0.0,1.0,0.5,0.0,-1.1071487177940904,2,3,142.0,12.0,livecell_phase__test-Huh7_Phase_A12_1_01d20h00m_4.png
10,2.0,0.0,1.0,0.2,0.0,-1.0636978224025597,6,10,134.0,5.0,livecell_phase__test-Huh7_Phase_A12_1_01d20h00m_4.png
11,4.0,3.414213562373095,0.9879245412737035,0.4444444444444444,4.312096675621178,-0.5762859986078338,5,4,140.75,5.673402858955108,livecell_phase__test-Huh7_Phase_A12_1_01d20h00m_4.png
12,1.0,0.0,0,1.0,0.0,-0.7853981633974483,1,1,130.0,0.0,livecell_phase__test-Huh7_Phase_A12_1_01d20h00m_4.png
13,26.0,24.035533905932738,0.9784293563482236,0.4126984126984127,0.5655560657971848,0.5622349892808195,15,10,130.3846153846154,7.631296507837482,livecell_phase__test-Huh7_Phase_A12_1_01d20h00m_4.png
14,1.0,0.0,0,1.0,0.0,-0.7853981633974483,1,1,130.0,0.0,livecell_phase__test-Huh7_Phase_A12_1_01d20h00m_4.png
15,11.0,7.207106781186548,0.9857854283956895,0.44,2.6612191250107826,-0.6868436910065603,9,8,123.0,22.140050094383668,livecell_phase__test-Huh7_Phase_A12_1_01d20h00m_4.png
16,96.0,76.76955262170047,0.9953976548579623,0.5303867403314917,0.2046930407554704,-0.782315201758807,29,31,128.83333333333334,2.7220804951768454,livecell_phase__test-Huh7_Phase_A12_1_01d20h00m_4.png
18,27.0,23.44974746830583,0.9953734877047729,0.375,0.6170172245766224,0.8126231922886651,17,19,126.85185185185185,7.296390298322831,livecell_phase__test-Huh7_Phase_A12_1_01d20h00m_4.png
19,8.0,3.414213562373095,0.9995499348354473,0.23529411764705882,8.624193351242356,-1.3294741284384277,6,20,128.125,1.7633419974582356,livecell_phase__test-Huh7_Phase_A12_1_01d20h00m_4.png
20,7.0,5.0,1.0,1.0,3.5185837720205684,0.0,7,1,126.71428571428571,4.831867007225076,livecell_phase__test-Huh7_Phase_A12_1_01d20h00m_4.png
21,49.0,42.65685424949238,0.9940571790251864,0.5,0.33839839455984466,-1.2706916394254302,9,25,136.22448979591837,16.253433302765508,livecell_phase__test-Huh7_Phase_A12_1_01d20h00m_4.png
23,5.0,0.0,0.9993748139421903,0.15625,0.0,-0.5651702176275387,21,14,128.4,1.2,livecell_phase__test-Huh7_Phase_A12_1_01d20h00m_4.png
24,86.0,68.9350288425444,0.9873783337196963,0.42786069651741293,0.22741986217380544,-1.2415701831914394,14,39,140.06976744186048,24.56022057778874,livecell_phase__test-Huh7_Phase_A12_1_01d20h00m_4.png
25,214.0,145.18986283848344,0.9905299850646442,0.30484330484330485,0.1275707319783478,-0.9200705546593391,50,60,128.6448598130841,2.05645705876715,livecell_phase__test-Huh7_Phase_A12_1_01d20h00m_4.png
26,2.0,0.0,1.0,1.0,0.0,0.7853981633974483,2,2,124.0,3.0,livecell_phase__test-Huh7_Phase_A12_1_01d20h00m_4.png
27,74.0,49.66295090390226,0.9853837067616751,0.7184466019417476,0.37703054984219136,-0.5377756796953939,20,13,128.64864864864865,2.708507280286143,livecell_phase__test-Huh7_Phase_A12_1_01d20h00m_4.png
28,28.0,21.899494936611664,0.9676009543964659,0.8,0.7336682034546015,0.839649847627084,8,10,128.92857142857142,5.861061406974553,livecell_phase__test-Huh7_Phase_A12_1_01d20h00m_4.png
29,4.0,2.0,1.0,1.0,12.566370614359172,0.0,4,1,137.25,6.179603547154137,livecell_phase__test-Huh7_Phase_A12_1_01d20h00m_4.png
30,43.0,36.48528137423857,0.9807807608983721,0.6515151515151515,0.4059223086007215,0.3991197748182226,18,7,129.06976744186048,9.475538516542205,livecell_phase__test-Huh7_Phase_A12_1_01d20h00m_4.png
31,90.0,53.248737341529164,0.9882643617067509,0.5027932960893855,0.398872178710786,-0.5097659953465042,34,22,128.1888888888889,3.568050960163123,livecell_phase__test-Huh7_Phase_A12_1_01d20h00m_4.png
32,3.0,3.414213562373095,0.816496580927726,1.0,3.2340725067158833,-0.7853981633974483,2,2,128.0,1.4142135623730951,livecell_phase__test-Huh7_Phase_A12_1_01d20h00m_4.png
33,34.0,30.621320343559642,0.9859684433899717,0.4857142857142857,0.45566005194462245,1.3492256817586326,6,19,112.8529411764706,49.926494412192184,livecell_phase__test-Huh7_Phase_A12_1_01d20h00m_4.png
34,81.0,57.248737341529164,0.9835893603849499,0.6044776119402985,0.3105725428898486,0.7775017811821631,19,20,126.91358024691358,5.312918174366235,livecell_phase__test-Huh7_Phase_A12_1_01d20h00m_4.png
35,27.0,20.106601717798213,0.9504893463633115,0.8181818181818182,0.839259522582393,0.9286882216639593,7,9,128.40740740740742,2.0414094488178773,livecell_phase__test-Huh7_Phase_A12_1_01d20h00m_4.png
36,17.0,7.449747468305833,0.9961559510552023,0.2537313432835821,3.849246139231531,-0.8292306387555468,19,19,127.88235294117646,1.2779741754353195,livecell_phase__test-Huh7_Phase_A12_1_01d20h00m_4.png
37,29.0,19.621320343559642,0.9212908270143092,0.9354838709677419,0.9465670997125092,-1.4134426242528042,4,9,124.93103448275862,12.990529798552743,livecell_phase__test-Huh7_Phase_A12_1_01d20h00m_4.png
38,45.0,32.3492424049175,0.9715285328480208,0.8181818181818182,0.540373632202952,1.1463427311546759,7,15,129.2,2.082733246908441,livecell_phase__test-Huh7_Phase_A12_1_01d20h00m_4.png
39,22.0,21.86396103067893,0.9840131997686826,0.5,0.5783288472482297,-0.8906887043588942,10,13,128.0,0.9045340337332909,livecell_phase__test-Huh7_Phase_A12_1_01d20h00m_4.png
41,27.0,24.899494936611664,0.9854610358772196,0.4153846153846154,0.5472585461215576,0.5694636318247125,18,12,128.77777777777777,1.6405358955814886,livecell_phase__test-Huh7_Phase_A12_1_01d20h00m_4.png
42,74.0,50.62741699796952,0.9796734763632668,0.5967741935483871,0.36280230959251814,-0.7882554689505765,21,19,127.78378378378379,1.6046408225726918,livecell_phase__test-Huh7_Phase_A12_1_01d20h00m_4.png
43,1.0,0.0,0,1.0,0.0,-0.7853981633974483,1,1,146.0,0.0,livecell_phase__test-Huh7_Phase_A12_1_01d20h00m_4.png
44,17.0,14.242640687119286,0.8952580299686476,1.0,1.0531197300295012,-1.5010516494940098,3,7,120.6470588235294,50.59637417429015,livecell_phase__test-Huh7_Phase_A12_1_01d20h00m_4.png
45,67.0,54.07716446627535,0.994332806637329,0.5234375,0.28791006268879804,-0.8338880248717411,23,23,127.98507462686567,1.3326277185402815,livecell_phase__test-Huh7_Phase_A12_1_01d20h00m_4.png
46,52.0,45.27817459305202,0.9961026891552984,0.5652173913043478,0.31873913380996743,-1.2451245039987722,9,28,126.92307692307692,22.807595018601685,livecell_phase__test-Huh7_Phase_A12_1_01d20h00m_4.png
47,8.0,8.414213562373096,0.9325316965091067,1.0,1.4199491418576702,-0.19025318855618245,5,2,143.125,4.702060718451007,livecell_phase__test-Huh7_Phase_A12_1_01d20h00m_4.png
48,7.0,0.0,0.9799137365431941,0.3181818181818182,0.0,-1.0947434837933794,6,9,124.0,11.661903789690601,livecell_phase__test-Huh7_Phase_A12_1_01d20h00m_4.png
49,43.0,29.65685424949238,0.9925483441664884,0.31851851851851853,0.6143673875164372,-0.9578965403064419,19,24,127.6046511627907,3.7734663287389427,livecell_phase__test-Huh7_Phase_A12_1_01d20h00m_4.png
50,16.0,15.414213562373096,0.9840805712335334,0.5925925925925926,0.84622743865209,-1.1702381584064443,5,11,123.6875,8.167915508255456,livecell_phase__test-Huh7_Phase_A12_1_01d20h00m_4.png
51,8.0,7.207106781186548,0.9450114186539511,0.8,1.9354320909169331,-1.1719247191740603,3,5,129.0,2.5495097567963922,livecell_phase__test-Huh7_Phase_A12_1_01d20h00m_4.png
52,115.0,78.14823227814082,0.9778328227423588,0.23421588594704684,0.236629772955387,1.232327850642658,25,46,128.2,6.277911588501664,livecell_phase__test-Huh7_Phase_A12_1_01d20h00m_4.png
53,9.0,2.414213562373095,0.998530585303644,0.1836734693877551,19.4044350402953,-0.5279730198451763,24,14,126.33333333333333,8.94427190999916,livecell_phase__test-Huh7_Phase_A12_1_01d20h00m_4.png
54,19.0,18.621320343559642,0.979789260505832,0.475,0.6885611610340323,-0.7113126497873705,10,9,124.6842105263158,14.736466160618262,livecell_phase__test-Huh7_Phase_A12_1_01d20h00m_4.png
55,24.0,18.27817459305202,0.9440898943275423,0.8571428571428571,0.9027249854676098,0.5077956271455273,10,5,127.70833333333333,6.425724126941302,livecell_phase__test-Huh7_Phase_A12_1_01d20h00m_4.png
56,15.0,14.82842712474619,0.9585974272410921,0.75,0.8572568197903774,0.9920067725717115,5,7,128.26666666666668,1.339983416149452,livecell_phase__test-Huh7_Phase_A12_1_01d20h00m_4.png
57,14.0,11.65685424949238,0.7985661365187728,0.9333333333333333,1.2947179437652614,0.40360078064857446,5,4,131.0,4.7207747548166585,livecell_phase__test-Huh7_Phase_A12_1_01d20h00m_4.png
59,10.0,9.0,0.9789397217344012,0.8333333333333334,1.5514037795505151,-1.4570951526537124,2,7,130.3,1.4177446878757827,livecell_phase__test-Huh7_Phase_A12_1_01d20h00m_4.png
60,35.0,23.31370849898476,0.9247937108454599,0.875,0.8091987148532883,0.8369901691878384,8,8,127.54285714285714,0.9053131153002777,livecell_phase__test-Huh7_Phase_A12_1_01d20h00m_4.png
61,25.0,21.0,0.9814450255812242,0.5319148936170213,0.7123792865282977,0.9451817392738074,9,14,128.88,3.338502658378453,livecell_phase__test-Huh7_Phase_A12_1_01d20h00m_4.png
62,19.0,17.621320343559645,0.9924465265917146,0.3392857142857143,0.7689295870285522,1.5015551821879474,4,18,129.8421052631579,2.9426654207356555,livecell_phase__test-Huh7_Phase_A12_1_01d20h00m_4.png
63,40.0,36.071067811865476,0.9948052537355997,0.26666666666666666,0.3863241497907283,-0.509269055544334,31,19,129.65,3.2676444114989014,livecell_phase__test-Huh7_Phase_A12_1_01d20h00m_4.png
65,14.0,12.621320343559644,0.9864259691359526,0.5185185185185185,1.1044048881115214,0.8873524500950103,9,10,127.0,5.1269595556932455,livecell_phase__test-Huh7_Phase_A12_1_01d20h00m_4.png
66,6.0,4.0,1.0,1.0,4.71238898038469,1.5707963267948966,1,6,117.5,14.522970311429637,livecell_phase__test-Huh7_Phase_A12_1_01d20h00m_4.png
67,17.0,12.0,0.9808278029849442,0.13934426229508196,1.4835298641951802,1.517324992231277,8,30,134.58823529411765,11.817528474209585,livecell_phase__test-Huh7_Phase_A12_1_01d20h00m_4.png
68,68.0,36.14213562373095,0.9569307269555748,0.4755244755244755,0.6541707991504734,-1.1714403495178802,13,27,127.26470588235294,11.182467431415631,livecell_phase__test-Huh7_Phase_A12_1_01d20h00m_4.png
69,12.0,9.414213562373096,0.9334608125195077,0.5454545454545454,1.7014649922130174,1.0007918979624615,6,7,138.08333333333334,64.81571097264064,livecell_phase__test-Huh7_Phase_A12_1_01d20h00m_4.png
70,10.0,10.414213562373096,0.9507271070197145,1.0,1.1586623769338389,-1.4483069952314644,2,6,103.5,52.14259295432094,livecell_phase__test-Huh7_Phase_A12_1_01d20h00m_4.png
71,8.0,8.0,0.8944271909999159,1.0,1.5707963267948966,0.0,4,2,124.5,11.379806676741042,livecell_phase__test-Huh7_Phase_A12_1_01d20h00m_4.png
72,62.0,37.071067811865476,0.9207202694649376,0.6526315789473685,0.5669325101547028,1.093062965268017,11,14,129.08064516129033,7.9358280806543675,livecell_phase__test-Huh7_Phase_A12_1_01d20h00m_4.png
73,5.0,3.0,1.0,1.0,6.981317007977318,1.5707963267948966,1,5,132.6,2.5768197453450252,livecell_phase__test-Huh7_Phase_A12_1_01d20h00m_4.png
74,48.0,38.48528137423857,0.9854806641156538,0.6486486486486487,0.4072506340551053,0.14718127525922864,20,5,128.27083333333334,15.436347235412342,livecell_phase__test-Huh7_Phase_A12_1_01d20h00m_4.png
75,5.0,5.207106781186548,0.816496580927726,1.0,2.3173247538676778,-0.3217505543966422,3,2,135.0,24.63331078032346,livecell_phase__test-Huh7_Phase_A12_1_01d20h00m_4.png
76,10.0,10.242640687119284,0.816496580927726,1.0,1.1978046321169942,-0.7853981633974483,4,4,134.9,28.39172414630714,livecell_phase__test-Huh7_Phase_A12_1_01d20h00m_4.png
77,33.0,19.414213562373096,0.8655155043091666,0.5689655172413793,1.1002318134634796,1.2086881574707375,8,12,126.51515151515152,9.856919465060042,livecell_phase__test-Huh7_Phase_A12_1_01d20h00m_4.png
78,14.0,11.621320343559642,0.9025480744569182,0.7368421052631579,1.3026476316020286,1.4483069952314644,4,7,130.21428571428572,8.6617267449442,livecell_phase__test-Huh7_Phase_A12_1_01d20h00m_4.png
79,25.0,18.656854249492383,0.9459685288873698,0.5681818181818182,0.9025536672336208,1.0133199541736002,9,11,127.92,1.092520022699813,livecell_phase__test-Huh7_Phase_A12_1_01d20h00m_4.png
80,71.0,51.248737341529164,0.9846569189332616,0.7171717171717171,0.33970494840282794,-1.0638245853862591,13,21,128.01408450704224,1.4191145597532393,livecell_phase__test-Huh7_Phase_A12_1_01d20h00m_4.png
81,9.0,7.414213562373095,0.8837927541319678,0.75,2.0574163674969057,-1.201336310771674,3,5,126.0,3.6209268304000717,livecell_phase__test-Huh7_Phase_A12_1_01d20h00m_4.png
82,1.0,0.0,0,1.0,0.0,-0.7853981633974483,1,1,147.0,0.0,livecell_phase__test-Huh7_Phase_A12_1_01d20h00m_4.png
83,15.0,13.82842712474619,0.9786424548667376,0.6,0.9857245032537326,-0.5092119219501348,9,6,131.73333333333332,4.567518168789504,livecell_phase__test-Huh7_Phase_A12_1_01d20h00m_4.png
84,5.0,5.207106781186548,0.816496580927726,1.0,2.3173247538676778,1.2490457723982544,2,3,128.6,6.118823416311343,livecell_phase__test-Huh7_Phase_A12_1_01d20h00m_4.png
85,35.0,24.48528137423857,0.9385676418076939,0.875,0.7336141680986064,-1.3772638247353586,5,11,128.2,1.7533641134361435,livecell_phase__test-Huh7_Phase_A12_1_01d20h00m_4.png
1,70.0,44.55634918610404,0.9956604864288799,0.3211009174311927,0.44308669207153367,-0.3627833894124636,45,19,130.64285714285714,5.848163849291781,livecell_phase__test-Huh7_Phase_A12_1_02d00h00m_2.png
2,35.0,26.27817459305202,0.9619531587901189,0.7291666666666666,0.6369238635071384,0.588850170217074,12,8,125.45714285714286,6.9048341539733995,livecell_phase__test-Huh7_Phase_A12_1_02d00h00m_2.png
4,3.0,3.414213562373095,0.816496580927726,1.0,3.2340725067158833,0.7853981633974483,2,2,129.0,2.160246899469287,livecell_phase__test-Huh7_Phase_A12_1_02d00h00m_2.png
5,60.0,36.72792206135785,0.9643727247595255,0.8571428571428571,0.5589441280751288,-0.37009112989779014,16,7,130.93333333333334,4.864383025854587,livecell_phase__test-Huh7_Phase_A12_1_02d00h00m_2.png
6,88.0,65.2842712474619,0.9915942482302249,0.6470588235294118,0.2594629879478429,-1.0327685206303368,19,25,134.26136363636363,11.574358727751514,livecell_phase__test-Huh7_Phase_A12_1_02d00h00m_2.png
7,34.0,29.65685424949238,0.9911694919484542,0.6296296296296297,0.48577886454788055,0.06143327587945742,19,3,128.64705882352942,6.6681082639733145,livecell_phase__test-Huh7_Phase_A12_1_02d00h00m_2.png
8,126.0,85.94112549695429,0.9904987043720231,0.38769230769230767,0.21437707212421125,-1.0648642992705408,30,44,128.11111111111111,3.5191589503478036,livecell_phase__test-Huh7_Phase_A12_1_02d00h00m_2.png
9,52.0,38.10660171779821,0.9893325277965428,0.6265060240963856,0.4500002612958816,-1.1930739662163385,9,20,128.15384615384616,1.044852131323548,livecell_phase__test-Huh7_Phase_A12_1_02d00h00m_2.png
10,130.0,78.46194077712559,0.9922939238583973,0.6951871657754011,0.26535979542284166,0.6782570152474198,30,25,128.96153846153845,3.319879159417718,livecell_phase__test-Huh7_Phase_A12_1_02d00h00m_2.png
11,267.0,102.97665940288701,0.9823461789558241,0.4810810810810811,0.31640513800931896,0.24386911265371,54,17,128.11610486891385,2.0784256043332006,livecell_phase__test-Huh7_Phase_A12_1_02d00h00m_2.png
12,36.0,21.44974746830583,0.9951359940315648,0.1945945945945946,0.9832591526890203,0.889595262811917,29,37,129.11111111111111,2.294652936451487,livecell_phase__test-Huh7_Phase_A12_1_02d00h00m_2.png
13,34.0,29.863961030678926,0.9873839132049395,0.5964912280701754,0.479064468023625,-0.9396685753638522,11,14,130.44117647058823,6.873611844757277,livecell_phase__test-Huh7_Phase_A12_1_02d00h00m_2.png
14,20.0,20.207106781186546,0.9628864872717791,0.7142857142857143,0.6155050022588962,0.430800613257349,10,5,128.55,10.317339773410586,livecell_phase__test-Huh7_Phase_A12_1_02d00h00m_2.png
15,58.0,39.76345596729059,0.9746773162546843,0.6904761904761905,0.460966761284861,0.8506894599000818,14,14,129.22413793103448,2.1094459433395256,livecell_phase__test-Huh7_Phase_A12_1_02d00h00m_2.png
16,42.0,27.071067811865476,0.9255809345495449,0.84,0.7201921460348348,-1.2563062316790652,6,12,127.80952380952381,1.0962728031639368,livecell_phase__test-Huh7_Phase_A12_1_02d00h00m_2.png
17,141.0,96.98275605729688,0.9977528067058965,0.5899581589958159,0.18838222981929117,-0.6812626947395078,42,35,128.03546099290782,1.8543081809771345,livecell_phase__test-Huh7_Phase_A12_1_02d00h00m_2.png
18,56.0,37.31370849898476,0.7856051543257511,0.8235294117647058,0.5054300536508278,-0.17083882896880087,11,7,127.0,8.90826261720785,livecell_phase__test-Huh7_Phase_A12_1_02d00h00m_2.png
19,120.0,57.17766952966369,0.9736781973636287,0.851063829787234,0.46125194404811204,1.3104457431503476,9,26,127.93333333333334,1.4418352502588114,livecell_phase__test-Huh7_Phase_A12_1_02d00h00m_2.png
20,70.0,59.520815280171306,0.9961989431424747,0.5072463768115942,0.24829625056362362,-1.5662119184211163,5,35,128.67142857142858,4.603481380034738,livecell_phase__test-Huh7_Phase_A12_1_02d00h00m_2.png
21,1.0,0.0,0,1.0,0.0,-0.7853981633974483,1,1,127.0,0.0,livecell_phase__test-Huh7_Phase_A12_1_02d00h00m_2.png
22,121.0,75.76955262170047,0.9910662752300232,0.5627906976744186,0.2648535438640687,0.7989006661171595,31,29,126.96694214876032,5.3827607962867585,livecell_phase__test-Huh7_Phase_A12_1_02d00h00m_2.png
23,71.0,52.00609665440988,0.9900372984975422,0.6635514018691588,0.32988281748464887,1.0677694178149508,13,24,128.35211267605635,1.2230024420333754,livecell_phase__test-Huh7_Phase_A12_1_02d00h00m_2.png
24,28.0,23.863961030678926,0.9863928143291006,0.3783783783783784,0.6178496899040542,0.7243746370392131,16,14,128.35714285714286,3.1533914363777313,livecell_phase__test-Huh7_Phase_A12_1_02d00h00m_2.png
25,14.0,10.621320343559642,0.9970938703936221,0.12389380530973451,1.5594838609362693,0.43594548060523636,28,15,123.28571428571429,14.384657359386033,livecell_phase__test-Huh7_Phase_A12_1_02d00h00m_2.png
26,5.0,0.0,0.9885392251425048,0.23809523809523808,0.0,0.32954502316710405,10,5,125.6,5.238320341483518,livecell_phase__test-Huh7_Phase_A12_1_02d00h00m_2.png
27,63.0,40.071067811865476,0.9679648050974496,0.42,0.49304729693755045,-1.275498764135569,10,22,128.38095238095238,2.0033984731392978,livecell_phase__test-Huh7_Phase_A12_1_02d00h00m_2.png
28,9.0,5.621320343559642,0.9959040201767683,0.14516129032258066,3.579115412957884,0.6042421779911453,19,14,129.33333333333334,2.0,livecell_phase__test-Huh7_Phase_A12_1_02d00h00m_2.png
29,10.0,8.82842712474619,0.8990961269790596,0.8333333333333334,1.612290114395414,1.0331740001403626,4,5,130.4,6.16765757804371,livecell_phase__test-Huh7_Phase_A12_1_02d00h00m_2.png
31,61.0,45.9350288425444,0.9883775593540576,0.580952380952381,0.3632885517446986,0.3400657604703918,22,11,131.45901639344262,11.956990918262143,livecell_phase__test-Huh7_Phase_A12_1_02d00h00m_2.png
32,87.0,57.4558441227157,0.9834090876959464,0.6744186046511628,0.3311774040233586,-0.5543723451954405,25,14,129.5977011494253,2.507275712181496,livecell_phase__test-Huh7_Phase_A12_1_02d00h00m_2.png
33,4.0,0.0,0.9265589639777236,0.26666666666666666,0.0,0.8828301232418844,5,6,136.25,4.14578098794425,livecell_phase__test-Huh7_Phase_A12_1_02d00h00m_2.png
34,28.0,21.82842712474619,0.9902393320516908,0.12556053811659193,0.7384532547244176,1.2821899745863605,15,45,128.17857142857142,6.861140947542238,livecell_phase__test-Huh7_Phase_A12_1_02d00h00m_2.png
35,48.0,36.31370849898476,0.9860805880734851,0.6575342465753424,0.4574144660106936,1.0499593073075304,10,20,127.5,7.047458170621991,livecell_phase__test-Huh7_Phase_A12_1_02d00h00m_2.png
36,206.0,75.21320343559643,0.9412803718155218,0.8619246861924686,0.457603051463464,-1.4159969887285087,11,33,131.7766990291262,12.341761167485041,livecell_phase__test-Huh7_Phase_A12_1_02d00h00m_2.png
37,184.0,106.49747468305833,0.9956965320892741,0.5974025974025974,0.2038680024521795,1.0587557412355846,25,47,128.27717391304347,1.2997995883036175,livecell_phase__test-Huh7_Phase_A12_1_02d00h00m_2.png
38,9.0,1.4142135623730951,0.9973254248148894,0.45,56.54866776461626,-0.76714144102401,11,11,128.55555555555554,2.0608041101101566,livecell_phase__test-Huh7_Phase_A12_1_02d00h00m_2.png
39,5.0,5.207106781186548,0.816496580927726,1.0,2.3173247538676778,0.3217505543966422,3,2,135.0,5.019960159204453,livecell_phase__test-Huh7_Phase_A12_1_02d00h00m_2.png
40,54.0,39.89949493661166,0.8816139078788068,0.3698630136986301,0.42625435320569777,-1.37263567845394,9,21,127.61111111111111,10.658706520556706,livecell_phase__test-Huh7_Phase_A12_1_02d00h00m_2.png
41,106.0,76.97665940288701,0.993668219001391,0.5492227979274611,0.22480067429206688,-0.6187866609913287,31,26,128.29245283018867,2.110025400598589,livecell_phase__test-Huh7_Phase_A12_1_02d00h00m_2.png
42,15.0,12.414213562373096,0.909687396154089,0.8823529411764706,1.2231020623630835,1.1046505230222192,4,6,133.46666666666667,9.817444790892496,livecell_phase__test-Huh7_Phase_A12_1_02d00h00m_2.png
43,11.0,9.207106781186548,0.9502043976208434,0.55,1.63063285755946,-0.9554689187398322,5,7,135.0,11.037127426019046,livecell_phase__test-Huh7_Phase_A12_1_02d00h00m_2.png
44,57.0,37.00609665440988,0.975599221215078,0.7702702702702703,0.5230439247929898,-0.8103704244925901,14,13,127.21052631578948,5.999230483125178,livecell_phase__test-Huh7_Phase_A12_1_02d00h00m_2.png
45,83.0,66.90559159102153,0.993425394948381,0.5460526315789473,0.23300386555753735,0.7235165202548232,27,21,128.59036144578315,6.228647660334133,livecell_phase__test-Huh7_Phase_A12_1_02d00h00m_2.png
46,25.0,24.621320343559645,0.9959182904828798,0.5434782608695652,0.5182355426144208,1.4516262731563354,4,19,128.2,6.4621977685614045,livecell_phase__test-Huh7_Phase_A12_1_02d00h00m_2.png
47,30.0,23.65685424949238,0.9724392917233535,0.6976744186046512,0.6736233461951046,0.6522480961221693,10,9,132.4,20.15705004872158,livecell_phase__test-Huh7_Phase_A12_1_02d00h00m_2.png
48,1.0,0.0,0,1.0,0.0,-0.7853981633974483,1,1,121.0,0.0,livecell_phase__test-Huh7_Phase_A12_1_02d00h00m_2.png
49,36.0,23.071067811865476,0.8883217268467821,0.8571428571428571,0.8499178950092349,1.2328113222700217,6,10,127.86111111111111,4.871417645464532,livecell_phase__test-Huh7_Phase_A12_1_02d00h00m_2.png
52,96.0,68.21320343559643,0.9955559114723331,0.5303867403314917,0.2592651874554396,-0.3981496855831297,36,18,133.84375,7.902172861783018,livecell_phase__test-Huh7_Phase_A12_1_02d00h00m_2.png
54,69.0,42.62741699796952,0.9555916919386734,0.6699029126213593,0.47717855740594883,0.7182443780397667,18,14,129.768115942029,6.202255147451906,livecell_phase__test-Huh7_Phase_A12_1_02d00h00m_2.png
55,85.0,48.9350288425444,0.9769973021120923,0.7798165137614679,0.4460556990015001,1.477777021393571,6,22,128.10588235294117,16.633080807914983,livecell_phase__test-Huh7_Phase_A12_1_02d00h00m_2.png
56,8.0,5.414213562373095,0.9947274108603932,0.12903225806451613,3.4294864096896895,0.606190467868322,19,15,128.0,1.4142135623730951,livecell_phase__test-Huh7_Phase_A12_1_02d00h00m_2.png
57,7.0,0.0,0.9863072720911621,0.034653465346534656,0.0,-0.18872495411246548,45,11,129.57142857142858,6.2986879100138875,livecell_phase__test-Huh7_Phase_A12_1_02d00h00m_2.png
58,389.0,176.18986283848346,0.9957474184899274,0.5797317436661699,0.1574699285410531,-0.2754178437547398,73,30,128.8637532133676,3.128679394980745,livecell_phase__test-Huh7_Phase_A12_1_02d00h00m_2.png
59,15.0,10.207106781186548,0.9949480339646979,0.0797872340425532,1.809238441544824,-1.4334581288358295,9,45,138.6,16.98548399859912,livecell_phase__test-Huh7_Phase_A12_1_02d00h00m_2.png
60,113.0,66.14823227814082,0.9821259662095857,0.6890243902439024,0.32452773748964536,-0.5318260163003389,24,18,128.53982300884957,2.1535539600714957,livecell_phase__test-Huh7_Phase_A12_1_02d00h00m_2.png
61,56.0,40.798989873223334,0.9759287519230843,0.7088607594936709,0.422765042862126,0.8758674809326527,13,15,128.25,2.2380635762704713,livecell_phase__test-Huh7_Phase_A12_1_02d00h00m_2.png
62,54.0,30.692388155425117,0.9784339219129218,0.17252396166134185,0.7203478428775383,-0.7162475629272883,31,34,127.5925925925926,3.200222900330066,livecell_phase__test-Huh7_Phase_A12_1_02d00h00m_2.png
63,13.0,10.621320343559642,0.8907219151786356,0.9285714285714286,1.4480921565836788,1.2990026326445683,3,6,127.38461538461539,5.328276695553517,livecell_phase__test-Huh7_Phase_A12_1_02d00h00m_2.png
64,7.0,6.82842712474619,0.9765432546803771,0.5384615384615384,1.8865422955842652,0.7975908679838076,5,6,139.42857142857142,6.477590885002648,livecell_phase__test-Huh7_Phase_A12_1_02d00h00m_2.png
65,13.0,10.82842712474619,0.836165849461683,1.0,1.3932288539364366,0.2595730571232615,5,3,128.92307692307693,1.7303418275695375,livecell_phase__test-Huh7_Phase_A12_1_02d00h00m_2.png
66,136.0,63.21320343559643,0.9649085339533787,0.6699507389162561,0.4276940154701701,1.1390048725372803,16,30,128.61764705882354,4.608270735270463,livecell_phase__test-Huh7_Phase_A12_1_02d00h00m_2.png
67,9.0,8.207106781186548,0.9502829948133152,0.9,1.6790831580707237,0.05532861058694782,6,2,134.88888888888889,5.839414819320406,livecell_phase__test-Huh7_Phase_A12_1_02d00h00m_2.png
68,20.0,17.035533905932738,0.9634123603122665,0.7407407407407407,0.8660208762994631,0.5967736335762689,8,6,128.35,4.530728418256826,livecell_phase__test-Huh7_Phase_A12_1_02d00h00m_2.png
69,69.0,37.071067811865476,0.9517588671481224,0.8961038961038961,0.6309410193657177,0.20007399294479544,17,6,126.6086956521739,8.696521695656521,livecell_phase__test-Huh7_Phase_A12_1_02d00h00m_2.png
70,62.0,52.14213562373095,0.9894232581908116,0.29523809523809524,0.286565513045456,-0.6974041299106127,29,27,127.7258064516129,2.0648311251630846,livecell_phase__test-Huh7_Phase_A12_1_02d00h00m_2.png
71,38.0,31.349242404917497,0.9826267565426182,0.7916666666666666,0.4858915658777569,0.7214767378730677,13,11,128.10526315789474,1.9165412058982234,livecell_phase__test-Huh7_Phase_A12_1_02d00h00m_2.png
72,23.0,18.65685424949238,0.9461708258528062,0.8214285714285714,0.8303493738549313,-0.9176299284527444,6,9,131.34782608695653,11.468704849558035,livecell_phase__test-Huh7_Phase_A12_1_02d00h00m_2.png
73,91.0,46.62741699796952,0.9646124240398082,0.8125,0.5259791646546375,-0.8201471677204853,19,17,128.86813186813185,3.2385344372558573,livecell_phase__test-Huh7_Phase_A12_1_02d00h00m_2.png
74,2.0,0.0,1.0,1.0,0.0,0.0,2,1,133.5,1.5,livecell_phase__test-Huh7_Phase_A12_1_02d00h00m_2.png
75,67.0,57.798989873223334,0.99413249459543,0.44666666666666666,0.2520253170060071,0.8384698317080596,25,27,127.8955223880597,2.9882073114270264,livecell_phase__test-Huh7_Phase_A12_1_02d00h00m_2.png
76,173.0,89.11879502661796,0.9919658659570817,0.7828054298642534,0.27372682222282624,1.048765055950781,21,37,130.36994219653178,4.652256397925042,livecell_phase__test-Huh7_Phase_A12_1_02d00h00m_2.png
77,3.0,3.414213562373095,0.816496580927726,1.0,3.2340725067158833,0.7853981633974483,2,2,129.66666666666666,2.494438257849294,livecell_phase__test-Huh7_Phase_A12_1_02d00h00m_2.png
78,36.0,29.520815280171306,0.9726773402976567,0.72,0.5191055476973268,-1.0284706618735884,9,12,133.44444444444446,5.619630496178574,livecell_phase__test-Huh7_Phase_A12_1_02d00h00m_2.png
79,1.0,0.0,0,1.0,0.0,-0.7853981633974483,1,1,134.0,0.0,livecell_phase__test-Huh7_Phase_A12_1_02d00h00m_2.png
80,109.0,77.87005768508881,0.9780437047382586,0.3920863309352518,0.2258891489181127,-0.9676222138356187,23,36,128.71559633027522,2.534502260525799,livecell_phase__test-Huh7_Phase_A12_1_02d00h00m_2.png
81,4.0,3.2071067811865475,0.9128709291752769,0.8,4.887007608661263,1.2490457723982544,2,3,121.25,4.437059837324712,livecell_phase__test-Huh7_Phase_A12_1_02d00h00m_2.png
1,7.0,0.0,0.9917779192750346,0.1794871794871795,0.0,-0.5479097235080588,15,10,123.0,7.050835816716038,livecell_phase__test-Huh7_Phase_A12_1_02d00h00m_4.png
2,13.0,11.207106781186548,0.9725490943433789,0.41935483870967744,1.3006672242497,-0.7858598437833216,9,9,125.76923076923077,12.242133085586314,livecell_phase__test-Huh7_Phase_A12_1_02d00h00m_4.png
3,5.0,0.0,0.9994351657660615,0.22727272727272727,0.0,-0.36372133031945264,17,7,130.8,1.7204650534085253,livecell_phase__test-Huh7_Phase_A12_1_02d00h00m_4.png
4,44.0,36.65685424949238,0.9890771228202075,0.39285714285714285,0.4114832440148782,1.2296962682994195,9,28,127.8409090909091,1.0859261195818446,livecell_phase__test-Huh7_Phase_A12_1_02d00h00m_4.png
5,1.0,0.0,0,1.0,0.0,-0.7853981633974483,1,1,149.0,0.0,livecell_phase__test-Huh7_Phase_A12_1_02d00h00m_4.png
6,38.0,30.106601717798213,0.9575113182155252,0.76,0.5268293794282487,-0.7933161837680976,10,11,127.05263157894737,4.006227838733698,livecell_phase__test-Huh7_Phase_A12_1_02d00h00m_4.png
7,24.0,19.414213562373096,0.9709236381770572,0.5333333333333333,0.8001685916098034,1.1385439710099872,7,12,128.79166666666666,5.115166718256166,livecell_phase__test-Huh7_Phase_A12_1_02d00h00m_4.png
8,1.0,0.0,0,1.0,0.0,-0.7853981633974483,1,1,133.0,0.0,livecell_phase__test-Huh7_Phase_A12_1_02d00h00m_4.png
10,6.0,0.0,0.9958534263309701,0.5,0.0,-1.175394568715898,4,8,127.16666666666667,8.434387285919996,livecell_phase__test-Huh7_Phase_A12_1_02d00h00m_4.png
12,8.0,2.8284271247461903,0.9996402111452201,0.32,12.566370614359169,-0.8969563575490298,14,17,127.5,1.4142135623730951,livecell_phase__test-Huh7_Phase_A12_1_02d00h00m_4.png
13,39.0,30.556349186104047,0.9774297505414282,0.8297872340425532,0.5248939201762027,-0.8494148619924833,11,12,127.1025641025641,4.124938985064657,livecell_phase__test-Huh7_Phase_A12_1_02d00h00m_4.png
15,6.0,6.414213562373095,0.9128709291752768,1.0,1.8326278532479736,-1.2490457723982544,2,4,128.66666666666666,1.1055415967851334,livecell_phase__test-Huh7_Phase_A12_1_02d00h00m_4.png
16,73.0,69.10660171779821,0.9879700777464943,0.26258992805755393,0.19208508741201474,0.6703996318582202,33,32,128.43835616438355,3.2896112997258387,livecell_phase__test-Huh7_Phase_A12_1_02d00h00m_4.png
17,37.0,30.242640687119284,0.9920439587459107,0.4805194805194805,0.5083609338404913,-1.1625173975288536,10,20,129.48648648648648,7.228403515642476,livecell_phase__test-Huh7_Phase_A12_1_02d00h00m_4.png
18,21.0,19.071067811865476,0.9505179418456823,0.7777777777777778,0.7255696996676029,-0.8117635658135215,7,8,123.66666666666667,8.102517735296459,livecell_phase__test-Huh7_Phase_A12_1_02d00h00m_4.png
19,49.0,43.14213562373095,0.9929123743382341,0.32450331125827814,0.3308283085808396,-1.003325474650019,19,32,135.22448979591837,15.101378915445274,livecell_phase__test-Huh7_Phase_A12_1_02d00h00m_4.png
20,2.0,0.0,1.0,1.0,0.0,1.5707963267948966,1,2,128.0,1.0,livecell_phase__test-Huh7_Phase_A12_1_02d00h00m_4.png
21,25.0,19.242640687119284,0.9584927119726678,0.423728813559322,0.8484388209481362,0.32281665086208355,16,6,126.96,9.202086719869575,livecell_phase__test-Huh7_Phase_A12_1_02d00h00m_4.png
24,137.0,69.94112549695429,0.9825881112627067,0.7172774869109948,0.3519372188409539,-0.5623622825161384,26,18,128.36496350364965,3.184991978604892,livecell_phase__test-Huh7_Phase_A12_1_02d00h00m_4.png
25,89.0,62.526911934581186,0.9925550621441294,0.6180555555555556,0.2860657803643658,-0.7463812719446566,24,24,129.02247191011236,2.759976909567504,livecell_phase__test-Huh7_Phase_A12_1_02d00h00m_4.png
26,78.0,57.21320343559643,0.9893453887371094,0.6446280991735537,0.2994414633548837,0.9990853759448828,17,21,127.83333333333333,1.3437096247164246,livecell_phase__test-Huh7_Phase_A12_1_02d00h00m_4.png
27,62.0,37.798989873223334,0.9731277081271045,0.8051948051948052,0.5453071164234193,-0.6065214772417026,16,12,128.58064516129033,1.5917973924484294,livecell_phase__test-Huh7_Phase_A12_1_02d00h00m_4.png
28,1.0,0.0,0,1.0,0.0,-0.7853981633974483,1,1,117.0,0.0,livecell_phase__test-Huh7_Phase_A12_1_02d00h00m_4.png
29,60.0,39.55634918610404,0.9688772839980677,0.7142857142857143,0.4818686922202305,0.884244950134746,13,15,128.83333333333334,3.70210150530149,livecell_phase__test-Huh7_Phase_A12_1_02d00h00m_4.png
31,68.0,50.03553390593274,0.9874818619941481,0.6538461538461539,0.34131997105257456,1.3986636623420206,6,26,128.13235294117646,1.3162380859715075,livecell_phase__test-Huh7_Phase_A12_1_02d00h00m_4.png
33,5.0,2.621320343559643,0.7888954830250753,0.45454545454545453,9.144072744430689,0.16087527719832112,5,3,129.4,2.244994432064365,livecell_phase__test-Huh7_Phase_A12_1_02d00h00m_4.png
34,122.0,69.84062043356595,0.9888206670097989,0.7305389221556886,0.3143066118770552,-0.6420950473436905,27,21,128.49180327868854,2.4234033162954676,livecell_phase__test-Huh7_Phase_A12_1_02d00h00m_4.png
35,24.0,20.071067811865476,0.982751319931778,0.5454545454545454,0.7486522760296167,-0.9831800255325435,9,13,127.04166666666667,7.497105923102743,livecell_phase__test-Huh7_Phase_A12_1_02d00h00m_4.png
36,54.0,32.65685424949238,0.8677859383887377,0.6585365853658537,0.6362897510415803,0.49067602595310683,11,10,128.59259259259258,6.977526141566323,livecell_phase__test-Huh7_Phase_A12_1_02d00h00m_4.png
37,30.0,20.65685424949238,0.9701387175700558,0.6818181818181818,0.8834922582412614,0.7820278066255762,10,11,130.06666666666666,3.92371705854991,livecell_phase__test-Huh7_Phase_A12_1_02d00h00m_4.png
38,1.0,0.0,0,1.0,0.0,-0.7853981633974483,1,1,119.0,0.0,livecell_phase__test-Huh7_Phase_A12_1_02d00h00m_4.png
39,42.0,37.27817459305203,0.9929754956567952,0.5121951219512195,0.3797955556735339,0.746032484539086,17,17,127.83333333333333,8.161806133759816,livecell_phase__test-Huh7_Phase_A12_1_02d00h00m_4.png
40,1.0,0.0,0,1.0,0.0,-0.7853981633974483,1,1,129.0,0.0,livecell_phase__test-Huh7_Phase_A12_1_02d00h00m_4.png
41,52.0,32.14213562373095,0.9582397927169016,0.9122807017543859,0.6325046885249922,-1.178829280413607,7,14,126.65384615384616,9.082706762313617,livecell_phase__test-Huh7_Phase_A12_1_02d00h00m_4.png
42,49.0,42.3492424049175,0.9926852697849555,0.6712328767123288,0.3433322921553892,-0.8043248805170586,18,16,128.6122448979592,3.231328320603648,livecell_phase__test-Huh7_Phase_A12_1_02d00h00m_4.png
43,20.0,15.621320343559644,0.948211930415377,0.6060606060606061,1.029922112830079,1.2313613512865496,6,10,128.5,2.9068883707497264,livecell_phase__test-Huh7_Phase_A12_1_02d00h00m_4.png
44,7.0,4.414213562373095,0.9907300108967619,0.3181818181818182,4.5144123203071596,-1.2215171810092773,5,11,144.57142857142858,27.14962321683906,livecell_phase__test-Huh7_Phase_A12_1_02d00h00m_4.png
45,11.0,8.621320343559642,0.997783477426529,0.0990990990990991,1.8597517845668707,1.477221788481125,6,34,122.81818181818181,7.505369978381924,livecell_phase__test-Huh7_Phase_A12_1_02d00h00m_4.png
46,25.0,22.242640687119284,0.9626649457108654,0.78125,0.635005051696576,1.1908198432469113,5,11,137.32,12.559363041173706,livecell_phase__test-Huh7_Phase_A12_1_02d00h00m_4.png
47,103.0,63.148232278140824,0.9885974987079134,0.6204819277108434,0.32458219525261267,-0.6449245181734917,27,21,127.75728155339806,5.0463213928900075,livecell_phase__test-Huh7_Phase_A12_1_02d00h00m_4.png
48,67.0,46.520815280171306,0.9939054401743579,0.5275590551181102,0.38903621602661487,0.7630849974573645,23,22,128.71641791044777,3.326985862583199,livecell_phase__test-Huh7_Phase_A12_1_02d00h00m_4.png
49,7.0,7.65685424949238,0.8329931278350429,1.0,1.5004003042392393,1.0303768265243125,3,4,127.42857142857143,1.498298354528788,livecell_phase__test-Huh7_Phase_A12_1_02d00h00m_4.png
50,9.0,8.035533905932738,0.9220355298098003,0.9,1.751551445146132,-0.4682067531594038,5,3,122.55555555555556,10.802377424654786,livecell_phase__test-Huh7_Phase_A12_1_02d00h00m_4.png
52,28.0,27.72792206135785,0.9897628331469469,0.7,0.45764976752003106,-0.8041607871782589,12,11,126.96428571428571,1.880010312607408,livecell_phase__test-Huh7_Phase_A12_1_02d00h00m_4.png
53,20.0,15.035533905932738,0.969903814780665,0.30303030303030304,1.111737233574911,-1.2290594086987014,9,15,129.75,5.136876482844414,livecell_phase__test-Huh7_Phase_A12_1_02d00h00m_4.png
54,1.0,0.0,0,1.0,0.0,-0.7853981633974483,1,1,129.0,0.0,livecell_phase__test-Huh7_Phase_A12_1_02d00h00m_4.png
56,15.0,11.242640687119286,0.9970312584742268,0.1744186046511628,1.4912980887324512,-0.773741962089806,23,22,127.46666666666667,1.6679994670929073,livecell_phase__test-Huh7_Phase_A12_1_02d00h00m_4.png
57,15.0,14.414213562373096,0.9748464956017716,0.5357142857142857,0.9072337926173123,-0.8397964463418611,9,9,127.93333333333334,5.052612085732378,livecell_phase__test-Huh7_Phase_A12_1_02d00h00m_4.png
58,69.0,46.55634918610404,0.9883073425340627,0.3520408163265306,0.4000378836521252,-1.113859678921421,19,37,128.69565217391303,5.981382584164589,livecell_phase__test-Huh7_Phase_A12_1_02d00h00m_4.png
59,11.0,10.621320343559642,0.9822907969962953,0.6470588235294118,1.2253087478784972,-0.7592212326358108,7,6,128.0,5.908391567007971,livecell_phase__test-Huh7_Phase_A12_1_02d00h00m_4.png
61,102.0,63.4558441227157,0.9861160863128451,0.723404255319149,0.3183220949896382,-0.35731483525662394,28,11,133.4607843137255,10.456887746630748,livecell_phase__test-Huh7_Phase_A12_1_02d00h00m_4.png
62,27.0,20.82842712474619,0.9772400384818484,0.8709677419354839,0.7820971044303412,-1.5274546499239403,3,14,117.0,13.907099172991016,livecell_phase__test-Huh7_Phase_A12_1_02d00h00m_4.png
63,8.0,7.0,0.9422323684941285,0.8888888888888888,2.0516523452014974,-1.419353892607411,2,5,132.125,3.018174116912409,livecell_phase__test-Huh7_Phase_A12_1_02d00h00m_4.png
64,65.0,31.14213562373095,0.9237055780511386,0.7926829268292683,0.8422217200109501,0.7763012404973132,14,12,142.12307692307692,23.348534918496206,livecell_phase__test-Huh7_Phase_A12_1_02d00h00m_4.png
65,38.0,27.692388155425114,0.9639819864593668,0.4523809523809524,0.6226910734138061,-0.6662511465198155,13,14,128.18421052631578,1.3149997630156829,livecell_phase__test-Huh7_Phase_A12_1_02d00h00m_4.png
66,27.0,16.863961030678926,0.9835859744810305,0.46551724137931033,1.1930384709859614,1.2045553806803668,8,16,128.5185185185185,2.0434243295012924,livecell_phase__test-Huh7_Phase_A12_1_02d00h00m_4.png
67,68.0,51.59188309203678,0.9847034333231673,0.5230769230769231,0.32103768652247106,-0.590469501291373,26,18,128.2941176470588,1.5440476174596103,livecell_phase__test-Huh7_Phase_A12_1_02d00h00m_4.png
68,7.0,6.449747468305833,0.993154862805382,0.7,2.1145720261991072,0.7200788762354308,6,6,109.42857142857143,26.612870907874328,livecell_phase__test-Huh7_Phase_A12_1_02d00h00m_4.png
69,22.0,20.621320343559642,0.9733527858159965,0.6875,0.650129102157393,0.9097923457123208,7,9,132.45454545454547,16.453038605037154,livecell_phase__test-Huh7_Phase_A12_1_02d00h00m_4.png
71,8.0,5.207106781186548,0.9925757329906237,0.42105263157894735,3.7077196061882844,0.9826048480084142,6,9,125.5,11.779218989389747,livecell_phase__test-Huh7_Phase_A12_1_02d00h00m_4.png
72,51.0,31.106601717798213,0.9589729486938876,0.796875,0.6623307262004816,0.29888516775902996,15,7,126.92156862745098,8.82697100636742,livecell_phase__test-Huh7_Phase_A12_1_02d00h00m_4.png
73,19.0,17.82842712474619,0.9889519016613836,0.4318181818181818,0.751168564033339,0.4586275243080768,14,7,135.10526315789474,7.253998801692653,livecell_phase__test-Huh7_Phase_A12_1_02d00h00m_4.png
74,11.0,5.621320343559642,0.9995357320753707,0.06918238993710692,4.374474393615191,1.154409811317595,27,59,128.1818181818182,1.2662171161076472,livecell_phase__test-Huh7_Phase_A12_1_02d00h00m_4.png
75,49.0,30.52081528017131,0.9892656233372519,0.7205882352941176,0.6610186048537584,-0.669377128671032,17,13,128.3673469387755,2.876320477950672,livecell_phase__test-Huh7_Phase_A12_1_02d00h00m_4.png
77,79.0,67.38477631085023,0.9982564911415013,0.3147410358565737,0.21863182159693945,-1.0399019876812114,28,47,128.7594936708861,15.810759987717242,livecell_phase__test-Huh7_Phase_A12_1_02d00h00m_4.png
78,48.0,36.97056274847714,0.9873709566638486,0.6956521739130435,0.44130513296574403,-0.8871749140158057,13,16,129.54166666666666,3.3724270027517114,livecell_phase__test-Huh7_Phase_A12_1_02d00h00m_4.png
79,117.0,67.11269837220809,0.990872681221376,0.7358490566037735,0.3264271884696406,-1.0896059445727233,15,31,129.1196581196581,10.076767214238673,livecell_phase__test-Huh7_Phase_A12_1_02d00h00m_4.png
80,1.0,0.0,0,1.0,0.0,-0.7853981633974483,1,1,173.0,0.0,livecell_phase__test-Huh7_Phase_A12_1_02d00h00m_4.png
81,118.0,54.86396103067893,0.9792054462786297,0.9752066115702479,0.4926262532594101,1.570452055260078,5,26,134.28813559322035,18.09162260242,livecell_phase__test-Huh7_Phase_A12_1_02d00h00m_4.png
82,32.0,22.65685424949238,0.9875073839923645,0.41025641025641024,0.7833586089605684,-0.835112523235926,20,20,128.34375,4.384699070346789,livecell_phase__test-Huh7_Phase_A12_1_02d00h00m_4.png
83,6.0,2.0,0.9952366167088058,0.3157894736842105,18.84955592153876,-1.1271441141115548,5,11,157.33333333333334,10.143416036468626,livecell_phase__test-Huh7_Phase_A12_1_02d00h00m_4.png
84,36.0,27.65685424949238,0.8851130043655372,0.7346938775510204,0.5914347019522396,-0.3293721611627754,11,6,124.13888888888889,16.09719226341762,livecell_phase__test-Huh7_Phase_A12_1_02d00h00m_4.png
85,6.0,6.0,0.7905694150420949,1.0,2.0943951023931953,0.0,3,2,126.33333333333333,24.70267641819854,livecell_phase__test-Huh7_Phase_A12_1_02d00h00m_4.png
87,6.0,5.0,0.9252741613028527,0.8571428571428571,3.015928947446201,-0.22572654577627715,4,2,136.83333333333334,22.59363233794474,livecell_phase__test-Huh7_Phase_A12_1_02d00h00m_4.png
88,1.0,0.0,0,1.0,0.0,-0.7853981633974483,1,1,147.0,0.0,livecell_phase__test-Huh7_Phase_A12_1_02d00h00m_4.png
89,29.0,24.106601717798213,0.9778598052032299,0.6304347826086957,0.627098665546146,-1.0494232862008164,8,13,122.13793103448276,18.731725140890372,livecell_phase__test-Huh7_Phase_A12_1_02d00h00m_4.png
90,21.0,18.82842712474619,0.9690330750755326,0.7,0.7443909340931951,-0.515457838820733,9,6,126.71428571428571,10.606120681868907,livecell_phase__test-Huh7_Phase_A12_1_02d00h00m_4.png
91,32.0,25.520815280171306,0.966699268226591,0.7804878048780488,0.6174058698473545,1.116510514337304,7,11,129.15625,2.0783012143334756,livecell_phase__test-Huh7_Phase_A12_1_02d00h00m_4.png
92,1.0,0.0,0,1.0,0.0,-0.7853981633974483,1,1,135.0,0.0,livecell_phase__test-Huh7_Phase_A12_1_02d00h00m_4.png
93,58.0,44.3492424049175,0.9858350487690608,0.6987951807228916,0.3705658951791794,-0.4018735838329201,20,9,128.08620689655172,6.594889564730173,livecell_phase__test-Huh7_Phase_A12_1_02d00h00m_4.png
94,50.0,36.38477631085024,0.9876086437534073,0.5319148936170213,0.47461389625277556,-0.6118928172889706,19,16,124.68,19.615748774900233,livecell_phase__test-Huh7_Phase_A12_1_02d00h00m_4.png
95,8.0,6.207106781186548,0.9800022485739697,0.47058823529411764,2.609284399707912,0.9254351459789716,6,8,125.625,1.653594569415369,livecell_phase__test-Huh7_Phase_A12_1_02d00h00m_4.png
96,4.0,1.0,0.9831126152335107,0.4444444444444444,50.26548245743669,0.5939488048744767,6,4,146.0,17.219175357722563,livecell_phase__test-Huh7_Phase_A12_1_02d00h00m_4.png
97,53.0,35.9350288425444,0.9879004949857417,0.452991452991453,0.5157624712178943,-1.2609667803903217,12,27,129.20754716981133,3.872293896563111,livecell_phase__test-Huh7_Phase_A12_1_02d00h00m_4.png
98,116.0,77.25483399593904,0.994298955656791,0.49572649572649574,0.2442398507676058,-0.8568021743949731,31,31,128.61206896551724,2.223586539510445,livecell_phase__test-Huh7_Phase_A12_1_02d00h00m_4.png
99,33.0,24.242640687119284,0.9293185858983228,0.8048780487804879,0.7056087450593592,1.2136726525978079,6,10,124.6969696969697,13.905492371361426,livecell_phase__test-Huh7_Phase_A12_1_02d00h00m_4.png
1,175.0,86.56244584051392,0.9858979055630828,0.4107981220657277,0.2934870038677097,-0.699796441534645,48,41,131.55428571428573,9.53886315050602,livecell_phase__test-Huh7_Phase_A12_1_02d16h00m_4.png
4,29.0,24.65685424949238,0.9859706752680129,0.3625,0.5994217895829046,-0.6084704818719788,18,14,129.82758620689654,7.795086717428071,livecell_phase__test-Huh7_Phase_A12_1_02d16h00m_4.png
5,36.0,35.89949493661166,0.9937582028137203,0.42857142857142855,0.3510230921325029,-1.1157255415270728,12,20,127.77777777777777,2.5507200629442215,livecell_phase__test-Huh7_Phase_A12_1_02d16h00m_4.png
6,4.0,1.2071067811865475,0.9968051775664546,0.3076923076923077,34.496773404969424,-0.7451626577647179,8,8,130.5,8.200609733428363,livecell_phase__test-Huh7_Phase_A12_1_02d16h00m_4.png
7,13.0,7.414213562373095,0.976996841475435,0.2708333333333333,2.971823641939975,0.4850237204923097,15,10,131.84615384615384,6.9264948827633415,livecell_phase__test-Huh7_Phase_A12_1_02d16h00m_4.png
8,5.0,3.414213562373095,0.9797894694543355,0.38461538461538464,5.390120844526472,-0.7417593069227176,6,6,126.6,4.079215610874227,livecell_phase__test-Huh7_Phase_A12_1_02d16h00m_4.png
9,6.0,6.0,0.7905694150420949,1.0,2.0943951023931953,0.0,3,2,128.5,1.8929694486000912,livecell_phase__test-Huh7_Phase_A12_1_02d16h00m_4.png
10,24.0,15.863961030678928,0.9320257141805361,0.6486486486486487,1.1983890634904024,-0.672402112953695,10,9,126.29166666666667,11.677896381150541,livecell_phase__test-Huh7_Phase_A12_1_02d16h00m_4.png
11,41.0,32.48528137423857,0.9896240597029077,0.4880952380952381,0.4882254958238794,-1.147120547465587,11,26,122.63414634146342,22.772208241049135,livecell_phase__test-Huh7_Phase_A12_1_02d16h00m_4.png
12,32.0,24.727922061357855,0.9673489663318727,0.7804878048780488,0.6576345111188628,-0.965657697170099,8,11,123.53125,17.394295715478105,livecell_phase__test-Huh7_Phase_A12_1_02d16h00m_4.png
13,1.0,0.0,0,1.0,0.0,-0.7853981633974483,1,1,128.0,0.0,livecell_phase__test-Huh7_Phase_A12_1_02d16h00m_4.png
14,5.0,5.621320343559642,0.787091262435293,0.8333333333333334,1.988397451643269,0.5951449748412658,3,3,128.2,0.9797958971132712,livecell_phase__test-Huh7_Phase_A12_1_02d16h00m_4.png
15,2.0,0.0,1.0,1.0,0.0,1.5707963267948966,1,2,112.5,0.5,livecell_phase__test-Huh7_Phase_A12_1_02d16h00m_4.png
16,241.0,136.57463914933368,0.9909869488910791,0.501039501039501,0.16236289380063781,-0.587737303669213,50,42,128.49377593360995,2.6902626504149163,livecell_phase__test-Huh7_Phase_A12_1_02d16h00m_4.png
17,4.0,2.0,1.0,1.0,12.566370614359172,0.0,4,1,120.5,14.430869689661812,livecell_phase__test-Huh7_Phase_A12_1_02d16h00m_4.png
18,78.0,65.04163056034261,0.9968601657931557,0.43333333333333335,0.23169764851646923,-0.9252710479117715,25,33,130.17948717948718,21.34199158619505,livecell_phase__test-Huh7_Phase_A12_1_02d16h00m_4.png
21,6.0,2.414213562373095,0.995859070803529,0.375,12.936290026863533,-0.9472596326107925,6,9,126.33333333333333,6.523461930260309,livecell_phase__test-Huh7_Phase_A12_1_02d16h00m_4.png
23,36.0,31.899494936611664,0.9887687769898691,0.6792452830188679,0.4445747069643047,-0.8138075836025416,13,13,128.33333333333334,2.9907264074877267,livecell_phase__test-Huh7_Phase_A12_1_02d16h00m_4.png
25,39.0,29.899494936611664,0.9815912935045827,0.7647058823529411,0.5482097641915532,-1.185610634014106,7,14,123.66666666666667,11.429456620175722,livecell_phase__test-Huh7_Phase_A12_1_02d16h00m_4.png
27,62.0,48.3492424049175,0.9930826434871115,0.49206349206349204,0.333289941186312,0.9022203765048024,20,25,128.53225806451613,1.8983672265794866,livecell_phase__test-Huh7_Phase_A12_1_02d16h00m_4.png
28,34.0,26.035533905932738,0.9998037110418908,0.09714285714285714,0.6303123330520085,1.1985375734289792,39,96,128.41176470588235,3.1070853285280604,livecell_phase__test-Huh7_Phase_A12_1_02d16h00m_4.png
29,29.0,20.44974746830583,0.9642964283326216,0.32954545454545453,0.8714289090922948,-0.3787558343919762,18,9,128.44827586206895,2.429505510870143,livecell_phase__test-Huh7_Phase_A12_1_02d16h00m_4.png
30,21.0,17.485281374238568,0.9917023911557659,0.328125,0.8631452958435077,0.4651361082878159,18,10,127.23809523809524,1.4443572274383905,livecell_phase__test-Huh7_Phase_A12_1_02d16h00m_4.png
31,5.0,1.2071067811865475,0.9963512049108401,0.13157894736842105,43.12096675621178,1.4479882193741138,4,18,128.6,10.96540012949824,livecell_phase__test-Huh7_Phase_A12_1_02d16h00m_4.png
32,73.0,56.45584412271571,0.9948802673052491,0.6134453781512605,0.28781598696773725,-0.7003751673094574,25,22,129.72602739726028,3.0844740408760827,livecell_phase__test-Huh7_Phase_A12_1_02d16h00m_4.png
33,33.0,26.27817459305202,0.9713400715945337,0.7333333333333333,0.6005282141638734,1.0998392970181967,7,12,128.5151515151515,4.520131481871605,livecell_phase__test-Huh7_Phase_A12_1_02d16h00m_4.png
34,13.0,11.82842712474619,0.9786543365768253,0.6190476190476191,1.1676138000715148,-0.8479726435171462,6,8,127.15384615384616,6.881928998875397,livecell_phase__test-Huh7_Phase_A12_1_02d16h00m_4.png
35,11.0,8.0,0.9981863494763682,0.19642857142857142,2.1598449493429825,0.3969881060136345,26,11,131.72727272727272,4.84469548889972,livecell_phase__test-Huh7_Phase_A12_1_02d16h00m_4.png
36,11.0,9.414213562373096,0.7084437526351622,1.0,1.5596762428619324,-0.2630332094983816,4,3,128.8181818181818,34.37974610361107,livecell_phase__test-Huh7_Phase_A12_1_02d16h00m_4.png
37,150.0,66.0,0.9865615392590938,1.0,0.43272626082504034,1.5707963267948966,5,30,128.34666666666666,2.157117418119736,livecell_phase__test-Huh7_Phase_A12_1_02d16h00m_4.png
38,29.0,23.449747468305834,0.9903971990345767,0.4264705882352941,0.6627222041748907,-1.4348570010481771,5,20,127.86206896551724,6.616198189141736,livecell_phase__test-Huh7_Phase_A12_1_02d16h00m_4.png
39,27.0,27.071067811865476,0.9906923449905449,0.38571428571428573,0.46298066530810805,-0.6335561041718215,17,14,125.29629629629629,19.7124040941603,livecell_phase__test-Huh7_Phase_A12_1_02d16h00m_4.png
40,42.0,26.727922061357855,0.9318259127201557,0.8571428571428571,0.73880318999302,-0.859968234836767,9,11,127.92857142857143,1.2610059692252724,livecell_phase__test-Huh7_Phase_A12_1_02d16h00m_4.png
41,15.0,9.414213562373096,0.9991940261336779,0.16304347826086957,2.1268312402662715,-0.9624786307732883,21,32,130.8,12.952219886953744,livecell_phase__test-Huh7_Phase_A12_1_02d16h00m_4.png
43,1.0,0.0,0,1.0,0.0,-0.7853981633974483,1,1,115.0,0.0,livecell_phase__test-Huh7_Phase_A12_1_02d16h00m_4.png
44,86.0,60.66295090390226,0.9953307881966035,0.5695364238410596,0.29367112736348117,-0.9736405927636471,24,33,127.29069767441861,4.6602382389190105,livecell_phase__test-Huh7_Phase_A12_1_02d16h00m_4.png
45,219.0,98.04163056034261,0.9859197051528398,0.7156862745098039,0.28630763384915553,1.4442954996603505,11,44,129.72602739726028,4.428818886547857,livecell_phase__test-Huh7_Phase_A12_1_02d16h00m_4.png
46,69.0,46.62741699796952,0.9809716629084663,0.71875,0.39881936660626355,0.948192436945569,12,21,127.6376811594203,2.0918822707247577,livecell_phase__test-Huh7_Phase_A12_1_02d16h00m_4.png
48,16.0,13.207106781186548,0.7876480070835765,0.8888888888888888,1.1526951565190382,0.17938533513528612,5,4,130.875,10.036651583072912,livecell_phase__test-Huh7_Phase_A12_1_02d16h00m_4.png
50,99.0,80.44974746830583,0.958653502399909,0.36531365313653136,0.1922187232410699,-1.465213185162088,10,32,128.0909090909091,3.111045519444993,livecell_phase__test-Huh7_Phase_A12_1_02d16h00m_4.png
51,80.0,61.49137802864844,0.9905262252451572,0.6015037593984962,0.2658712635382738,0.8658561550474503,18,26,129.325,3.1810965090672743,livecell_phase__test-Huh7_Phase_A12_1_02d16h00m_4.png
53,2.0,0.0,1.0,1.0,0.0,-0.7853981633974483,2,2,144.5,10.5,livecell_phase__test-Huh7_Phase_A12_1_02d16h00m_4.png
54,77.0,59.31370849898476,0.9934165709948866,0.36666666666666664,0.2750365630160794,1.0073335370603929,26,40,127.98701298701299,1.8054283694552757,livecell_phase__test-Huh7_Phase_A12_1_02d16h00m_4.png
55,16.0,14.035533905932738,0.9344816609321516,0.8421052631578947,1.0206385582919322,-1.026585092108302,5,7,126.1875,10.069873075168326,livecell_phase__test-Huh7_Phase_A12_1_02d16h00m_4.png
56,1.0,0.0,0,1.0,0.0,-0.7853981633974483,1,1,148.0,0.0,livecell_phase__test-Huh7_Phase_A12_1_02d16h00m_4.png
57,11.0,6.621320343559642,0.9745196986990224,0.08943089430894309,3.152922890373254,0.6600467757663433,22,20,130.1818181818182,4.549089455707929,livecell_phase__test-Huh7_Phase_A12_1_02d16h00m_4.png
58,2.0,0.0,1.0,1.0,0.0,0.0,2,1,127.0,1.0,livecell_phase__test-Huh7_Phase_A12_1_02d16h00m_4.png
59,4.0,0.0,0.9986996944830183,0.3333333333333333,0.0,1.1720734401690796,4,9,136.5,10.161200716450788,livecell_phase__test-Huh7_Phase_A12_1_02d16h00m_4.png
60,6.0,6.0,0.7905694150420949,1.0,2.0943951023931953,0.0,3,2,128.66666666666666,1.3743685418725535,livecell_phase__test-Huh7_Phase_A12_1_02d16h00m_4.png
61,122.0,89.49747468305833,0.9966840333574839,0.6321243523316062,0.19140273197962035,-0.9872253187524239,26,38,128.61475409836066,2.0503766999416304,livecell_phase__test-Huh7_Phase_A12_1_02d16h00m_4.png
63,3.0,1.0,1.0,1.0,37.69911184307752,1.5707963267948966,1,3,131.0,21.602468994692867,livecell_phase__test-Huh7_Phase_A12_1_02d16h00m_4.png
64,49.0,36.17766952966369,0.9838741686761574,0.7538461538461538,0.47046223715935964,0.6018806745226893,17,11,127.0204081632653,9.36665774886769,livecell_phase__test-Huh7_Phase_A12_1_02d16h00m_4.png
65,30.0,20.414213562373096,0.979821600850616,0.4,0.904619220772412,1.2246244279638612,8,21,128.0,1.61245154965971,livecell_phase__test-Huh7_Phase_A12_1_02d16h00m_4.png
66,60.0,42.384776310850235,0.9684255253365764,0.5084745762711864,0.419702275136998,0.9726867867123418,14,21,132.46666666666667,11.605267003486919,livecell_phase__test-Huh7_Phase_A12_1_02d16h00m_4.png
67,2.0,0.0,1.0,1.0,0.0,1.5707963267948966,1,2,129.0,3.0,livecell_phase__test-Huh7_Phase_A12_1_02d16h00m_4.png
68,60.0,42.55634918610404,0.97868593396431,0.7142857142857143,0.41632490050853493,0.787778947624461,15,15,128.25,10.060856491041571,livecell_phase__test-Huh7_Phase_A12_1_02d16h00m_4.png
69,4.0,4.621320343559642,0.7905694150420949,1.0,2.3536273758173025,1.5707963267948966,2,3,131.75,1.479019945774904,livecell_phase__test-Huh7_Phase_A12_1_02d16h00m_4.png
70,1.0,0.0,0,1.0,0.0,-0.7853981633974483,1,1,130.0,0.0,livecell_phase__test-Huh7_Phase_A12_1_02d16h00m_4.png
71,95.0,59.52691193458118,0.9863751124047851,0.7480314960629921,0.3369044618348174,-0.6272091230272437,22,17,128.2736842105263,1.9218527533451066,livecell_phase__test-Huh7_Phase_A12_1_02d16h00m_4.png
72,2.0,0.0,1.0,1.0,0.0,1.5707963267948966,1,2,130.5,1.5,livecell_phase__test-Huh7_Phase_A12_1_02d16h00m_4.png
73,1.0,0.0,0,1.0,0.0,-0.7853981633974483,1,1,118.0,0.0,livecell_phase__test-Huh7_Phase_A12_1_02d16h00m_4.png
74,18.0,15.65685424949238,0.9274348220512602,0.8571428571428571,0.9227272612294994,-1.0651666881486017,5,7,128.22222222222223,14.683912419740771,livecell_phase__test-Huh7_Phase_A12_1_02d16h00m_4.png
75,5.0,0.0,0.969663253887418,0.06944444444444445,0.0,0.30612482832146737,18,8,131.4,10.85541339608953,livecell_phase__test-Huh7_Phase_A12_1_02d16h00m_4.png
76,1.0,0.0,0,1.0,0.0,-0.7853981633974483,1,1,120.0,0.0,livecell_phase__test-Huh7_Phase_A12_1_02d16h00m_4.png
77,23.0,19.621320343559642,0.9998049028167307,0.10849056603773585,0.7507256308064727,1.1721235322619046,31,72,128.08695652173913,1.212723972259248,livecell_phase__test-Huh7_Phase_A12_1_02d16h00m_4.png
78,69.0,36.970562748477136,0.9458061565153384,0.8846153846153846,0.6343761286382573,1.0104609026690847,10,14,127.5072463768116,3.5370633377479255,livecell_phase__test-Huh7_Phase_A12_1_02d16h00m_4.png
79,28.0,21.86396103067893,0.962046301119895,0.7567567567567568,0.7360548964977471,-0.30602537354222664,12,5,132.64285714285714,6.709344686513652,livecell_phase__test-Huh7_Phase_A12_1_02d16h00m_4.png
80,9.0,8.82842712474619,0.7869526281849772,1.0,1.4510611029558727,0.5151884132621561,4,3,129.77777777777777,13.846602293043892,livecell_phase__test-Huh7_Phase_A12_1_02d16h00m_4.png
81,5.0,3.0,1.0,1.0,6.981317007977318,1.5707963267948966,1,5,161.2,17.769637024992942,livecell_phase__test-Huh7_Phase_A12_1_02d16h00m_4.png
82,59.0,39.17766952966369,0.9744600722727732,0.7662337662337663,0.4830417605133821,-1.0789949115461357,10,16,126.66101694915254,15.915678411704524,livecell_phase__test-Huh7_Phase_A12_1_02d16h00m_4.png
83,28.0,26.071067811865476,0.9910604301557452,0.56,0.5176667332434045,0.5752861768133439,15,10,128.42857142857142,3.5297568858873825,livecell_phase__test-Huh7_Phase_A12_1_02d16h00m_4.png
84,82.0,53.3492424049175,0.9914645268772548,0.7068965517241379,0.3620488758463726,0.33079250309051383,28,10,131.02439024390245,8.740117219948564,livecell_phase__test-Huh7_Phase_A12_1_02d16h00m_4.png
85,53.0,37.3492424049175,0.9855848968604574,0.6708860759493671,0.4774436698673671,-0.4389668850649628,20,9,128.0566037735849,1.6757436461263786,livecell_phase__test-Huh7_Phase_A12_1_02d16h00m_4.png
86,15.0,11.414213562373096,0.9651189080666082,0.625,1.446802115179039,-0.3764115661941467,9,5,127.86666666666666,14.948206878715885,livecell_phase__test-Huh7_Phase_A12_1_02d16h00m_4.png
87,26.0,22.31370849898476,0.9827969456750422,0.38235294117647056,0.6562052512357127,0.756942355148058,15,15,130.92307692307693,7.7505487494215375,livecell_phase__test-Huh7_Phase_A12_1_02d16h00m_4.png
88,28.0,24.449747468305834,0.9955406924038873,0.35443037974683544,0.5885984846992058,1.23384175687996,10,23,128.10714285714286,2.1437498140655595,livecell_phase__test-Huh7_Phase_A12_1_02d16h00m_4.png
89,10.0,10.414213562373096,0.9507271070197145,1.0,1.1586623769338389,0.12248933156343207,6,2,130.6,9.8812954616285,livecell_phase__test-Huh7_Phase_A12_1_02d16h00m_4.png
90,51.0,38.14213562373095,0.9796974250956083,0.6986301369863014,0.4405244605124731,0.6919826633165435,17,12,128.58823529411765,6.985072235898144,livecell_phase__test-Huh7_Phase_A12_1_02d16h00m_4.png
91,56.0,49.970562748477136,0.9932453655564137,0.6363636363636364,0.281818442492554,0.95374163917289,15,21,129.35714285714286,3.209520276951567,livecell_phase__test-Huh7_Phase_A12_1_02d16h00m_4.png
92,7.0,6.207106781186548,0.7238845965239822,0.875,2.2831238497444226,0.5318489112012798,3,3,130.28571428571428,38.402806019926224,livecell_phase__test-Huh7_Phase_A12_1_02d16h00m_4.png
93,165.0,97.25483399593904,0.9841195948446028,0.5124223602484472,0.2192155787585794,0.9619647766779519,30,38,127.8,3.1703168754730324,livecell_phase__test-Huh7_Phase_A12_1_02d16h00m_4.png
94,39.0,25.72792206135785,0.9144940371493792,0.8478260869565217,0.7403976781543303,-0.782207516016165,9,9,127.48717948717949,3.7544626087637183,livecell_phase__test-Huh7_Phase_A12_1_02d16h00m_4.png
95,5.0,3.0,1.0,1.0,6.981317007977318,1.5707963267948966,1,5,125.6,22.38392280186831,livecell_phase__test-Huh7_Phase_A12_1_02d16h00m_4.png
1,1239.0,196.02438661763952,0.9468055108529444,0.6898663697104677,0.40519209429581754,1.3314626565964938,42,76,128.06618240516545,1.1230122939711558,livecell_phase__test-Huh7_Phase_A12_1_03d08h00m_1.png
2,2.0,0.0,1.0,0.3333333333333333,0.0,-0.9272952180016122,4,5,128.5,0.5,livecell_phase__test-Huh7_Phase_A12_1_03d08h00m_1.png
3,145.0,68.0477272147525,0.9753883730284721,0.7923497267759563,0.39350532839762103,0.847454339471469,21,25,128.50344827586207,3.5391877851223286,livecell_phase__test-Huh7_Phase_A12_1_03d08h00m_1.png
4,22.0,21.242640687119284,0.9843838457126454,0.5789473684210527,0.6126543739392486,-1.1012033507015966,6,13,127.0909090909091,2.5745095015465993,livecell_phase__test-Huh7_Phase_A12_1_03d08h00m_1.png
5,11.0,9.414213562373096,0.9924233852401986,0.4583333333333333,1.5596762428619324,-1.0696462456190121,6,10,123.54545454545455,6.485839629722535,livecell_phase__test-Huh7_Phase_A12_1_03d08h00m_1.png
7,8.0,7.414213562373095,0.6123724356957945,1.0,1.8288145488861385,0.7853981633974483,3,3,142.0,21.242645786248,livecell_phase__test-Huh7_Phase_A12_1_03d08h00m_1.png
8,116.0,83.97665940288701,0.996849584761804,0.6137566137566137,0.2067048489100099,1.0240777299553976,24,36,128.49137931034483,2.91102449573073,livecell_phase__test-Huh7_Phase_A12_1_03d08h00m_1.png
9,2.0,0.0,1.0,1.0,0.0,1.5707963267948966,1,2,111.5,6.5,livecell_phase__test-Huh7_Phase_A12_1_03d08h00m_1.png
10,187.0,90.97665940288701,0.9843108548735654,0.6538461538461539,0.28391706638018815,0.9101496472514565,24,34,127.9572192513369,6.826990220880137,livecell_phase__test-Huh7_Phase_A12_1_03d08h00m_1.png
11,149.0,99.14823227814082,0.9956389960518572,0.5498154981549815,0.1904698243788999,1.2292238454592266,17,51,128.53691275167785,1.8190767255196596,livecell_phase__test-Huh7_Phase_A12_1_03d08h00m_1.png
12,2.0,0.0,1.0,1.0,0.0,1.5707963267948966,1,2,129.0,22.0,livecell_phase__test-Huh7_Phase_A12_1_03d08h00m_1.png
14,61.0,47.62741699796952,0.9831825721500883,0.21107266435986158,0.3379291386636438,0.5819633122300437,37,28,128.40983606557376,1.5297813963656661,livecell_phase__test-Huh7_Phase_A12_1_03d08h00m_1.png
15,19.0,14.621320343559644,0.9982552819766203,0.21839080459770116,1.116838252247889,1.0405478341684384,16,27,128.10526315789474,1.8033517577907174,livecell_phase__test-Huh7_Phase_A12_1_03d08h00m_1.png
16,7.0,4.621320343559642,0.9959267627334668,0.5,4.11884790768028,0.663373947978926,9,7,127.57142857142857,1.7612611437054215,livecell_phase__test-Huh7_Phase_A12_1_03d08h00m_1.png
17,73.0,41.45584412271571,0.9687272331292588,0.8202247191011236,0.5337786498337841,0.9459821121709696,13,16,128.21917808219177,1.0885024945380235,livecell_phase__test-Huh7_Phase_A12_1_03d08h00m_1.png
18,94.0,56.31980515339464,0.9909596504479128,0.7014925373134329,0.37240493746073167,0.7763223781230837,22,23,128.74468085106383,4.148663384376631,livecell_phase__test-Huh7_Phase_A12_1_03d08h00m_1.png
19,125.0,86.56244584051393,0.9951310359274876,0.5458515283842795,0.20963357419122117,-1.1200173713101809,20,40,128.2,1.4310835055998652,livecell_phase__test-Huh7_Phase_A12_1_03d08h00m_1.png
20,57.0,44.27817459305202,0.9887170845669305,0.2753623188405797,0.3653467958722613,1.0939031605911747,23,37,129.10526315789474,5.984436570897782,livecell_phase__test-Huh7_Phase_A12_1_03d08h00m_1.png
21,125.0,80.80508652763321,0.9927627300229406,0.6345177664974619,0.24057055921188011,1.114906849327345,20,32,129.424,4.949770095671111,livecell_phase__test-Huh7_Phase_A12_1_03d08h00m_1.png
22,14.0,11.0,0.9937098474262259,0.42424242424242425,1.4539602363721356,-1.2557104852328929,5,14,128.0,4.942526826287484,livecell_phase__test-Huh7_Phase_A12_1_03d08h00m_1.png
23,32.0,24.899494936611667,0.9495650733094188,0.7804878048780488,0.6486027213292531,0.33727518219693664,11,6,126.5625,3.7578043788893534,livecell_phase__test-Huh7_Phase_A12_1_03d08h00m_1.png
24,1.0,0.0,0,1.0,0.0,-0.7853981633974483,1,1,142.0,0.0,livecell_phase__test-Huh7_Phase_A12_1_03d08h00m_1.png
25,8.0,8.242640687119284,0.747102836415358,1.0,1.479677650017442,-1.2689216600961783,3,4,139.75,40.44054277578381,livecell_phase__test-Huh7_Phase_A12_1_03d08h00m_1.png
26,7.0,5.414213562373095,0.9070132743129821,0.3684210526315789,3.000800608478478,0.709789318324228,7,6,124.0,5.5549205986353085,livecell_phase__test-Huh7_Phase_A12_1_03d08h00m_1.png
27,2.0,0.0,1.0,1.0,0.0,0.7853981633974483,2,2,127.0,2.0,livecell_phase__test-Huh7_Phase_A12_1_03d08h00m_1.png
28,2.0,0.0,1.0,1.0,0.0,1.5707963267948966,1,2,128.0,0.0,livecell_phase__test-Huh7_Phase_A12_1_03d08h00m_1.png
30,5.0,5.207106781186548,0.816496580927726,1.0,2.3173247538676778,1.2490457723982544,2,3,128.0,2.449489742783178,livecell_phase__test-Huh7_Phase_A12_1_03d08h00m_1.png
31,13.0,7.621320343559642,0.9871701750241897,0.35135135135135137,2.8125016330992607,0.4539436168727756,15,7,132.3846153846154,5.385714173604399,livecell_phase__test-Huh7_Phase_A12_1_03d08h00m_1.png
33,22.0,21.485281374238568,0.9875877777623723,0.4888888888888889,0.5988946776803362,-0.7945964441572417,11,12,130.27272727272728,3.544288852657805,livecell_phase__test-Huh7_Phase_A12_1_03d08h00m_1.png
34,2.0,0.0,1.0,1.0,0.0,0.0,2,1,133.5,1.5,livecell_phase__test-Huh7_Phase_A12_1_03d08h00m_1.png
35,24.0,17.86396103067893,0.9621350938854619,0.6666666666666666,0.9450734885362995,1.0365507062822477,8,12,129.54166666666666,10.111788362544425,livecell_phase__test-Huh7_Phase_A12_1_03d08h00m_1.png
36,61.0,49.970562748477136,0.9983416215252617,0.3160621761658031,0.30698080342938916,0.8321132366433194,37,42,127.70491803278688,4.358313188119963,livecell_phase__test-Huh7_Phase_A12_1_03d08h00m_1.png
37,6.0,5.0,0.9252741613028527,0.8571428571428571,3.015928947446201,1.3450697810186194,2,4,128.5,1.2583057392117916,livecell_phase__test-Huh7_Phase_A12_1_03d08h00m_1.png
39,3.0,1.2071067811865475,0.97372313034591,0.75,25.872580053727066,-1.079399465171232,2,3,127.66666666666667,3.2998316455372216,livecell_phase__test-Huh7_Phase_A12_1_03d08h00m_1.png
40,99.0,63.76345596729059,0.9843537192629728,0.5129533678756477,0.3059858639249119,1.1988895794482892,17,36,129.21212121212122,2.1893808325076907,livecell_phase__test-Huh7_Phase_A12_1_03d08h00m_1.png
41,3.0,1.0,1.0,1.0,37.69911184307752,1.5707963267948966,1,3,128.66666666666666,3.299831645537222,livecell_phase__test-Huh7_Phase_A12_1_03d08h00m_1.png
42,44.0,28.520815280171306,0.9874191368482852,0.6111111111111112,0.6797334914925681,-0.8272545120803396,16,16,128.4090909090909,1.1739246881949963,livecell_phase__test-Huh7_Phase_A12_1_03d08h00m_1.png
44,22.0,16.414213562373096,0.9924696678305283,0.2558139534883721,1.0261063743765533,-1.3444199432192092,6,30,128.04545454545453,2.325301011350666,livecell_phase__test-Huh7_Phase_A12_1_03d08h00m_1.png
45,74.0,42.62741699796952,0.9688749484034437,0.6271186440677966,0.5117567137397132,0.8568378496771091,17,20,129.3783783783784,2.4144984522150192,livecell_phase__test-Huh7_Phase_A12_1_03d08h00m_1.png
46,2.0,0.0,1.0,1.0,0.0,0.7853981633974483,2,2,144.0,10.0,livecell_phase__test-Huh7_Phase_A12_1_03d08h00m_1.png
47,23.0,19.48528137423857,0.9505414142084518,0.6388888888888888,0.7612447963953223,0.7547921304688706,8,9,128.6086956521739,10.993037837985112,livecell_phase__test-Huh7_Phase_A12_1_03d08h00m_1.png
48,92.0,41.79898987322333,0.938844553297426,0.8141592920353983,0.6617075930045769,-0.816165299808522,16,16,129.3804347826087,3.685584111880597,livecell_phase__test-Huh7_Phase_A12_1_03d08h00m_1.png
49,18.0,15.414213562373096,0.9968253745473138,0.14634146341463414,0.9520058684836014,0.38388544387099266,31,14,136.11111111111111,5.89622184952071,livecell_phase__test-Huh7_Phase_A12_1_03d08h00m_1.png
50,41.0,36.44974746830583,0.9955225805591468,0.3014705882352941,0.3877972037084686,0.5536725159962235,32,23,134.29268292682926,7.664437683028389,livecell_phase__test-Huh7_Phase_A12_1_03d08h00m_1.png
51,120.0,60.491378028648455,0.9718205257623781,0.7453416149068323,0.41210146067992043,-0.5791702270355641,23,16,130.8,21.42218476253064,livecell_phase__test-Huh7_Phase_A12_1_03d08h00m_1.png
52,6.0,6.0,0.7905694150420949,1.0,2.0943951023931953,1.5707963267948966,2,3,127.33333333333333,1.8856180831641265,livecell_phase__test-Huh7_Phase_A12_1_03d08h00m_1.png
53,175.0,113.08326112068522,0.9956289957739369,0.2777777777777778,0.17196943489781166,0.38824094510393026,84,34,128.98285714285714,10.816640241888836,livecell_phase__test-Huh7_Phase_A12_1_03d08h00m_1.png
54,5.0,3.414213562373095,0.9973282297765274,0.15625,5.390120844526472,-0.295364315208029,15,6,120.2,15.612815249018993,livecell_phase__test-Huh7_Phase_A12_1_03d08h00m_1.png
55,62.0,36.62741699796952,0.977138443886382,0.7380952380952381,0.5807496647849216,-0.7604136233863297,16,15,128.32258064516128,4.825250097306966,livecell_phase__test-Huh7_Phase_A12_1_03d08h00m_1.png
56,4.0,3.2071067811865475,0.9128709291752769,0.8,4.887007608661263,-0.3217505543966422,3,2,126.75,16.67895380412093,livecell_phase__test-Huh7_Phase_A12_1_03d08h00m_1.png
57,11.0,9.207106781186548,0.9690291665072159,0.55,1.63063285755946,0.6792308196798128,8,8,128.0909090909091,4.660365679264108,livecell_phase__test-Huh7_Phase_A12_1_03d08h00m_1.png
58,2.0,0.0,1.0,0.16666666666666666,0.0,0.2914567944778671,11,4,132.5,7.5,livecell_phase__test-Huh7_Phase_A12_1_03d08h00m_1.png
59,27.0,17.242640687119284,0.9655916801812066,0.32142857142857145,1.1412113223478526,0.9831728461368859,13,18,142.44444444444446,22.501577448132853,livecell_phase__test-Huh7_Phase_A12_1_03d08h00m_1.png
60,160.0,89.08326112068522,0.9930763061291406,0.6896551724137931,0.25335975619674544,0.9007451139523421,26,31,128.0625,5.799447710773846,livecell_phase__test-Huh7_Phase_A12_1_03d08h00m_1.png
61,40.0,31.27817459305202,0.9891667202241688,0.5882352941176471,0.5137916669715824,1.221879630931246,8,18,119.775,33.36726502127497,livecell_phase__test-Huh7_Phase_A12_1_03d08h00m_1.png
62,74.0,36.62741699796952,0.9519357125904508,0.9367088607594937,0.6931528257110355,0.767909883451156,13,12,128.67567567567568,1.7093392757666916,livecell_phase__test-Huh7_Phase_A12_1_03d08h00m_1.png
63,638.0,195.12489168102786,0.9727971594750249,0.32141057934508815,0.21057421617308736,-1.3379141112597153,30,82,127.90752351097179,0.9645307524030775,livecell_phase__test-Huh7_Phase_A12_1_03d08h00m_1.png
64,44.0,32.27817459305202,0.9764951746461008,0.5238095238095238,0.5306945257272808,0.5087584406699969,17,14,129.75,3.0460481104061854,livecell_phase__test-Huh7_Phase_A12_1_03d08h00m_1.png
65,7.0,5.207106781186548,0.9942055875446433,0.3888888888888889,3.244254655414749,0.45332459223369687,10,5,129.57142857142858,3.2450904833144416,livecell_phase__test-Huh7_Phase_A12_1_03d08h00m_1.png
66,60.0,37.48528137423857,0.9801789789729152,0.46511627906976744,0.536586280224108,1.4552075867691077,8,26,127.65,4.73928616284492,livecell_phase__test-Huh7_Phase_A12_1_03d08h00m_1.png
67,4.0,4.0,0.0,1.0,3.141592653589793,-0.7853981633974483,2,2,128.25,2.8613807855648994,livecell_phase__test-Huh7_Phase_A12_1_03d08h00m_1.png
68,76.0,56.24873734152916,0.9940300054892427,0.39790575916230364,0.3018546708188346,0.966911123119977,25,36,129.03947368421052,2.930963509055127,livecell_phase__test-Huh7_Phase_A12_1_03d08h00m_1.png
69,34.0,19.656854249492383,0.7804150948271762,0.9714285714285714,1.105759670154821,1.5478089216766582,5,8,125.91176470588235,14.781482149394625,livecell_phase__test-Huh7_Phase_A12_1_03d08h00m_1.png
70,3.0,1.0,1.0,1.0,37.69911184307752,1.5707963267948966,1,3,129.0,0.816496580927726,livecell_phase__test-Huh7_Phase_A12_1_03d08h00m_1.png
71,2.0,0.0,1.0,1.0,0.0,1.5707963267948966,1,2,125.5,8.5,livecell_phase__test-Huh7_Phase_A12_1_03d08h00m_1.png
72,166.0,81.49747468305833,0.9896164134770384,0.7345132743362832,0.3140723099126214,0.5691776061947482,34,27,128.34337349397592,1.2059783581230994,livecell_phase__test-Huh7_Phase_A12_1_03d08h00m_1.png
73,8.0,7.207106781186548,0.9643078443532731,0.8888888888888888,1.9354320909169331,-1.488221988087583,2,6,129.5,1.3228756555322954,livecell_phase__test-Huh7_Phase_A12_1_03d08h00m_1.png
74,28.0,20.82842712474619,0.969048995586287,0.9333333333333333,0.8110636638536872,0.07002317363925604,12,3,132.75,9.522998477370455,livecell_phase__test-Huh7_Phase_A12_1_03d08h00m_1.png
75,6.0,4.0,1.0,1.0,4.71238898038469,1.5707963267948966,1,6,131.66666666666666,2.6874192494328497,livecell_phase__test-Huh7_Phase_A12_1_03d08h00m_1.png
76,35.0,20.82842712474619,0.8102108573257183,0.9722222222222222,1.0138295798171089,-0.22180464925588764,8,5,130.4,4.888470400559142,livecell_phase__test-Huh7_Phase_A12_1_03d08h00m_1.png
77,254.0,106.22539674441617,0.9824937266010916,0.6631853785900783,0.28286997820448845,0.47420072272952546,40,27,128.68897637795277,5.778874483044305,livecell_phase__test-Huh7_Phase_A12_1_03d08h00m_1.png
78,32.0,21.86396103067893,0.9712176283646788,0.5925925925925926,0.8412055959974253,0.4515214088982468,15,7,128.46875,5.606828286785676,livecell_phase__test-Huh7_Phase_A12_1_03d08h00m_1.png
79,17.0,16.82842712474619,0.9729884456181219,0.6296296296296297,0.7543479816118873,0.9387927020649376,6,9,128.58823529411765,2.224431811904593,livecell_phase__test-Huh7_Phase_A12_1_03d08h00m_1.png
1,3.0,1.0,1.0,1.0,37.69911184307752,1.5707963267948966,1,3,128.66666666666666,1.247219128924647,livecell_phase__test-Huh7_Phase_A12_1_03d16h00m_1.png
2,4.0,1.4142135623730951,0.9951597252694838,0.36363636363636365,25.132741228718338,1.074717954039363,5,8,124.5,4.55521678957215,livecell_phase__test-Huh7_Phase_A12_1_03d16h00m_1.png
3,125.0,79.2193000900063,0.9868199163222031,0.6345177664974619,0.2502982855858277,0.7855104819510138,28,25,128.368,2.4804386708806163,livecell_phase__test-Huh7_Phase_A12_1_03d16h00m_1.png
4,30.0,25.899494936611664,0.9760775544458133,0.7894736842105263,0.5620158046305693,1.121119893845052,6,12,132.4,3.6295086903509874,livecell_phase__test-Huh7_Phase_A12_1_03d16h00m_1.png
5,8.0,0.0,0.9991710066202066,0.19047619047619047,0.0,1.2104385183211315,10,24,127.25,1.1989578808281798,livecell_phase__test-Huh7_Phase_A12_1_03d16h00m_1.png
6,1.0,0.0,0,1.0,0.0,-0.7853981633974483,1,1,130.0,0.0,livecell_phase__test-Huh7_Phase_A12_1_03d16h00m_1.png
7,137.0,109.49137802864844,0.9600538363794017,0.08821635544108178,0.14360533940306439,-1.250292592543825,48,78,128.2189781021898,1.360095147311196,livecell_phase__test-Huh7_Phase_A12_1_03d16h00m_1.png
8,52.0,37.55634918610404,0.9910069526708685,0.52,0.4632831139097134,1.1838956408216217,12,31,129.8653846153846,8.007277569988457,livecell_phase__test-Huh7_Phase_A12_1_03d16h00m_1.png
9,10.0,1.2071067811865475,0.9975112946188525,0.17543859649122806,86.24193351242356,-0.37706341347932654,25,11,131.8,4.975942121849891,livecell_phase__test-Huh7_Phase_A12_1_03d16h00m_1.png
10,1.0,0.0,0,1.0,0.0,-0.7853981633974483,1,1,127.0,0.0,livecell_phase__test-Huh7_Phase_A12_1_03d16h00m_1.png
11,13.0,2.621320343559643,0.9858098623817495,0.09848484848484848,23.774589135519797,1.129343131819083,15,29,129.30769230769232,1.135755620017954,livecell_phase__test-Huh7_Phase_A12_1_03d16h00m_1.png
12,17.0,14.656854249492381,0.9807544657151857,0.5483870967741935,0.9944369366766388,0.7597483160179206,10,10,131.47058823529412,12.471698063822572,livecell_phase__test-Huh7_Phase_A12_1_03d16h00m_1.png
15,50.0,39.55634918610404,0.9873718833874431,0.6578947368421053,0.4015572435168588,0.6818948985765404,18,12,129.34,1.8287700784953802,livecell_phase__test-Huh7_Phase_A12_1_03d16h00m_1.png
16,16.0,12.0,0.9958310874684234,0.26666666666666666,1.3962634015954636,0.8793063856971784,16,16,127.75,0.9013878188659973,livecell_phase__test-Huh7_Phase_A12_1_03d16h00m_1.png
17,9.0,9.207106781186548,0.9294403032006735,1.0,1.3341541561850128,1.488221988087583,2,5,121.88888888888889,21.834958944288523,livecell_phase__test-Huh7_Phase_A12_1_03d16h00m_1.png
18,46.0,34.071067811865476,0.9854459705005209,0.5679012345679012,0.49796200387219125,-0.8834835792989355,12,19,126.67391304347827,19.25013195643772,livecell_phase__test-Huh7_Phase_A12_1_03d16h00m_1.png
19,189.0,136.3259018078045,0.9974842835369611,0.26141078838174275,0.12779530819336568,0.42979812342282875,76,44,128.85185185185185,5.347130888612779,livecell_phase__test-Huh7_Phase_A12_1_03d16h00m_1.png
21,18.0,10.449747468305834,0.9973249440285337,0.3333333333333333,2.0714324650578058,0.42263467287631706,21,12,128.33333333333334,2.0275875100994063,livecell_phase__test-Huh7_Phase_A12_1_03d16h00m_1.png
22,20.0,13.863961030678928,0.9568172683875512,0.6666666666666666,1.3075707643429455,-0.9035943375882607,8,9,133.8,26.4227174983952,livecell_phase__test-Huh7_Phase_A12_1_03d16h00m_1.png
23,2.0,0.0,1.0,0.6666666666666666,0.0,1.5707963267948966,1,3,123.5,22.5,livecell_phase__test-Huh7_Phase_A12_1_03d16h00m_1.png
24,24.0,18.414213562373096,0.9669779456857408,0.9230769230769231,0.8894361041233418,0.13149736584045976,10,3,131.70833333333334,7.120856494988662,livecell_phase__test-Huh7_Phase_A12_1_03d16h00m_1.png
25,84.0,51.17766952966369,0.9620904841597374,0.672,0.4030214293007413,0.8854904987702009,16,18,129.29761904761904,2.8232865090206736,livecell_phase__test-Huh7_Phase_A12_1_03d16h00m_1.png
26,72.0,56.935028842544405,0.9963986786841921,0.43902439024390244,0.27911506028669814,0.5589307965075435,34,23,128.30555555555554,8.510840944363073,livecell_phase__test-Huh7_Phase_A12_1_03d16h00m_1.png
27,1.0,0.0,0,1.0,0.0,-0.7853981633974483,1,1,131.0,0.0,livecell_phase__test-Huh7_Phase_A12_1_03d16h00m_1.png
28,9.0,9.207106781186548,0.9294403032006735,1.0,1.3341541561850128,1.488221988087583,2,5,123.22222222222223,9.222891541976503,livecell_phase__test-Huh7_Phase_A12_1_03d16h00m_1.png
29,22.0,20.414213562373096,0.9947724717603087,0.44,0.6633874285664354,1.2048209219195136,7,18,134.8181818181818,5.820312110003314,livecell_phase__test-Huh7_Phase_A12_1_03d16h00m_1.png
30,222.0,103.42640687119285,0.9821068789741988,0.5826771653543307,0.260795422382156,1.023871803100288,26,41,129.35135135135135,5.87044613411018,livecell_phase__test-Huh7_Phase_A12_1_03d16h00m_1.png
31,1.0,0.0,0,1.0,0.0,-0.7853981633974483,1,1,105.0,0.0,livecell_phase__test-Huh7_Phase_A12_1_03d16h00m_1.png
32,16.0,7.035533905932738,0.9980054333302654,0.09523809523809523,4.061960781796689,1.1396470862281831,19,43,128.875,4.02919036532155,livecell_phase__test-Huh7_Phase_A12_1_03d16h00m_1.png
33,9.0,7.207106781186548,0.9747842797217324,0.47368421052631576,2.1773611022815498,-0.7189138031852847,8,6,133.11111111111111,7.078048137170216,livecell_phase__test-Huh7_Phase_A12_1_03d16h00m_1.png
34,16.0,16.207106781186546,0.9666344471864295,0.64,0.7654535819591087,1.064808778071569,6,8,127.5625,2.235194342780958,livecell_phase__test-Huh7_Phase_A12_1_03d16h00m_1.png
35,9.0,8.0,0.0,1.0,1.7671458676442586,-0.7853981633974483,3,3,133.33333333333334,32.259365565160564,livecell_phase__test-Huh7_Phase_A12_1_03d16h00m_1.png
36,53.0,37.55634918610404,0.9690600645690784,0.803030303030303,0.4721924045618232,0.7885426492538077,13,12,128.28301886792454,2.0408780804513147,livecell_phase__test-Huh7_Phase_A12_1_03d16h00m_1.png
37,11.0,8.621320343559642,0.9971614279703708,0.2972972972972973,1.8597517845668707,-0.8045821359231805,16,16,132.72727272727272,3.51854590552066,livecell_phase__test-Huh7_Phase_A12_1_03d16h00m_1.png
38,36.0,24.485281374238568,0.9376313853202624,0.8181818181818182,0.7545745729014238,0.7480598283963207,9,8,126.86111111111111,15.10362866219347,livecell_phase__test-Huh7_Phase_A12_1_03d16h00m_1.png
39,21.0,17.621320343559642,0.9934317120846621,0.4883720930232558,0.8498695435578739,-1.2984550330625957,7,16,128.47619047619048,0.85183541999992,livecell_phase__test-Huh7_Phase_A12_1_03d16h00m_1.png
40,245.0,162.4619407771256,0.9864790297937972,0.29376498800959233,0.11664675840650507,1.511009382307012,15,80,128.06938775510204,1.1532038922033343,livecell_phase__test-Huh7_Phase_A12_1_03d16h00m_1.png
41,259.0,104.25483399593904,0.9811750331597635,0.6317073170731707,0.29944511038121313,-0.34960964657114135,43,23,128.8030888030888,2.3554402067137232,livecell_phase__test-Huh7_Phase_A12_1_03d16h00m_1.png
42,1.0,0.0,0,1.0,0.0,-0.7853981633974483,1,1,134.0,0.0,livecell_phase__test-Huh7_Phase_A12_1_03d16h00m_1.png
43,65.0,60.10660171779821,0.9975882418029133,0.5038759689922481,0.22608870759041114,1.0888541469061632,17,35,128.8923076923077,2.3410916383541243,livecell_phase__test-Huh7_Phase_A12_1_03d16h00m_1.png
44,3.0,1.0,1.0,1.0,37.69911184307752,0.0,3,1,124.0,3.265986323710904,livecell_phase__test-Huh7_Phase_A12_1_03d16h00m_1.png
45,5.0,4.0,0.9849161792962491,0.4166666666666667,3.9269908169872414,-0.7853981633974483,6,6,94.4,42.6830177002517,livecell_phase__test-Huh7_Phase_A12_1_03d16h00m_1.png
46,42.0,23.65685424949238,0.9168795983438119,0.7636363636363637,0.9430726846731465,0.7756970948622299,10,9,131.04761904761904,4.830224193517024,livecell_phase__test-Huh7_Phase_A12_1_03d16h00m_1.png
47,4.0,4.0,0.0,1.0,3.141592653589793,-0.7853981633974483,2,2,131.0,1.8708286933869707,livecell_phase__test-Huh7_Phase_A12_1_03d16h00m_1.png
48,18.0,12.863961030678928,0.9440338609764133,0.8181818181818182,1.3668880212079944,0.48235696623281543,8,5,129.33333333333334,4.618802153517006,livecell_phase__test-Huh7_Phase_A12_1_03d16h00m_1.png
49,78.0,47.42031021678297,0.9794230708351591,0.7428571428571429,0.435888775008928,0.5272276746632155,18,13,128.67948717948718,2.9417140901687198,livecell_phase__test-Huh7_Phase_A12_1_03d16h00m_1.png
50,82.0,38.14213562373095,0.9272447522790532,0.9010989010989011,0.708294230627898,0.3786915643831538,15,9,128.0731707317073,9.526318470689347,livecell_phase__test-Huh7_Phase_A12_1_03d16h00m_1.png
51,25.0,19.656854249492383,0.8981035643256774,0.8928571428571429,0.8130585809961919,-0.443613074410349,8,5,130.32,8.978730422504063,livecell_phase__test-Huh7_Phase_A12_1_03d16h00m_1.png
52,3.0,3.414213562373095,0.816496580927726,1.0,3.2340725067158833,-0.7853981633974483,2,2,128.66666666666666,0.4714045207910317,livecell_phase__test-Huh7_Phase_A12_1_03d16h00m_1.png
53,65.0,37.55634918610404,0.9628327950723913,0.8666666666666667,0.5791038923871417,-0.4013489946395218,16,8,128.7076923076923,2.4602881439943753,livecell_phase__test-Huh7_Phase_A12_1_03d16h00m_1.png
54,17.0,14.449747468305832,0.9552781174457773,0.85,1.023147555606477,0.3880372121301388,8,4,127.82352941176471,1.4646940703516156,livecell_phase__test-Huh7_Phase_A12_1_03d16h00m_1.png
55,9.0,9.207106781186548,0.9759499233074337,0.6428571428571429,1.3341541561850128,-0.7379223102260701,6,5,129.77777777777777,2.4393887111222385,livecell_phase__test-Huh7_Phase_A12_1_03d16h00m_1.png
56,699.0,176.01828996322962,0.9805133671383184,0.6072980017376195,0.28351199946190264,-1.5668249329780863,21,76,128.14163090128756,1.4267917434639101,livecell_phase__test-Huh7_Phase_A12_1_03d16h00m_1.png
57,24.0,17.27817459305202,0.9894104546737778,0.4897959183673469,1.0102419288431694,0.9488912177239732,11,16,129.33333333333334,3.223179934302286,livecell_phase__test-Huh7_Phase_A12_1_03d16h00m_1.png
58,160.0,65.21320343559643,0.9361491309140085,0.7373271889400922,0.47277965342821465,1.0500922799188377,17,22,128.65625,3.9051998588420545,livecell_phase__test-Huh7_Phase_A12_1_03d16h00m_1.png
59,7.0,7.207106781186548,0.8886656215775005,1.0,1.6935030795523165,1.4250679295559632,2,4,132.71428571428572,20.047901819066723,livecell_phase__test-Huh7_Phase_A12_1_03d16h00m_1.png
60,14.0,14.621320343559642,0.9638048292985572,0.6086956521739131,0.8229334490247606,-0.41882256411258406,9,5,134.28571428571428,5.933302759227195,livecell_phase__test-Huh7_Phase_A12_1_03d16h00m_1.png
61,5.0,4.0,0.9971775275348511,0.20833333333333334,3.9269908169872414,-0.7853981633974483,12,12,119.4,43.541244814543376,livecell_phase__test-Huh7_Phase_A12_1_03d16h00m_1.png
62,42.0,30.692388155425117,0.9877795545743254,0.5675675675675675,0.5602705444603077,0.4078588262486449,20,9,130.4047619047619,2.479050546071484,livecell_phase__test-Huh7_Phase_A12_1_03d16h00m_1.png
63,6.0,6.0,0.7905694150420949,1.0,2.0943951023931953,1.5707963267948966,2,3,153.0,35.402448126271345,livecell_phase__test-Huh7_Phase_A12_1_03d16h00m_1.png
64,107.0,71.00609665440987,0.9969112930308134,0.5219512195121951,0.26668731758887915,-1.2924361102822963,14,46,128.0841121495327,1.0422970259125854,livecell_phase__test-Huh7_Phase_A12_1_03d16h00m_1.png
65,7.0,5.0,1.0,1.0,3.5185837720205684,1.5707963267948966,1,7,124.0,2.9277002188455996,livecell_phase__test-Huh7_Phase_A12_1_03d16h00m_1.png
66,3.0,3.414213562373095,0.816496580927726,1.0,3.2340725067158833,-0.7853981633974483,2,2,137.0,9.626352718795768,livecell_phase__test-Huh7_Phase_A12_1_03d16h00m_1.png
67,4.0,2.0,1.0,1.0,12.566370614359172,0.0,4,1,128.5,1.5,livecell_phase__test-Huh7_Phase_A12_1_03d16h00m_1.png
68,24.0,19.692388155425117,0.9946355879669067,0.34782608695652173,0.7777219038741342,0.46070538032501046,20,10,128.375,7.77717011515114,livecell_phase__test-Huh7_Phase_A12_1_03d16h00m_1.png
69,84.0,45.21320343559643,0.9655756110425064,0.7636363636363637,0.5163671345842151,0.5226163971975288,20,14,127.95238095238095,7.252101110818984,livecell_phase__test-Huh7_Phase_A12_1_03d16h00m_1.png
70,109.0,62.73401871576773,0.9835859083532542,0.7465753424657534,0.3480407883023306,0.4977531037588108,24,16,128.8348623853211,5.4259210717144635,livecell_phase__test-Huh7_Phase_A12_1_03d16h00m_1.png
1,41.0,35.10660171779821,0.9903643204823325,0.5774647887323944,0.41803836091030777,1.1286872278000193,9,22,131.9268292682927,4.597932960302493,livecell_phase__test-Huh7_Phase_A12_1_04d00h00m_1.png
2,67.0,48.04163056034261,0.985965630943598,0.7701149425287356,0.3647952614341547,0.8298386231466933,16,17,129.56716417910448,3.47796423812867,livecell_phase__test-Huh7_Phase_A12_1_04d00h00m_1.png
3,155.0,112.39087296526012,0.9896866252364567,0.5115511551155115,0.15419826004317877,0.8859664424364253,31,35,128.0774193548387,3.6782455212321135,livecell_phase__test-Huh7_Phase_A12_1_04d00h00m_1.png
4,106.0,74.45584412271572,0.9956307820033412,0.6091954022988506,0.240280289157234,1.148947727755587,17,36,127.9622641509434,3.5552897827966485,livecell_phase__test-Huh7_Phase_A12_1_04d00h00m_1.png
5,3.0,0.0,0.9961853970558717,0.375,0.0,-0.9945103281870629,4,6,124.66666666666667,7.542472332656507,livecell_phase__test-Huh7_Phase_A12_1_04d00h00m_1.png
6,128.0,74.32590180780451,0.9887583551928919,0.7032967032967034,0.2911651947461204,0.7448104857681359,29,25,130.1796875,5.906079486625942,livecell_phase__test-Huh7_Phase_A12_1_04d00h00m_1.png
7,99.0,67.87005768508881,0.9937971509912804,0.673469387755102,0.27007763502183174,-0.5986836472575772,28,21,131.40404040404042,4.982634879438976,livecell_phase__test-Huh7_Phase_A12_1_04d00h00m_1.png
8,10.0,4.414213562373095,0.9984363436086117,0.24390243902439024,6.449160457581656,1.0723718155321014,11,20,127.9,2.1656407827707715,livecell_phase__test-Huh7_Phase_A12_1_04d00h00m_1.png
9,84.0,56.59188309203678,0.9893381457301696,0.7241379310344828,0.32959518571458296,-0.425698001788865,26,11,128.5,2.222718198619922,livecell_phase__test-Huh7_Phase_A12_1_04d00h00m_1.png
11,70.0,58.72792206135786,0.9968037861414059,0.4375,0.2550460692611429,-0.4783922885780842,36,21,130.1,3.3344521931752795,livecell_phase__test-Huh7_Phase_A12_1_04d00h00m_1.png
12,114.0,71.76955262170047,0.9920336363013278,0.7354838709677419,0.27812129138928615,0.7273967744752933,26,23,128.7719298245614,2.6091441351298372,livecell_phase__test-Huh7_Phase_A12_1_04d00h00m_1.png
13,36.0,22.863961030678926,0.9950133110807103,0.22641509433962265,0.8653851178766956,-1.1849929498037877,16,35,128.08333333333334,1.7539637649874324,livecell_phase__test-Huh7_Phase_A12_1_04d00h00m_1.png
15,171.0,75.01219330881975,0.9812890800503277,0.8423645320197044,0.3818934820448537,1.0172420082316493,20,28,128.25730994152048,2.857920524201068,livecell_phase__test-Huh7_Phase_A12_1_04d00h00m_1.png
16,26.0,21.86396103067893,0.9947101324711156,0.29545454545454547,0.6834795467479081,1.2795008944092356,9,26,128.07692307692307,1.0348941574672084,livecell_phase__test-Huh7_Phase_A12_1_04d00h00m_1.png
17,5.0,5.207106781186548,0.816496580927726,1.0,2.3173247538676778,-1.2490457723982544,2,3,133.8,6.43117407632541,livecell_phase__test-Huh7_Phase_A12_1_04d00h00m_1.png
18,49.0,35.72792206135786,0.9981984105701991,0.1416184971098266,0.48238125977373614,0.544304210501308,78,47,129.18367346938774,1.7458226455468753,livecell_phase__test-Huh7_Phase_A12_1_04d00h00m_1.png
19,1.0,0.0,0,1.0,0.0,-0.7853981633974483,1,1,135.0,0.0,livecell_phase__test-Huh7_Phase_A12_1_04d00h00m_1.png
20,72.0,49.242640687119284,0.9831131056554239,0.7578947368421053,0.37312959068238305,-1.4724682447096067,6,24,129.125,4.173120002534741,livecell_phase__test-Huh7_Phase_A12_1_04d00h00m_1.png
21,80.0,47.79898987322333,0.9899437046139541,0.7017543859649122,0.4400098648593039,0.892971395980974,18,20,128.9,1.5858751527153705,livecell_phase__test-Huh7_Phase_A12_1_04d00h00m_1.png
22,23.0,16.242640687119284,0.7610918642773148,0.9583333333333334,1.0955303808730954,-0.4996631016876826,6,5,135.69565217391303,11.471836146610062,livecell_phase__test-Huh7_Phase_A12_1_04d00h00m_1.png
23,87.0,65.5208152801713,0.9969629402023562,0.30103806228373703,0.2546657444492054,1.1920860070503716,27,55,128.28735632183907,3.417023124585828,livecell_phase__test-Huh7_Phase_A12_1_04d00h00m_1.png
24,8.0,7.414213562373095,0.9211188225874128,0.8,1.8288145488861385,-0.5579410601012585,4,4,129.5,6.363961030678928,livecell_phase__test-Huh7_Phase_A12_1_04d00h00m_1.png
25,109.0,90.62741699796953,0.9790896157251874,0.22755741127348644,0.16676970386074594,0.7931526796299588,39,36,129.045871559633,3.0481918872781306,livecell_phase__test-Huh7_Phase_A12_1_04d00h00m_1.png
27,31.0,23.556349186104047,0.9470721257333224,0.9393939393939394,0.7020298701377012,-0.6679259767042751,10,7,135.38709677419354,13.999256706892458,livecell_phase__test-Huh7_Phase_A12_1_04d00h00m_1.png
28,1.0,0.0,0,1.0,0.0,-0.7853981633974483,1,1,131.0,0.0,livecell_phase__test-Huh7_Phase_A12_1_04d00h00m_1.png
29,20.0,17.242640687119284,0.9578004320424768,0.5263157894736842,0.8453417202576686,0.40327951275532653,11,6,129.65,5.668112560632507,livecell_phase__test-Huh7_Phase_A12_1_04d00h00m_1.png
30,69.0,55.00609665440988,0.9970549273631717,0.4339622641509434,0.2865743391144232,0.5270468484124486,34,21,130.6231884057971,7.866829000920298,livecell_phase__test-Huh7_Phase_A12_1_04d00h00m_1.png
31,67.0,46.248737341529164,0.9861683115155999,0.7362637362637363,0.3936270233152707,-1.0492550274904222,12,21,128.76119402985074,1.4971570296089989,livecell_phase__test-Huh7_Phase_A12_1_04d00h00m_1.png
32,18.0,15.035533905932738,0.9848988236447197,0.47368421052631576,1.0005635102174197,-1.1362676959798637,8,13,128.11111111111111,1.0999438818457405,livecell_phase__test-Huh7_Phase_A12_1_04d00h00m_1.png
33,2.0,0.0,1.0,1.0,0.0,1.5707963267948966,1,2,131.0,1.0,livecell_phase__test-Huh7_Phase_A12_1_04d00h00m_1.png
34,13.0,2.2071067811865475,0.998770080568121,0.24074074074074073,33.535634379424614,-1.2592232098169491,9,27,128.69230769230768,1.5384615384615385,livecell_phase__test-Huh7_Phase_A12_1_04d00h00m_1.png
35,14.0,10.621320343559642,0.902366350602257,0.6363636363636364,1.5594838609362693,0.5828523701563358,8,6,130.57142857142858,7.178482586514922,livecell_phase__test-Huh7_Phase_A12_1_04d00h00m_1.png
37,4.0,2.0,1.0,1.0,12.566370614359172,1.5707963267948966,1,4,128.0,1.224744871391589,livecell_phase__test-Huh7_Phase_A12_1_04d00h00m_1.png
38,6.0,2.0,0.9996654820458382,0.09836065573770492,18.84955592153876,1.135607973095298,15,33,129.66666666666666,2.981423969999719,livecell_phase__test-Huh7_Phase_A12_1_04d00h00m_1.png
39,89.0,56.49137802864845,0.9842694386825562,0.717741935483871,0.35045764068099006,1.0370479838601336,14,23,129.48314606741573,8.089544312315217,livecell_phase__test-Huh7_Phase_A12_1_04d00h00m_1.png
41,1.0,0.0,0,1.0,0.0,-0.7853981633974483,1,1,141.0,0.0,livecell_phase__test-Huh7_Phase_A12_1_04d00h00m_1.png
42,2.0,0.0,1.0,1.0,0.0,0.0,2,1,120.0,3.0,livecell_phase__test-Huh7_Phase_A12_1_04d00h00m_1.png
43,104.0,63.83452377915607,0.9901007599872705,0.6842105263157895,0.32072436779916763,-1.2574178456148644,13,31,128.07692307692307,2.6950535448238235,livecell_phase__test-Huh7_Phase_A12_1_04d00h00m_1.png
45,13.0,11.207106781186548,0.9427056416953147,0.7222222222222222,1.3006672242497,-1.3463843782688407,3,7,139.53846153846155,17.10877141034965,livecell_phase__test-Huh7_Phase_A12_1_04d00h00m_1.png
46,1.0,0.0,0,1.0,0.0,-0.7853981633974483,1,1,128.0,0.0,livecell_phase__test-Huh7_Phase_A12_1_04d00h00m_1.png
47,163.0,83.11269837220809,0.9854342123981198,0.6763485477178424,0.2965259482316554,1.2270891204801984,17,33,128.7914110429448,4.33625603647499,livecell_phase__test-Huh7_Phase_A12_1_04d00h00m_1.png
48,1.0,0.0,0,1.0,0.0,-0.7853981633974483,1,1,121.0,0.0,livecell_phase__test-Huh7_Phase_A12_1_04d00h00m_1.png
49,27.0,22.035533905932738,0.975617810741917,0.10424710424710425,0.6987574848249493,1.097142186985384,17,32,128.74074074074073,5.196812360530483,livecell_phase__test-Huh7_Phase_A12_1_04d00h00m_1.png
50,8.0,7.207106781186548,0.9528614245615644,0.8,1.9354320909169331,1.408661606416387,2,6,125.625,2.394655507583502,livecell_phase__test-Huh7_Phase_A12_1_04d00h00m_1.png
51,32.0,21.449747468305834,0.9766399395686941,0.2857142857142857,0.8740081357235734,0.49557274964541626,29,16,128.40625,1.0265042316035526,livecell_phase__test-Huh7_Phase_A12_1_04d00h00m_1.png
52,28.0,27.207106781186546,0.9932841814199118,0.9655172413793104,0.47533869894106184,1.5419842394127752,2,16,129.07142857142858,7.954911202829228,livecell_phase__test-Huh7_Phase_A12_1_04d00h00m_1.png
53,12.0,6.035533905932738,0.9872769262982432,0.2857142857142857,4.139612808596331,0.7034157739005501,13,12,128.25,0.7216878364870323,livecell_phase__test-Huh7_Phase_A12_1_04d00h00m_1.png
54,100.0,55.62741699796952,0.9825278207597327,0.8547008547008547,0.406099145105442,1.2205931053754533,10,25,127.99,0.9643132271207318,livecell_phase__test-Huh7_Phase_A12_1_04d00h00m_1.png
55,29.0,25.414213562373092,0.9975182557075101,0.2871287128712871,0.5642278406870993,0.341616433304984,29,12,136.6551724137931,13.107712554772833,livecell_phase__test-Huh7_Phase_A12_1_04d00h00m_1.png
56,57.0,34.97056274847714,0.9721499133353875,0.7702702702702703,0.585705736465237,1.107129850818853,10,17,133.01754385964912,8.15957349261649,livecell_phase__test-Huh7_Phase_A12_1_04d00h00m_1.png
57,1.0,0.0,0,1.0,0.0,-0.7853981633974483,1,1,115.0,0.0,livecell_phase__test-Huh7_Phase_A12_1_04d00h00m_1.png
58,1.0,0.0,0,1.0,0.0,-0.7853981633974483,1,1,125.0,0.0,livecell_phase__test-Huh7_Phase_A12_1_04d00h00m_1.png
59,9.0,7.207106781186548,0.9520748294113801,0.75,2.1773611022815498,1.3295396792836582,3,6,129.66666666666666,3.9999999999999996,livecell_phase__test-Huh7_Phase_A12_1_04d00h00m_1.png
60,73.0,51.834523779156065,0.9833471147735768,0.5793650793650794,0.34142435558125633,0.8578787193312395,18,21,128.68493150684932,4.226066250570713,livecell_phase__test-Huh7_Phase_A12_1_04d00h00m_1.png
61,13.0,10.207106781186548,0.848528137423857,0.9285714285714286,1.5680066493388476,1.373400766945016,3,5,132.0,6.0128068448808625,livecell_phase__test-Huh7_Phase_A12_1_04d00h00m_1.png
62,22.0,22.242640687119284,0.9915629144982273,0.2558139534883721,0.5588044454929867,1.0212062445746868,14,22,129.45454545454547,2.3688753128718876,livecell_phase__test-Huh7_Phase_A12_1_04d00h00m_1.png
64,28.0,20.82842712474619,0.9385730107358535,0.9032258064516129,0.8110636638536872,-0.1909563709201181,10,4,129.75,4.5796522013919665,livecell_phase__test-Huh7_Phase_A12_1_04d00h00m_1.png
65,3.0,1.0,1.0,1.0,37.69911184307752,1.5707963267948966,1,3,125.66666666666667,6.599663291074444,livecell_phase__test-Huh7_Phase_A12_1_04d00h00m_1.png
66,30.0,26.106601717798213,0.9911619725438117,0.5263157894736842,0.5531340980978184,0.6530999762659968,16,13,128.4,1.2274635093014645,livecell_phase__test-Huh7_Phase_A12_1_04d00h00m_1.png
67,2.0,0.0,1.0,1.0,0.0,0.0,2,1,129.0,0.0,livecell_phase__test-Huh7_Phase_A12_1_04d00h00m_1.png
68,1.0,0.0,0,1.0,0.0,-0.7853981633974483,1,1,129.0,0.0,livecell_phase__test-Huh7_Phase_A12_1_04d00h00m_1.png
69,152.0,96.49747468305833,0.9948092779440659,0.48253968253968255,0.20512639886647302,1.0364788133036933,34,54,128.35526315789474,1.532146304753229,livecell_phase__test-Huh7_Phase_A12_1_04d00h00m_1.png
70,26.0,22.035533905932738,0.9576990277773879,0.7222222222222222,0.6728775779795808,0.48989098382384755,10,6,131.6153846153846,5.5751986723960245,livecell_phase__test-Huh7_Phase_A12_1_04d00h00m_1.png
71,5.0,4.0,0.9919288430033646,0.2777777777777778,3.9269908169872414,0.5404195002705842,9,6,132.6,2.8705400188814645,livecell_phase__test-Huh7_Phase_A12_1_04d00h00m_1.png
72,82.0,53.17766952966369,0.9832520868236755,0.6721311475409836,0.3643888796788489,1.3036563147580134,9,26,128.609756097561,2.4182038161844757,livecell_phase__test-Huh7_Phase_A12_1_04d00h00m_1.png
73,6.0,5.207106781186548,0.9770484855851236,0.5454545454545454,2.7807897046412133,0.9156993592711187,5,6,127.16666666666667,1.4624940645653537,livecell_phase__test-Huh7_Phase_A12_1_04d00h00m_1.png
74,4.0,4.0,0.0,1.0,3.141592653589793,-0.7853981633974483,2,2,131.75,3.344772040064913,livecell_phase__test-Huh7_Phase_A12_1_04d00h00m_1.png
75,135.0,68.6335136523794,0.9822809676084466,0.7670454545454546,0.3601398395080829,-0.9087217628550849,22,24,128.16296296296295,1.4867683443426447,livecell_phase__test-Huh7_Phase_A12_1_04d00h00m_1.png
76,81.0,65.24873734152916,0.9961015030923045,0.5547945205479452,0.23908408036823905,0.8729972571792679,24,27,128.8395061728395,2.4618410762130436,livecell_phase__test-Huh7_Phase_A12_1_04d00h00m_1.png
77,163.0,80.49137802864846,0.9707257886420103,0.4766081871345029,0.31615404527427926,0.9428555400366289,25,35,128.55828220858896,7.106635764960692,livecell_phase__test-Huh7_Phase_A12_1_04d00h00m_1.png
78,60.0,47.10660171779821,0.9942411517056066,0.6451612903225806,0.3397798058835438,-0.6722123790394532,22,17,129.9,5.271622141238881,livecell_phase__test-Huh7_Phase_A12_1_04d00h00m_1.png
79,1.0,0.0,0,1.0,0.0,-0.7853981633974483,1,1,131.0,0.0,livecell_phase__test-Huh7_Phase_A12_1_04d00h00m_1.png
80,9.0,8.207106781186548,0.9599397146648136,0.9,1.6790831580707237,1.3914109916596105,2,6,129.44444444444446,2.7125679146074897,livecell_phase__test-Huh7_Phase_A12_1_04d00h00m_1.png
81,54.0,49.34924240491749,0.9928121005181719,0.5346534653465347,0.2786394755655139,0.9473521747424832,18,23,129.25925925925927,5.834714710043623,livecell_phase__test-Huh7_Phase_A12_1_04d00h00m_1.png
82,15.0,12.242640687119284,0.8385023707172753,0.9375,1.2576242881690396,0.5549006157335474,5,4,130.8,9.122865047048908,livecell_phase__test-Huh7_Phase_A12_1_04d00h00m_1.png
83,52.0,39.3492424049175,0.9835709194658344,0.6046511627906976,0.42202721422632644,0.7244123857602321,16,15,128.21153846153845,1.6330309062685866,livecell_phase__test-Huh7_Phase_A12_1_04d00h00m_1.png
84,41.0,29.82842712474619,0.9579688474460355,0.3761467889908257,0.579072597685504,-1.3645963328959196,9,16,133.609756097561,12.334520364547558,livecell_phase__test-Huh7_Phase_A12_1_04d00h00m_1.png
85,9.0,8.621320343559642,0.9855070549889399,0.5294117647058824,1.5216150964638036,-1.0493255216488717,5,8,128.55555555555554,1.1653431646335017,livecell_phase__test-Huh7_Phase_A12_1_04d00h00m_1.png
86,22.0,15.207106781186548,0.8776695596104584,0.88,1.1954718492418601,-1.2698349177702428,4,8,134.27272727272728,7.040027235108852,livecell_phase__test-Huh7_Phase_A12_1_04d00h00m_1.png
87,14.0,12.242640687119284,0.933891522300935,0.9333333333333333,1.1737826689577704,-0.1843280563743959,7,3,129.92857142857142,2.282363615524351,livecell_phase__test-Huh7_Phase_A12_1_04d00h00m_1.png
1,29.0,20.621320343559645,0.9348098635143208,0.5918367346938775,0.856988361934745,-0.08188328825636725,12,6,129.10344827586206,4.212827927162031,livecell_phase__test-Huh7_Phase_A12_1_04d00h00m_2.png
3,45.0,32.69238815542512,0.9746851796540984,0.6617647058823529,0.5290894289216886,0.5770408416140019,15,9,126.71111111111111,6.410485238080992,livecell_phase__test-Huh7_Phase_A12_1_04d00h00m_2.png
4,117.0,76.29036790187178,0.9943395377172719,0.7134146341463414,0.2526133552711385,0.7443292059999607,31,26,130.39316239316238,3.9113188038811506,livecell_phase__test-Huh7_Phase_A12_1_04d00h00m_2.png
5,1.0,0.0,0,1.0,0.0,-0.7853981633974483,1,1,122.0,0.0,livecell_phase__test-Huh7_Phase_A12_1_04d00h00m_2.png
6,83.0,68.3492424049175,0.9962382105930565,0.16938775510204082,0.2232649484011175,0.7336064502987274,56,55,128.18072289156626,1.406907043565783,livecell_phase__test-Huh7_Phase_A12_1_04d00h00m_2.png
10,39.0,28.242640687119284,0.9889944785205668,0.30708661417322836,0.6144179138547008,1.1254556285230064,13,25,127.33333333333333,4.999145226081454,livecell_phase__test-Huh7_Phase_A12_1_04d00h00m_2.png
11,133.0,85.69848480983501,0.9940666962659273,0.6045454545454545,0.22757010928773092,-0.41772530577960737,38,20,131.39097744360902,7.449917581888728,livecell_phase__test-Huh7_Phase_A12_1_04d00h00m_2.png
12,42.0,34.31370849898476,0.9934659063521677,0.5454545454545454,0.44825365491460994,-0.9711526289985485,13,21,152.83333333333334,25.390208711483616,livecell_phase__test-Huh7_Phase_A12_1_04d00h00m_2.png
13,78.0,53.34924240491749,0.994129290487326,0.5032258064516129,0.3443879550733788,1.2300765190675391,16,38,128.85897435897436,1.8655057674993418,livecell_phase__test-Huh7_Phase_A12_1_04d00h00m_2.png
14,179.0,98.77564927611036,0.9864203966161732,0.5682539682539682,0.2305489288718237,0.8315701199460526,31,33,128.16201117318437,1.5895990077569095,livecell_phase__test-Huh7_Phase_A12_1_04d00h00m_2.png
15,49.0,41.44974746830583,0.9825903358285863,0.5268817204301075,0.3583951848274568,-0.8028997286023805,16,16,126.75510204081633,8.577451722441355,livecell_phase__test-Huh7_Phase_A12_1_04d00h00m_2.png
16,3.0,0.0,0.27216552697590846,0.2,0.0,0.7853981633974493,5,5,126.0,6.164414002968976,livecell_phase__test-Huh7_Phase_A12_1_04d00h00m_2.png
17,88.0,50.698484809834994,0.9900219423680681,0.7272727272727273,0.43023186786243045,0.8573588783382713,19,22,128.25,4.41137475995038,livecell_phase__test-Huh7_Phase_A12_1_04d00h00m_2.png
18,54.0,40.89949493661166,0.9784046666489258,0.39416058394160586,0.4056651818188268,-1.2091227179678319,12,22,128.7962962962963,4.218037237202953,livecell_phase__test-Huh7_Phase_A12_1_04d00h00m_2.png
19,12.0,12.0,0.9561828874675149,1.0,1.0471975511965976,1.5707963267948966,2,6,128.33333333333334,1.247219128924647,livecell_phase__test-Huh7_Phase_A12_1_04d00h00m_2.png
20,168.0,119.11879502661796,0.9970276633308128,0.4386422976501306,0.14878479900523786,0.8996169450798024,43,50,130.77380952380952,12.001836357979508,livecell_phase__test-Huh7_Phase_A12_1_04d00h00m_2.png
21,1.0,0.0,0,1.0,0.0,-0.7853981633974483,1,1,130.0,0.0,livecell_phase__test-Huh7_Phase_A12_1_04d00h00m_2.png
22,14.0,11.65685424949238,0.7985661365187726,0.9333333333333333,1.2947179437652614,1.1671955461463221,4,5,125.64285714285714,16.722983085122884,livecell_phase__test-Huh7_Phase_A12_1_04d00h00m_2.png
23,54.0,44.384776310850235,0.989964041408541,0.6666666666666666,0.3444574267508041,1.0254087835886885,13,19,128.88888888888889,2.7125679146074897,livecell_phase__test-Huh7_Phase_A12_1_04d00h00m_2.png
24,78.0,57.935028842544405,0.9649067017492498,0.20418848167539266,0.29202633076536794,1.0414315189754828,27,42,128.71794871794873,4.808905829751861,livecell_phase__test-Huh7_Phase_A12_1_04d00h00m_2.png
25,8.0,7.414213562373095,0.6123724356957945,1.0,1.8288145488861385,-0.7853981633974483,3,3,121.5,5.722761571129799,livecell_phase__test-Huh7_Phase_A12_1_04d00h00m_2.png
26,2.0,0.0,1.0,1.0,0.0,0.0,2,1,122.5,14.5,livecell_phase__test-Huh7_Phase_A12_1_04d00h00m_2.png
28,11.0,3.2071067811865475,0.9882059026640816,0.08661417322834646,13.439270923818473,0.7526982733218505,24,22,127.45454545454545,8.139283376581597,livecell_phase__test-Huh7_Phase_A12_1_04d00h00m_2.png
29,14.0,12.207106781186548,0.9912780616360551,0.5,1.180626188816438,1.127495326723456,5,12,127.78571428571429,2.1440472885433763,livecell_phase__test-Huh7_Phase_A12_1_04d00h00m_2.png
30,101.0,71.24873734152916,0.9930279734657412,0.6516129032258065,0.2500212333996066,1.0522364397941733,17,32,127.9009900990099,1.1035940430172493,livecell_phase__test-Huh7_Phase_A12_1_04d00h00m_2.png
31,76.0,47.00609665440987,0.9920498359921034,0.5390070921985816,0.43223017011146075,0.6851656779662822,27,19,128.57894736842104,6.9306017774237985,livecell_phase__test-Huh7_Phase_A12_1_04d00h00m_2.png
32,2.0,0.0,1.0,1.0,0.0,1.5707963267948966,1,2,131.0,2.0,livecell_phase__test-Huh7_Phase_A12_1_04d00h00m_2.png
33,1.0,0.0,0,1.0,0.0,-0.7853981633974483,1,1,139.0,0.0,livecell_phase__test-Huh7_Phase_A12_1_04d00h00m_2.png
34,140.0,83.08326112068522,0.9911412352254525,0.5533596837944664,0.25486537040232504,0.6888526071970246,38,28,127.49285714285715,2.916691933806979,livecell_phase__test-Huh7_Phase_A12_1_04d00h00m_2.png
35,47.0,26.935028842544405,0.9408214998960094,0.7966101694915254,0.8140907723730023,1.0787415558887317,8,13,130.2340425531915,17.35880764357679,livecell_phase__test-Huh7_Phase_A12_1_04d00h00m_2.png
36,80.0,59.66295090390226,0.9937578307243206,0.6722689075630253,0.2824167115840626,0.9708064858835666,18,24,129.175,1.759083568225228,livecell_phase__test-Huh7_Phase_A12_1_04d00h00m_2.png
37,2.0,0.0,1.0,1.0,0.0,0.0,2,1,138.5,12.5,livecell_phase__test-Huh7_Phase_A12_1_04d00h00m_2.png
38,1.0,0.0,0,1.0,0.0,-0.7853981633974483,1,1,145.0,0.0,livecell_phase__test-Huh7_Phase_A12_1_04d00h00m_2.png
39,9.0,6.0,0.9876494220208283,0.36,3.141592653589793,-0.5118214607880966,10,6,127.22222222222223,3.705184889007348,livecell_phase__test-Huh7_Phase_A12_1_04d00h00m_2.png
40,5.0,3.414213562373095,0.9950468467627629,0.35714285714285715,5.390120844526472,-0.4293564257503595,8,4,131.4,13.047605144240073,livecell_phase__test-Huh7_Phase_A12_1_04d00h00m_2.png
41,107.0,75.14823227814082,0.9910378190716346,0.5323383084577115,0.23809819526482415,0.790022935497754,29,29,129.52336448598132,6.4927649084861825,livecell_phase__test-Huh7_Phase_A12_1_04d00h00m_2.png
42,13.0,13.82842712474619,0.979700190633518,0.5652173913043478,0.8542945694865685,0.4392798565789841,10,5,129.46153846153845,2.5605103041681905,livecell_phase__test-Huh7_Phase_A12_1_04d00h00m_2.png
43,134.0,46.384776310850235,0.8898025328806206,0.9241379310344827,0.7826430432683803,-1.2893746314288645,10,19,128.06716417910448,2.9477989795424464,livecell_phase__test-Huh7_Phase_A12_1_04d00h00m_2.png
44,9.0,9.207106781186548,0.9294403032006735,1.0,1.3341541561850128,1.488221988087583,2,5,142.55555555555554,15.44244591385928,livecell_phase__test-Huh7_Phase_A12_1_04d00h00m_2.png
45,37.0,26.242640687119284,0.9638796947818312,0.9024390243902439,0.6751441669180012,-0.13474346003025148,12,4,136.1891891891892,17.15877812987141,livecell_phase__test-Huh7_Phase_A12_1_04d00h00m_2.png
46,2.0,0.0,1.0,0.5,0.0,-0.7853981633974483,4,4,133.0,6.0,livecell_phase__test-Huh7_Phase_A12_1_04d00h00m_2.png
47,71.0,46.79898987322333,0.9790950644276731,0.7717391304347826,0.4073758262651523,0.8210572884122018,15,16,128.0,1.1628037994676221,livecell_phase__test-Huh7_Phase_A12_1_04d00h00m_2.png
48,3.0,0.0,1.0,0.2727272727272727,0.0,0.0,11,1,129.0,4.320493798938574,livecell_phase__test-Huh7_Phase_A12_1_04d00h00m_2.png
49,23.0,16.071067811865476,0.9614925078677506,0.25274725274725274,1.11904675662114,0.7801226867036477,16,19,134.7826086956522,13.364314981840161,livecell_phase__test-Huh7_Phase_A12_1_04d00h00m_2.png
51,78.0,46.38477631085024,0.9773801614956084,0.7722772277227723,0.45556833861890783,1.2399401423526741,10,19,126.1923076923077,19.85786525846306,livecell_phase__test-Huh7_Phase_A12_1_04d00h00m_2.png
52,17.0,12.82842712474619,0.9151815299757273,0.5666666666666667,1.298111396050648,0.3948872515365262,10,6,128.35294117647058,13.894311897830237,livecell_phase__test-Huh7_Phase_A12_1_04d00h00m_2.png
53,129.0,75.04772721475248,0.9914089728054988,0.7166666666666667,0.28782233064849183,-0.5368964097489551,30,20,128.92248062015503,4.673216449733366,livecell_phase__test-Huh7_Phase_A12_1_04d00h00m_2.png
54,42.0,29.485281374238568,0.9946953555818709,0.30656934306569344,0.607083740477157,0.7304572240819577,25,22,128.45238095238096,1.6504311262498448,livecell_phase__test-Huh7_Phase_A12_1_04d00h00m_2.png
56,64.0,44.520815280171306,0.9571535771672776,0.4129032258064516,0.4057547574841476,-1.1642767311761886,10,21,127.234375,15.304964663774138,livecell_phase__test-Huh7_Phase_A12_1_04d00h00m_2.png
57,61.0,47.00609665440987,0.9928174279937211,0.6630434782608695,0.3469215839052514,0.6997104542064878,20,18,128.47540983606558,1.3623335497912612,livecell_phase__test-Huh7_Phase_A12_1_04d00h00m_2.png
58,20.0,17.82842712474619,0.9935033925501989,0.21505376344086022,0.790703751614041,0.5056140694595294,27,16,129.4,7.241546796092669,livecell_phase__test-Huh7_Phase_A12_1_04d00h00m_2.png
59,71.0,43.384776310850235,0.9536181274832846,0.5259259259259259,0.4740165308738157,0.8488339513112232,19,17,128.85915492957747,2.3871473614531213,livecell_phase__test-Huh7_Phase_A12_1_04d00h00m_2.png
60,14.0,11.071067811865476,0.629288982059086,1.0,1.4353535174681102,-1.1456752313195695,4,5,134.78571428571428,4.872350143243745,livecell_phase__test-Huh7_Phase_A12_1_04d00h00m_2.png
61,24.0,17.449747468305834,0.9870711563899522,0.25,0.990473392094297,1.0196847187139046,18,26,128.25,1.4505745987941008,livecell_phase__test-Huh7_Phase_A12_1_04d00h00m_2.png
62,10.0,8.0,1.0,1.0,1.9634954084936207,0.0,10,1,127.3,10.696261028976433,livecell_phase__test-Huh7_Phase_A12_1_04d00h00m_2.png
63,38.0,28.692388155425117,0.9409967783029107,0.20212765957446807,0.5800428340546815,-1.4367576421345216,12,21,128.31578947368422,28.576863353306877,livecell_phase__test-Huh7_Phase_A12_1_04d00h00m_2.png
64,5.0,4.207106781186548,0.9586907114045357,0.8333333333333334,3.5498728546441756,-0.19025318855618242,4,2,143.4,4.715930449020639,livecell_phase__test-Huh7_Phase_A12_1_04d00h00m_2.png
65,6.0,1.2071067811865475,0.995107287830164,0.46153846153846156,51.74516010745413,0.6932868288222833,7,6,124.33333333333333,5.70574758954123,livecell_phase__test-Huh7_Phase_A12_1_04d00h00m_2.png
66,3.0,3.414213562373095,0.816496580927726,1.0,3.2340725067158833,-0.7853981633974483,2,2,127.0,2.943920288775949,livecell_phase__test-Huh7_Phase_A12_1_04d00h00m_2.png
67,17.0,15.82842712474619,0.989112580352396,0.3148148148148148,0.8526744766513162,0.6376498348075156,18,12,127.52941176470588,1.0910139406465535,livecell_phase__test-Huh7_Phase_A12_1_04d00h00m_2.png
68,1.0,0.0,0,1.0,0.0,-0.7853981633974483,1,1,132.0,0.0,livecell_phase__test-Huh7_Phase_A12_1_04d00h00m_2.png
69,55.0,40.10660171779821,0.9625862345179805,0.3374233128834356,0.42967572957310135,0.8406389520087791,19,19,128.03636363636363,3.4110176373501866,livecell_phase__test-Huh7_Phase_A12_1_04d00h00m_2.png
70,3.0,1.0,1.0,1.0,37.69911184307752,1.5707963267948966,1,3,129.66666666666666,1.699673171197595,livecell_phase__test-Huh7_Phase_A12_1_04d00h00m_2.png
71,30.0,23.82842712474619,0.9917302339314943,0.26548672566371684,0.6639576303611503,1.0815649169105988,13,25,128.73333333333332,2.2350739485653612,livecell_phase__test-Huh7_Phase_A12_1_04d00h00m_2.png
72,581.0,193.00104602052653,0.9926669619266095,0.717283950617284,0.19600478367386479,0.9948173699724353,52,77,130.1944922547332,7.179170287426036,livecell_phase__test-Huh7_Phase_A12_1_04d00h00m_2.png
73,44.0,33.97056274847714,0.6697388569554973,0.19213973799126638,0.47913407471948655,1.2410620856232706,17,24,144.77272727272728,22.10703676163238,livecell_phase__test-Huh7_Phase_A12_1_04d00h00m_2.png
74,56.0,36.38477631085024,0.9569833677435196,0.6436781609195402,0.5315675638031087,-0.9129118539750347,13,15,130.69642857142858,17.79638771819513,livecell_phase__test-Huh7_Phase_A12_1_04d00h00m_2.png
75,51.0,37.89949493661166,0.9870634439648862,0.425,0.4461831808524852,1.1439110547883427,11,25,128.5686274509804,2.411206694572725,livecell_phase__test-Huh7_Phase_A12_1_04d00h00m_2.png
76,89.0,54.83452377915607,0.9809857146463776,0.6544117647058824,0.3719561282713762,0.5523176360508288,22,15,129.30337078651687,3.5990151411341498,livecell_phase__test-Huh7_Phase_A12_1_04d00h00m_2.png
77,4.0,4.621320343559642,0.7905694150420949,1.0,2.3536273758173025,0.0,3,2,129.0,1.5811388300841898,livecell_phase__test-Huh7_Phase_A12_1_04d00h00m_2.png
78,1.0,0.0,0,1.0,0.0,-0.7853981633974483,1,1,134.0,0.0,livecell_phase__test-Huh7_Phase_A12_1_04d00h00m_2.png
1,12.0,10.863961030678928,0.9392197309341591,0.6,1.2776582742581268,0.7050167930845309,6,6,168.75,38.371267462343056,livecell_phase__test-MCF7_Phase_H4_2_00d00h00m_3.png
2,59.0,44.38477631085024,0.9920241447253669,0.6555555555555556,0.376351632931434,-0.8477093104404413,18,18,128.42372881355934,2.256466337714253,livecell_phase__test-MCF7_Phase_H4_2_00d00h00m_3.png
3,102.0,69.39087296526012,0.9928724145117978,0.6455696202531646,0.26619833425451317,-0.6984164940072695,27,21,142.37254901960785,26.558083429782414,livecell_phase__test-MCF7_Phase_H4_2_00d00h00m_3.png
4,35.0,29.520815280171306,0.9766009165541272,0.7291666666666666,0.5046859491501787,0.8777331102857362,11,12,128.0857142857143,3.147528995181809,livecell_phase__test-MCF7_Phase_H4_2_00d00h00m_3.png
5,14.0,11.65685424949238,0.7498733429020775,0.9333333333333333,1.2947179437652614,0.9420000403794637,4,5,128.35714285714286,1.7157731642091874,livecell_phase__test-MCF7_Phase_H4_2_00d00h00m_3.png
6,41.0,33.14213562373095,0.9842063417749757,0.7321428571428571,0.4690646886634756,-0.8330353696119706,13,12,130.21951219512195,4.021358799126819,livecell_phase__test-MCF7_Phase_H4_2_00d00h00m_3.png
7,11.0,8.0,0.8175835570071508,0.9166666666666666,2.1598449493429825,1.2043887759016434,3,5,128.0909090909091,1.7814470856604934,livecell_phase__test-MCF7_Phase_H4_2_00d00h00m_3.png
8,47.0,34.27817459305203,0.9651719637911105,0.7230769230769231,0.5026577107144077,0.32964178406493627,16,7,132.12765957446808,32.13576056807067,livecell_phase__test-MCF7_Phase_H4_2_00d00h00m_3.png
9,46.0,35.935028842544405,0.9762602305869833,0.71875,0.44764289954760617,0.6951241514859776,13,12,148.06521739130434,29.019035861724376,livecell_phase__test-MCF7_Phase_H4_2_00d00h00m_3.png
10,33.0,30.449747468305834,0.9896318315967226,0.6,0.44725624518884405,-0.5180652371506531,16,10,134.06060606060606,7.819708565984603,livecell_phase__test-MCF7_Phase_H4_2_00d00h00m_3.png
11,6.0,6.0,0.7905694150420949,1.0,2.0943951023931953,1.5707963267948966,2,3,181.33333333333334,33.76224057862406,livecell_phase__test-MCF7_Phase_H4_2_00d00h00m_3.png
12,58.0,42.970562748477136,0.985601827338043,0.6987951807228916,0.39472603756203983,0.6875027329169213,17,15,129.58620689655172,3.332362125655638,livecell_phase__test-MCF7_Phase_H4_2_00d00h00m_3.png
13,1.0,0.0,0,1.0,0.0,-0.7853981633974483,1,1,156.0,0.0,livecell_phase__test-MCF7_Phase_H4_2_00d00h00m_3.png
14,70.0,48.248737341529164,0.9847258023062994,0.7954545454545454,0.3778644189645556,-0.9867034692365539,12,20,140.32857142857142,28.830896833863807,livecell_phase__test-MCF7_Phase_H4_2_00d00h00m_3.png
15,1.0,0.0,0,1.0,0.0,-0.7853981633974483,1,1,128.0,0.0,livecell_phase__test-MCF7_Phase_H4_2_00d00h00m_3.png
16,3.0,0.0,0.9987251422687046,0.23076923076923078,0.0,1.1739651077663469,5,10,97.66666666666667,14.613540144521982,livecell_phase__test-MCF7_Phase_H4_2_00d00h00m_3.png
17,15.0,4.82842712474619,0.9473797171821376,0.17647058823529413,8.085181266789707,1.056509927914231,10,19,136.6,36.49620984887791,livecell_phase__test-MCF7_Phase_H4_2_00d00h00m_3.png
18,17.0,12.82842712474619,0.759283494666158,0.9444444444444444,1.298111396050648,0.4346174027329314,5,4,127.6470588235294,3.6289874859263955,livecell_phase__test-MCF7_Phase_H4_2_00d00h00m_3.png
19,30.0,21.27817459305202,0.9634837503638732,0.8333333333333334,0.8326498010170699,-1.0442464727829377,6,11,129.2,2.315167380558045,livecell_phase__test-MCF7_Phase_H4_2_00d00h00m_3.png
20,41.0,29.899494936611664,0.9901841214546757,0.5324675324675324,0.5763230854321457,-0.6329081410893591,21,14,131.0487804878049,4.705737129018593,livecell_phase__test-MCF7_Phase_H4_2_00d00h00m_3.png
21,28.0,21.035533905932738,0.9235407665235061,0.7,0.7951715194402955,-0.9837261161992298,7,10,133.82142857142858,21.936684167049904,livecell_phase__test-MCF7_Phase_H4_2_00d00h00m_3.png
22,3.0,1.0,1.0,1.0,37.69911184307752,0.0,3,1,189.0,17.72004514666935,livecell_phase__test-MCF7_Phase_H4_2_00d00h00m_3.png
23,40.0,31.76345596729059,0.976991588566701,0.6451612903225806,0.4982121991429334,-0.8036879730665336,14,13,126.925,15.336863271216837,livecell_phase__test-MCF7_Phase_H4_2_00d00h00m_3.png
24,34.0,21.31370849898476,0.8890657262715548,0.9444444444444444,0.9405258522783919,0.5519269184007513,9,6,132.23529411764707,49.10496490024885,livecell_phase__test-MCF7_Phase_H4_2_00d00h00m_3.png
25,15.0,13.82842712474619,0.9828503214335462,0.4166666666666667,0.9857245032537326,0.9201509664476722,10,11,129.66666666666666,5.593647190240809,livecell_phase__test-MCF7_Phase_H4_2_00d00h00m_3.png
26,9.0,7.414213562373095,0.9119228339860663,0.6428571428571429,2.0574163674969057,1.0378288492270116,4,6,188.11111111111111,38.17341845503504,livecell_phase__test-MCF7_Phase_H4_2_00d00h00m_3.png
27,3.0,3.414213562373095,0.816496580927726,1.0,3.2340725067158833,-0.7853981633974483,2,2,133.0,4.320493798938574,livecell_phase__test-MCF7_Phase_H4_2_00d00h00m_3.png
28,18.0,14.449747468305832,0.9801981595942186,0.75,1.0833327059362696,0.7060390034711715,9,7,144.44444444444446,37.203975627197906,livecell_phase__test-MCF7_Phase_H4_2_00d00h00m_3.png
29,14.0,13.414213562373096,0.938871224006042,0.56,0.9777041691561844,1.029815809448354,6,7,150.85714285714286,28.99225793911477,livecell_phase__test-MCF7_Phase_H4_2_00d00h00m_3.png
30,30.0,21.899494936611667,0.9544654839142331,0.8333333333333334,0.7860730751299299,-0.9504498266528861,8,9,133.76666666666668,17.406288774143928,livecell_phase__test-MCF7_Phase_H4_2_00d00h00m_3.png
31,31.0,23.899494936611664,0.9621508058652114,0.8378378378378378,0.682015290531921,-0.8868475730380324,8,10,128.32258064516128,1.1746542874860082,livecell_phase__test-MCF7_Phase_H4_2_00d00h00m_3.png
32,99.0,65.3492424049175,0.9890893128099122,0.6644295302013423,0.29131573583520337,-0.18635578545143655,30,8,132.57575757575756,12.836257761316881,livecell_phase__test-MCF7_Phase_H4_2_00d00h00m_3.png
33,21.0,18.035533905932738,0.9486340472495364,0.6774193548387096,0.8112807145605295,0.8492272821209271,7,8,127.9047619047619,2.2446711903605094,livecell_phase__test-MCF7_Phase_H4_2_00d00h00m_3.png
34,61.0,50.04163056034261,0.9938086055775537,0.5446428571428571,0.30610949039812685,0.8756698721672831,21,23,128.0983606557377,1.7434177667075959,livecell_phase__test-MCF7_Phase_H4_2_00d00h00m_3.png
35,2.0,0.0,1.0,1.0,0.0,0.0,2,1,132.0,0.0,livecell_phase__test-MCF7_Phase_H4_2_00d00h00m_3.png
36,54.0,32.97056274847714,0.971007691583906,0.7297297297297297,0.624239008601108,-0.6606210090931365,17,12,135.27777777777777,21.479892980858537,livecell_phase__test-MCF7_Phase_H4_2_00d00h00m_3.png
37,24.0,17.86396103067893,0.9072716873288255,0.8571428571428571,0.9450734885362995,0.8238175605610223,7,6,154.41666666666666,32.08571419737381,livecell_phase__test-MCF7_Phase_H4_2_00d00h00m_3.png
39,27.0,22.692388155425117,0.9815434150200889,0.6136363636363636,0.6588904622460271,-0.9647235237224425,9,14,114.62962962962963,48.60281057880421,livecell_phase__test-MCF7_Phase_H4_2_00d00h00m_3.png
41,11.0,10.621320343559642,0.980588772523747,0.6111111111111112,1.2253087478784972,-0.834776181305189,7,6,174.1818181818182,45.30666854753319,livecell_phase__test-MCF7_Phase_H4_2_00d00h00m_3.png
42,17.0,12.414213562373096,0.9085869749678269,0.8947368421052632,1.386182337344828,0.18076527643383442,7,3,138.0,21.354156504062622,livecell_phase__test-MCF7_Phase_H4_2_00d00h00m_3.png
44,8.0,6.207106781186548,0.9875815944834367,0.5,2.609284399707912,1.0944126195387291,4,8,129.75,3.152380053229623,livecell_phase__test-MCF7_Phase_H4_2_00d00h00m_3.png
45,42.0,28.72792206135785,0.9514709166330567,0.9130434782608695,0.6395149870795891,1.193135743221131,6,13,114.30952380952381,33.07386257284638,livecell_phase__test-MCF7_Phase_H4_2_00d00h00m_3.png
46,24.0,19.242640687119284,0.9457917461526193,0.8571428571428571,0.8145012681102106,-0.1656658517334861,9,4,138.41666666666666,17.608986026710593,livecell_phase__test-MCF7_Phase_H4_2_00d00h00m_3.png
47,15.0,11.621320343559642,0.983555050317587,0.46875,1.3956938910021734,-0.06077750093203017,13,3,129.0,8.899438184514796,livecell_phase__test-MCF7_Phase_H4_2_00d00h00m_3.png
48,4.0,4.0,0.0,1.0,3.141592653589793,-0.7853981633974483,2,2,116.0,38.281849485101944,livecell_phase__test-MCF7_Phase_H4_2_00d00h00m_3.png
49,1.0,0.0,0,1.0,0.0,-0.7853981633974483,1,1,129.0,0.0,livecell_phase__test-MCF7_Phase_H4_2_00d00h00m_3.png
50,23.0,16.82842712474619,0.7941868658252464,0.9583333333333334,1.0205884457102004,-0.23908204782051937,7,4,141.7391304347826,23.809419749525052,livecell_phase__test-MCF7_Phase_H4_2_00d00h00m_3.png
51,23.0,16.44974746830583,0.878023686562208,0.92,1.0681179896678035,-1.1220308998914967,5,7,130.82608695652175,2.425447944518496,livecell_phase__test-MCF7_Phase_H4_2_00d00h00m_3.png
53,27.0,25.485281374238568,0.9811157710205705,0.6923076923076923,0.5223898890325498,-0.7121908227474907,10,11,141.0,25.668831077571276,livecell_phase__test-MCF7_Phase_H4_2_00d00h00m_3.png
54,23.0,17.27817459305202,0.9347554145613993,0.92,0.9681485151413707,0.5062282971911259,8,5,146.91304347826087,25.865728615760982,livecell_phase__test-MCF7_Phase_H4_2_00d00h00m_3.png
55,6.0,4.0,0.9889857504371846,0.42857142857142855,4.71238898038469,-0.49751900463583043,8,5,188.16666666666666,28.014381227425954,livecell_phase__test-MCF7_Phase_H4_2_00d00h00m_3.png
56,106.0,59.01219330881976,0.9849763540828667,0.803030303030303,0.38250068436508206,-0.7118421624346438,22,18,127.48113207547169,7.630909256235177,livecell_phase__test-MCF7_Phase_H4_2_00d00h00m_3.png
57,38.0,25.692388155425117,0.9609302931708479,0.6333333333333333,0.7234100058076424,1.0683146145276867,10,16,129.02631578947367,2.559675576742441,livecell_phase__test-MCF7_Phase_H4_2_00d00h00m_3.png
58,18.0,15.035533905932738,0.9691114791920685,0.2727272727272727,1.0005635102174197,0.9748543680432256,10,14,152.72222222222223,29.7037325667173,livecell_phase__test-MCF7_Phase_H4_2_00d00h00m_3.png
59,36.0,25.69238815542512,0.9254753869111911,0.8181818181818182,0.685335794975661,-0.8736833961395722,9,9,134.47222222222223,13.821251975593219,livecell_phase__test-MCF7_Phase_H4_2_00d00h00m_3.png
60,36.0,34.27817459305203,0.9828471375594485,0.32432432432432434,0.3850144167174186,-0.042805105763571834,27,6,127.69444444444444,9.051763009505214,livecell_phase__test-MCF7_Phase_H4_2_00d00h00m_3.png
61,10.0,9.207106781186548,0.9900263553633185,0.43478260869565216,1.4823935068722365,-0.9202853078113137,8,10,129.4,3.168595903550972,livecell_phase__test-MCF7_Phase_H4_2_00d00h00m_3.png
62,39.0,27.31370849898476,0.9675695841355291,0.78,0.6569209779266638,-1.0319535001347848,8,13,127.87179487179488,0.9655471991673196,livecell_phase__test-MCF7_Phase_H4_2_00d00h00m_3.png
63,71.0,48.21320343559643,0.9817085138345746,0.6826923076923077,0.38382763149807214,1.0720753855619214,13,21,152.11267605633802,28.476107749427985,livecell_phase__test-MCF7_Phase_H4_2_00d00h00m_3.png
64,53.0,36.9350288425444,0.9739423770182415,0.7361111111111112,0.48821244817672205,-1.1615820191334971,7,19,127.83018867924528,1.3280124041334167,livecell_phase__test-MCF7_Phase_H4_2_00d00h00m_3.png
65,3.0,3.414213562373095,0.816496580927726,1.0,3.2340725067158833,-0.7853981633974483,2,2,136.33333333333334,20.98147330914162,livecell_phase__test-MCF7_Phase_H4_2_00d00h00m_3.png
66,40.0,32.89949493661166,0.9689376858340817,0.43956043956043955,0.46439912594252325,0.14112271341376695,18,7,132.925,11.205774181197835,livecell_phase__test-MCF7_Phase_H4_2_00d00h00m_3.png
67,27.0,17.86396103067893,0.9756846568174323,0.46551724137931033,1.063207674603337,1.1343959262248475,9,18,133.07407407407408,22.69757031527241,livecell_phase__test-MCF7_Phase_H4_2_00d00h00m_3.png
69,32.0,23.27817459305202,0.9615299554641002,0.7619047619047619,0.7420992624271309,-0.8172462338390951,9,11,137.28125,50.345825531393366,livecell_phase__test-MCF7_Phase_H4_2_00d00h00m_3.png
71,5.0,2.414213562373095,0.7943886104534382,0.5555555555555556,10.780241689052945,-1.1397112994612835,3,4,85.8,36.42746216798529,livecell_phase__test-MCF7_Phase_H4_2_00d00h00m_3.png
72,17.0,16.449747468305834,0.9529813148752024,0.7083333333333334,0.7894785141022892,0.4633765328549607,8,5,132.47058823529412,6.55400772817961,livecell_phase__test-MCF7_Phase_H4_2_00d00h00m_3.png
73,9.0,6.414213562373095,0.9825947216041113,0.4090909090909091,2.7489417798719606,1.026437514094901,6,10,127.88888888888889,6.349880916546466,livecell_phase__test-MCF7_Phase_H4_2_00d00h00m_3.png
74,45.0,28.14213562373095,0.9267156410335807,0.8490566037735849,0.7140165436751992,-0.990075328820733,9,10,127.2,5.16225618202825,livecell_phase__test-MCF7_Phase_H4_2_00d00h00m_3.png
75,13.0,12.278174593052022,0.9563899604599706,0.65,1.0836414456873777,0.7723576427520721,7,7,170.3846153846154,42.291185591068796,livecell_phase__test-MCF7_Phase_H4_2_00d00h00m_3.png
76,8.0,7.414213562373095,0.6123724356957945,1.0,1.8288145488861385,0.7853981633974483,3,3,207.625,19.019315839430188,livecell_phase__test-MCF7_Phase_H4_2_00d00h00m_3.png
77,20.0,17.65685424949238,0.9681257188764698,0.6666666666666666,0.806145057197707,0.7907858858990399,9,10,146.4,42.742718678156166,livecell_phase__test-MCF7_Phase_H4_2_00d00h00m_3.png
78,15.0,14.0,0.9817649353604263,0.46875,0.9617120368132019,-0.6793004932239686,9,9,144.53333333333333,19.148077942417324,livecell_phase__test-MCF7_Phase_H4_2_00d00h00m_3.png
79,9.0,5.207106781186548,0.9442477390083636,0.45,4.17118455696182,-1.3407775686044936,4,8,134.77777777777777,26.935221789313452,livecell_phase__test-MCF7_Phase_H4_2_00d00h00m_3.png
80,7.0,2.0,0.9821072806167307,0.17073170731707318,21.991148575128552,1.0339894126233755,8,13,97.0,33.02812654173928,livecell_phase__test-MCF7_Phase_H4_2_00d00h00m_3.png
81,25.0,16.035533905932738,0.98760510917369,0.3472222222222222,1.2217519021653156,1.0517401001878548,12,21,137.16,11.127191918898497,livecell_phase__test-MCF7_Phase_H4_2_00d00h00m_3.png
82,1.0,0.0,0,1.0,0.0,-0.7853981633974483,1,1,130.0,0.0,livecell_phase__test-MCF7_Phase_H4_2_00d00h00m_3.png
83,8.0,7.207106781186548,0.9296526241123751,0.6666666666666666,1.9354320909169331,-1.3216838182153996,3,6,134.75,13.935117509371782,livecell_phase__test-MCF7_Phase_H4_2_00d00h00m_3.png
84,18.0,14.621320343559644,0.9532202310419612,0.6206896551724138,1.0580572916032633,-1.259348420262931,5,10,129.61111111111111,2.4751854899939407,livecell_phase__test-MCF7_Phase_H4_2_00d00h00m_3.png
85,24.0,21.242640687119284,0.9801067645255477,0.6,0.668350226115544,1.3818201515813486,5,14,159.04166666666666,42.93646388043099,livecell_phase__test-MCF7_Phase_H4_2_00d00h00m_3.png
86,14.0,13.449747468305834,0.9729365563605049,0.7,0.9725448522598933,1.2437549645877166,4,9,139.21428571428572,17.296484248162656,livecell_phase__test-MCF7_Phase_H4_2_00d00h00m_3.png
87,4.0,3.2071067811865475,0.9128709291752769,0.8,4.887007608661263,1.2490457723982544,2,3,132.5,2.958039891549808,livecell_phase__test-MCF7_Phase_H4_2_00d00h00m_3.png
88,8.0,8.621320343559642,0.9681745243144285,0.4444444444444444,1.3525467524122698,1.4745046880649373,3,7,151.625,39.600939067148396,livecell_phase__test-MCF7_Phase_H4_2_00d00h00m_3.png
89,4.0,4.0,0.0,1.0,3.141592653589793,-0.7853981633974483,2,2,138.25,7.8222439235810075,livecell_phase__test-MCF7_Phase_H4_2_00d00h00m_3.png
90,30.0,23.485281374238568,0.9589327581103805,0.7894736842105263,0.6835016749848144,0.6398039043176039,10,8,133.53333333333333,28.922578646371687,livecell_phase__test-MCF7_Phase_H4_2_00d00h00m_3.png
92,6.0,6.0,0.7905694150420949,1.0,2.0943951023931953,1.5707963267948966,2,3,129.0,2.886751345948129,livecell_phase__test-MCF7_Phase_H4_2_00d00h00m_3.png
93,42.0,27.27817459305202,0.8011793957419585,0.6774193548387096,0.7092976891346771,-1.051396636631883,9,10,124.71428571428571,42.58844338789669,livecell_phase__test-MCF7_Phase_H4_2_00d00h00m_3.png
94,8.0,8.0,0.8944271909999159,1.0,1.5707963267948966,1.5707963267948966,2,4,147.5,51.327380607235355,livecell_phase__test-MCF7_Phase_H4_2_00d00h00m_3.png
95,25.0,17.449747468305834,0.8753024177944122,0.8064516129032258,1.0317431167648927,-0.9080787726868209,7,8,127.68,30.12735633938033,livecell_phase__test-MCF7_Phase_H4_2_00d00h00m_3.png
96,7.0,6.207106781186548,0.7238845965239823,0.875,2.2831238497444226,0.53184891120128,3,3,141.0,12.059376908803017,livecell_phase__test-MCF7_Phase_H4_2_00d00h00m_3.png
97,2.0,0.0,1.0,1.0,0.0,1.5707963267948966,1,2,134.0,8.0,livecell_phase__test-MCF7_Phase_H4_2_00d00h00m_3.png
98,42.0,26.65685424949238,0.9050079986772707,0.7636363636363637,0.7427477751703876,1.5655764772853324,6,13,147.54761904761904,24.271482758238047,livecell_phase__test-MCF7_Phase_H4_2_00d00h00m_3.png
100,28.0,23.242640687119284,0.9817803135802746,0.6666666666666666,0.6513238158010143,-0.5250074103255962,11,8,127.67857142857143,4.6063122174791795,livecell_phase__test-MCF7_Phase_H4_2_00d00h00m_3.png
101,2.0,0.0,1.0,1.0,0.0,1.5707963267948966,1,2,132.5,0.5,livecell_phase__test-MCF7_Phase_H4_2_00d00h00m_3.png
102,52.0,33.10660171779821,0.9293313513146143,0.7647058823529411,0.5961890556342152,-1.0467577247539088,9,14,138.8846153846154,11.016864425740563,livecell_phase__test-MCF7_Phase_H4_2_00d00h00m_3.png
103,3.0,1.0,1.0,1.0,37.69911184307752,1.5707963267948966,1,3,125.33333333333333,0.4714045207910317,livecell_phase__test-MCF7_Phase_H4_2_00d00h00m_3.png
104,12.0,11.035533905932738,0.8999776367563602,0.8,1.2382388078556779,1.1485999450108761,4,6,174.83333333333334,46.43962627852306,livecell_phase__test-MCF7_Phase_H4_2_00d00h00m_3.png
105,22.0,15.65685424949238,0.7122331992630945,0.9166666666666666,1.1277777637249438,0.2971248666723223,6,5,139.13636363636363,25.550832497637217,livecell_phase__test-MCF7_Phase_H4_2_00d00h00m_3.png
106,2.0,0.0,1.0,1.0,0.0,0.0,2,1,128.5,4.5,livecell_phase__test-MCF7_Phase_H4_2_00d00h00m_3.png
107,18.0,13.242640687119284,0.8474432116852539,0.9473684210526315,1.2898320915163313,-0.829273469472596,5,6,132.27777777777777,7.723021541365469,livecell_phase__test-MCF7_Phase_H4_2_00d00h00m_3.png
108,4.0,2.0,1.0,1.0,12.566370614359172,0.0,4,1,134.75,9.67923034130297,livecell_phase__test-MCF7_Phase_H4_2_00d00h00m_3.png
109,7.0,5.207106781186548,0.9772681966993885,0.5384615384615384,3.244254655414749,-0.8660857186077942,5,6,104.71428571428571,11.743865094036918,livecell_phase__test-MCF7_Phase_H4_2_00d00h00m_3.png
110,64.0,52.071067811865476,0.9590858139644761,0.2794759825327511,0.29661756849506277,-1.4633551727601504,12,33,159.84375,33.383762309504604,livecell_phase__test-MCF7_Phase_H4_2_00d00h00m_3.png
111,36.0,29.035533905932738,0.9643201497406695,0.6428571428571429,0.5366025501401401,0.4474379683950713,13,7,148.66666666666666,30.282007859453444,livecell_phase__test-MCF7_Phase_H4_2_00d00h00m_3.png
112,5.0,4.621320343559642,0.97179218825223,0.7142857142857143,2.9420342197716285,1.02763712791596,3,4,129.4,1.3564659966250536,livecell_phase__test-MCF7_Phase_H4_2_00d00h00m_3.png
113,21.0,18.621320343559642,0.955252189174419,0.23595505617977527,0.7610412832481411,0.5288902084845986,16,11,128.42857142857142,2.106032798809141,livecell_phase__test-MCF7_Phase_H4_2_00d00h00m_3.png
114,22.0,16.86396103067893,0.8193241444827272,0.9565217391304348,0.9721054208033755,-0.10141612936517869,8,4,128.9090909090909,34.418426738791446,livecell_phase__test-MCF7_Phase_H4_2_00d00h00m_3.png
115,8.0,6.207106781186548,0.977824883719716,0.5333333333333333,2.609284399707912,0.8080018000858319,6,6,135.0,10.222524150130436,livecell_phase__test-MCF7_Phase_H4_2_00d00h00m_3.png
116,4.0,3.2071067811865475,0.9128709291752769,0.8,4.887007608661263,1.2490457723982544,2,3,148.25,19.40843888621648,livecell_phase__test-MCF7_Phase_H4_2_00d00h00m_3.png
117,41.0,26.97056274847714,0.9487214395465061,0.9318181818181818,0.7082942306278981,-0.7708610100297557,9,10,128.6341463414634,2.057183695996053,livecell_phase__test-MCF7_Phase_H4_2_00d00h00m_3.png
118,12.0,9.621320343559642,0.8755989883658383,0.9230769230769231,1.6290025362204212,1.2567522911767022,3,5,138.33333333333334,10.819221578078322,livecell_phase__test-MCF7_Phase_H4_2_00d00h00m_3.png
119,19.0,14.828427124746192,0.8413371192243777,0.95,1.0858586384011444,1.3165903899224607,4,6,139.73684210526315,25.15183807296702,livecell_phase__test-MCF7_Phase_H4_2_00d00h00m_3.png
120,36.0,32.207106781186546,0.923232989159317,0.2926829268292683,0.43612294739297325,0.46014984972386463,21,9,138.41666666666666,9.753560603412707,livecell_phase__test-MCF7_Phase_H4_2_00d00h00m_3.png
121,28.0,20.65685424949238,0.839808156383654,0.8235294117647058,0.8245927743585106,-0.5842525273758373,7,7,132.64285714285714,6.280436095608362,livecell_phase__test-MCF7_Phase_H4_2_00d00h00m_3.png
122,20.0,18.035533905932738,0.9571411063202876,0.7407407407407407,0.7726482995814566,-0.7443231488272857,7,7,176.55,41.79291207848527,livecell_phase__test-MCF7_Phase_H4_2_00d00h00m_3.png
123,1.0,0.0,0,1.0,0.0,-0.7853981633974483,1,1,128.0,0.0,livecell_phase__test-MCF7_Phase_H4_2_00d00h00m_3.png
124,34.0,23.692388155425117,0.896621047823188,0.85,0.7611514916337411,0.5025434694730799,10,7,139.91176470588235,24.023723136857896,livecell_phase__test-MCF7_Phase_H4_2_00d00h00m_3.png
125,16.0,15.242640687119286,0.9563478514839758,0.6666666666666666,0.8653851178766954,0.6537369513910021,7,7,131.0625,37.64549898394229,livecell_phase__test-MCF7_Phase_H4_2_00d00h00m_3.png
126,13.0,13.207106781186548,0.9629012481877472,0.5652173913043478,0.9365648146717186,0.846628692106119,6,7,128.6153846153846,10.03485051468486,livecell_phase__test-MCF7_Phase_H4_2_00d00h00m_3.png
127,46.0,29.14213562373095,0.9506665576161027,0.7301587301587301,0.680651719008023,0.8650424983576481,10,13,147.67391304347825,40.796981105184564,livecell_phase__test-MCF7_Phase_H4_2_00d00h00m_3.png
128,36.0,27.242640687119284,0.9724828224259382,0.8571428571428571,0.609556490634142,1.507029169713472,4,13,127.44444444444444,1.257078722109418,livecell_phase__test-MCF7_Phase_H4_2_00d00h00m_3.png
130,26.0,25.27817459305202,0.9862412171452748,0.6046511627906976,0.5113188385055222,-0.5649782924988261,14,9,155.92307692307693,37.60004406392986,livecell_phase__test-MCF7_Phase_H4_2_00d00h00m_3.png
131,24.0,15.621320343559642,0.9409438857960779,0.3037974683544304,1.2359065353960952,-1.0482224519845582,11,17,118.95833333333333,25.30395088826161,livecell_phase__test-MCF7_Phase_H4_2_00d00h00m_3.png
132,27.0,21.44974746830583,0.8985614628452565,0.75,0.7374443645167652,0.5550631314098282,9,7,139.74074074074073,22.14697135483865,livecell_phase__test-MCF7_Phase_H4_2_00d00h00m_3.png
133,36.0,30.44974746830583,0.9833453870349816,0.3333333333333333,0.48791590384237543,-0.829696998204217,20,20,143.44444444444446,21.45207118263156,livecell_phase__test-MCF7_Phase_H4_2_00d00h00m_3.png
134,18.0,16.0,0.9354200712005365,0.6666666666666666,0.8835729338221293,1.2695175185955698,5,8,138.55555555555554,11.096657265552354,livecell_phase__test-MCF7_Phase_H4_2_00d00h00m_3.png
135,91.0,56.38477631085023,0.9800986389347185,0.6363636363636364,0.35968931158823214,1.262424596127018,11,28,125.0989010989011,39.702756829864065,livecell_phase__test-MCF7_Phase_H4_2_00d00h00m_3.png
136,30.0,20.65685424949238,0.9012591631886095,0.8571428571428571,0.8834922582412614,-1.125472725382012,6,9,140.56666666666666,41.16202402970756,livecell_phase__test-MCF7_Phase_H4_2_00d00h00m_3.png
137,6.0,2.2071067811865475,0.995109059427949,0.4,15.477985098195974,-0.5379544421819111,9,5,119.66666666666667,6.847546194724712,livecell_phase__test-MCF7_Phase_H4_2_00d00h00m_3.png
138,5.0,5.207106781186548,0.816496580927726,1.0,2.3173247538676778,-1.2490457723982544,2,3,156.2,22.903274875004232,livecell_phase__test-MCF7_Phase_H4_2_00d00h00m_3.png
139,74.0,51.76345596729059,0.9796545795612746,0.6115702479338843,0.3470524027374443,-1.2441326975419627,12,20,134.8918918918919,26.196021756751623,livecell_phase__test-MCF7_Phase_H4_2_00d00h00m_3.png
140,44.0,30.14213562373095,0.9783586872241199,0.7096774193548387,0.6085755514742535,-0.7582613906527069,14,14,127.93181818181819,38.06716416550235,livecell_phase__test-MCF7_Phase_H4_2_00d00h00m_3.png
141,42.0,22.82842712474619,0.6901003495933841,0.4421052631578947,1.0127614806253273,-0.30804760360529443,19,8,131.88095238095238,16.22637826115005,livecell_phase__test-MCF7_Phase_H4_2_00d00h00m_3.png
142,8.0,7.449747468305833,0.9058142134119008,0.8888888888888888,1.8114099478736616,-1.182229382425998,3,5,129.75,9.270248108869579,livecell_phase__test-MCF7_Phase_H4_2_00d00h00m_3.png
143,6.0,3.0,0.9711976292892341,0.16666666666666666,8.377580409572781,-0.5328147825046827,12,9,118.66666666666667,10.656244908763854,livecell_phase__test-MCF7_Phase_H4_2_00d00h00m_3.png
144,55.0,35.520815280171306,0.954298872535848,0.7971014492753623,0.5477806702422757,-0.40633125633534883,14,9,132.5090909090909,16.473529982448955,livecell_phase__test-MCF7_Phase_H4_2_00d00h00m_3.png
145,6.0,4.0,0.9842776766463824,0.46153846153846156,4.71238898038469,-0.858532810435579,5,6,130.0,1.8257418583505538,livecell_phase__test-MCF7_Phase_H4_2_00d00h00m_3.png
146,3.0,1.0,1.0,1.0,37.69911184307752,1.5707963267948966,1,3,202.33333333333334,38.43898484033567,livecell_phase__test-MCF7_Phase_H4_2_00d00h00m_3.png
147,19.0,13.863961030678928,0.7283824440410698,0.8260869565217391,1.242192226125798,1.1655212813483269,5,6,136.73684210526315,11.87142569038941,livecell_phase__test-MCF7_Phase_H4_2_00d00h00m_3.png
148,14.0,13.414213562373096,0.9792427806758516,0.56,0.9777041691561844,1.0475720190523743,5,10,143.64285714285714,25.916368635773537,livecell_phase__test-MCF7_Phase_H4_2_00d00h00m_3.png
149,38.0,31.14213562373095,0.9695971691704459,0.7755102040816326,0.4923757747756323,0.9994723753404703,8,13,128.97368421052633,2.4439704764482513,livecell_phase__test-MCF7_Phase_H4_2_00d00h00m_3.png
150,2.0,0.0,1.0,1.0,0.0,1.5707963267948966,1,2,221.0,25.0,livecell_phase__test-MCF7_Phase_H4_2_00d00h00m_3.png
151,51.0,44.10660171779821,0.6450423471443191,0.35172413793103446,0.3294373563421069,0.39007943431862235,15,13,143.76470588235293,28.91677594054786,livecell_phase__test-MCF7_Phase_H4_2_00d00h00m_3.png
152,26.0,20.82842712474619,0.9764032117290822,0.5306122448979592,0.7531305450069953,-0.2864126791839445,14,6,152.34615384615384,30.33269663592574,livecell_phase__test-MCF7_Phase_H4_2_00d00h00m_3.png
153,2.0,0.0,1.0,1.0,0.0,0.0,2,1,128.0,1.0,livecell_phase__test-MCF7_Phase_H4_2_00d00h00m_3.png
154,13.0,12.449747468305834,0.9745802979391555,0.65,1.0539794221600365,0.9136986839991935,6,8,105.23076923076923,28.420344409091193,livecell_phase__test-MCF7_Phase_H4_2_00d00h00m_3.png
155,30.0,19.656854249492383,0.9172333466298033,0.6382978723404256,0.9756702971954301,0.5894443097186163,10,9,128.5,4.153311931459037,livecell_phase__test-MCF7_Phase_H4_2_00d00h00m_3.png
1,34.0,23.31370849898476,0.9411926788412319,0.8947368421052632,0.7860787515717659,0.5727059824804797,10,7,131.55882352941177,5.6213415630842185,livecell_phase__train-Huh7_Phase_A10_1_00d16h00m_1.png
2,31.0,20.52081528017131,0.9465416633961252,0.7948717948717948,0.9250864840432974,0.6335806667698919,11,8,129.61290322580646,5.597680506705512,livecell_phase__train-Huh7_Phase_A10_1_00d16h00m_1.png
3,65.0,54.798989873223334,0.9918027021982698,0.6842105263157895,0.2720057686164057,0.7601353675343417,19,19,128.12307692307692,1.0304247415163292,livecell_phase__train-Huh7_Phase_A10_1_00d16h00m_1.png
4,20.0,3.414213562373095,0.9874776729752892,0.15873015873015872,21.56048337810589,0.4267242784814434,28,14,129.8,5.163332257370233,livecell_phase__train-Huh7_Phase_A10_1_00d16h00m_1.png
5,8.0,4.035533905932738,0.9949556986167072,0.4444444444444444,6.173022358097235,0.5492983483008248,10,6,138.25,16.253845698787718,livecell_phase__train-Huh7_Phase_A10_1_00d16h00m_1.png
6,27.0,19.65685424949238,0.9857762325838537,0.17532467532467533,0.8781032674758875,0.5865216653515466,32,20,128.55555555555554,1.8525924445036743,livecell_phase__train-Huh7_Phase_A10_1_00d16h00m_1.png
8,21.0,10.621320343559642,0.997771828517644,0.2916666666666667,2.339225791404404,-1.3200676349887515,9,28,127.95238095238095,0.9988655696858585,livecell_phase__train-Huh7_Phase_A10_1_00d16h00m_1.png
9,78.0,56.698484809834994,0.993807393960424,0.624,0.30490290380664314,0.9754162147522433,19,28,128.0897435897436,1.3698764443245675,livecell_phase__train-Huh7_Phase_A10_1_00d16h00m_1.png
11,61.0,47.55634918610404,0.9913327218017467,0.5596330275229358,0.3389398903058751,0.8764798951751377,17,21,128.04918032786884,8.398724004389482,livecell_phase__train-Huh7_Phase_A10_1_00d16h00m_1.png
12,195.0,83.01219330881975,0.9767060446109568,0.75,0.3555991366723545,1.0565775543133729,20,33,128.02564102564102,1.2666770476061693,livecell_phase__train-Huh7_Phase_A10_1_00d16h00m_1.png
13,7.0,1.2071067811865475,0.9486679688694596,0.16666666666666666,60.36935345869649,1.0111616586268062,8,13,129.0,1.7728105208558367,livecell_phase__train-Huh7_Phase_A10_1_00d16h00m_1.png
14,21.0,16.449747468305834,0.9809535675326059,0.3333333333333333,0.9752381644792985,0.4692392306159224,18,8,131.76190476190476,7.621428199520974,livecell_phase__train-Huh7_Phase_A10_1_00d16h00m_1.png
16,73.0,44.62741699796952,0.9727772812692284,0.8021978021978022,0.4606056090404521,0.8211140167278099,15,14,128.87671232876713,2.9093387917044824,livecell_phase__train-Huh7_Phase_A10_1_00d16h00m_1.png
17,6.0,1.2071067811865475,0.9880563277317188,0.42857142857142855,51.74516010745413,-0.521662871514718,8,5,146.66666666666666,20.941718065993427,livecell_phase__train-Huh7_Phase_A10_1_00d16h00m_1.png
18,15.0,10.621320343559642,0.9907947933032579,0.375,1.6708755652888598,1.1104925068251008,8,13,135.93333333333334,16.28687269619991,livecell_phase__train-Huh7_Phase_A10_1_00d16h00m_1.png
19,114.0,59.21320343559643,0.9849661984631896,0.6031746031746031,0.40858046771345374,1.2648874964539698,12,38,136.06140350877192,13.402857176225652,livecell_phase__train-Huh7_Phase_A10_1_00d16h00m_1.png
20,77.0,57.21320343559643,0.9811648662076699,0.5099337748344371,0.2956024702349493,0.8740635785936449,21,21,128.66233766233765,3.164783448451811,livecell_phase__train-Huh7_Phase_A10_1_00d16h00m_1.png
21,5.0,3.414213562373095,0.9444348716052978,0.7142857142857143,5.390120844526472,-0.5535743588970452,4,3,126.2,13.407460609675494,livecell_phase__train-Huh7_Phase_A10_1_00d16h00m_1.png
22,38.0,27.556349186104047,0.9878984214096944,0.6229508196721312,0.6288543970222227,0.7721347658614924,16,16,128.68421052631578,3.0184107281978254,livecell_phase__train-Huh7_Phase_A10_1_00d16h00m_1.png
23,49.0,34.17766952966369,0.9583039322005465,0.765625,0.5271340275303463,0.7273169990913225,14,13,135.9387755102041,14.6836131949806,livecell_phase__train-Huh7_Phase_A10_1_00d16h00m_1.png
25,1.0,0.0,0,1.0,0.0,-0.7853981633974483,1,1,103.0,0.0,livecell_phase__train-Huh7_Phase_A10_1_00d16h00m_1.png
26,133.0,74.39087296526012,0.9903484283056437,0.6519607843137255,0.30201060599343277,0.9871706480056485,22,29,127.88721804511279,8.48851868134742,livecell_phase__train-Huh7_Phase_A10_1_00d16h00m_1.png
27,30.0,18.863961030678926,0.9902106304639627,0.297029702970297,1.059413096939731,0.40190574982716876,29,12,130.8,5.127702539474509,livecell_phase__train-Huh7_Phase_A10_1_00d16h00m_1.png
28,23.0,16.82842712474619,0.7546975859768625,0.9583333333333334,1.0205884457102004,1.0005287624295012,5,6,125.43478260869566,21.231285543327473,livecell_phase__train-Huh7_Phase_A10_1_00d16h00m_1.png
29,48.0,30.31370849898476,0.9391761040979522,0.7741935483870968,0.6564066334950172,1.0867231601197196,8,13,128.39583333333334,8.467436603771466,livecell_phase__train-Huh7_Phase_A10_1_00d16h00m_1.png
30,65.0,53.14213562373095,0.9922556500592232,0.5,0.28923124953326146,1.131672995606381,13,28,128.6,4.1130187304366945,livecell_phase__train-Huh7_Phase_A10_1_00d16h00m_1.png
31,133.0,86.76955262170047,0.9888769962218467,0.6363636363636364,0.22198661481062495,0.945240482625872,24,31,131.47368421052633,12.995417901190896,livecell_phase__train-Huh7_Phase_A10_1_00d16h00m_1.png
32,94.0,66.5269119345812,0.9929936630576182,0.7121212121212122,0.26689656734820383,0.8551252422281925,20,25,126.18085106382979,12.946668647297821,livecell_phase__train-Huh7_Phase_A10_1_00d16h00m_1.png
33,114.0,71.76955262170047,0.9910712529968426,0.6404494382022472,0.27812129138928615,0.6349254598422629,30,21,128.16666666666666,1.0166738567476554,livecell_phase__train-Huh7_Phase_A10_1_00d16h00m_1.png
34,75.0,53.2842712474619,0.9870092102131236,0.6578947368421053,0.3319503008041383,-0.7508657867615093,20,18,133.52,10.271462083527025,livecell_phase__train-Huh7_Phase_A10_1_00d16h00m_1.png
35,8.0,7.207106781186548,0.9781641330976785,0.5714285714285714,1.9354320909169331,-0.8082394039347797,5,6,131.625,3.0388114452858046,livecell_phase__train-Huh7_Phase_A10_1_00d16h00m_1.png
36,48.0,31.79898987322333,0.9659763038917264,0.9230769230769231,0.5965192354929806,0.7236517789948486,12,10,138.08333333333334,21.811534919751878,livecell_phase__train-Huh7_Phase_A10_1_00d16h00m_1.png
37,26.0,17.035533905932738,0.8726380936131117,0.9285714285714286,1.125827139189302,0.2194806334726034,8,4,129.76923076923077,6.885367384800077,livecell_phase__train-Huh7_Phase_A10_1_00d16h00m_1.png
38,161.0,110.01828996322963,0.9942322761768831,0.5278688524590164,0.16714983775466122,0.6523405976996829,41,32,128.5527950310559,2.042713519611872,livecell_phase__train-Huh7_Phase_A10_1_00d16h00m_1.png
39,2.0,0.0,1.0,1.0,0.0,0.0,2,1,130.5,7.5,livecell_phase__train-Huh7_Phase_A10_1_00d16h00m_1.png
40,4.0,3.414213562373095,0.9931362588348003,0.4444444444444444,4.312096675621178,-0.6245228861991272,6,5,137.0,12.786711852544421,livecell_phase__train-Huh7_Phase_A10_1_00d16h00m_1.png
41,187.0,86.32590180780451,0.9906263408616653,0.8025751072961373,0.3153328548664614,0.8315264185805713,28,28,128.63636363636363,3.7439953546127938,livecell_phase__train-Huh7_Phase_A10_1_00d16h00m_1.png
42,5.0,4.207106781186548,0.9586907114045357,0.8333333333333334,3.5498728546441756,-0.19025318855618242,4,2,125.4,13.74918179383777,livecell_phase__train-Huh7_Phase_A10_1_00d16h00m_1.png
43,8.0,6.414213562373095,0.9802741963348827,0.5714285714285714,2.4435038043306316,0.8960553845713439,5,7,126.5,4.6097722286464435,livecell_phase__train-Huh7_Phase_A10_1_00d16h00m_1.png
44,56.0,44.3492424049175,0.9856585379937703,0.6021505376344086,0.35778776086265596,0.9394836815762668,14,18,128.10714285714286,1.2911591058946585,livecell_phase__train-Huh7_Phase_A10_1_00d16h00m_1.png
46,56.0,35.72792206135785,0.9809786447022567,0.7671232876712328,0.5512928683128415,0.4040338814913108,20,8,127.71428571428571,5.02747552993365,livecell_phase__train-Huh7_Phase_A10_1_00d16h00m_1.png
47,10.0,7.414213562373095,0.9668645985903921,0.38461538461538464,2.286018186107673,0.4188940408009053,11,5,130.7,4.733920151417849,livecell_phase__train-Huh7_Phase_A10_1_00d16h00m_1.png
49,26.0,21.242640687119284,0.9827990182562315,0.5531914893617021,0.7240460782918394,0.34987594463259764,14,6,132.42307692307693,8.307425209381512,livecell_phase__train-Huh7_Phase_A10_1_00d16h00m_1.png
50,84.0,70.24873734152916,0.7135321965243113,0.11067193675889328,0.2139006502941762,0.5740059377905233,40,28,129.71428571428572,9.096796176691665,livecell_phase__train-Huh7_Phase_A10_1_00d16h00m_1.png
51,60.0,39.00609665440987,0.9728810100507419,0.6521739130434783,0.4955598687546163,-0.8525805797211159,15,17,128.88333333333333,1.4842693675864755,livecell_phase__train-Huh7_Phase_A10_1_00d16h00m_1.png
52,24.0,20.656854249492383,0.9924034381762715,0.2033898305084746,0.7067938065930089,0.27602045191048113,26,10,129.29166666666666,7.876543058700025,livecell_phase__train-Huh7_Phase_A10_1_00d16h00m_1.png
53,106.0,60.55634918610404,0.9767736312514482,0.7310344827586207,0.36324225249761244,-1.335220163722444,9,30,128.02830188679246,1.0855617376376412,livecell_phase__train-Huh7_Phase_A10_1_00d16h00m_1.png
54,93.0,71.38477631085024,0.9951042248050225,0.2727272727272727,0.22934094973126945,0.8279784495152099,35,43,128.32258064516128,1.5737175377613508,livecell_phase__train-Huh7_Phase_A10_1_00d16h00m_1.png
55,42.0,39.14213562373095,0.996754896784648,0.3387096774193548,0.34448484419234643,0.8058848164894432,23,25,130.61904761904762,7.849635663223579,livecell_phase__train-Huh7_Phase_A10_1_00d16h00m_1.png
56,104.0,72.79898987322332,0.9918017025811786,0.5621621621621622,0.24659967322696272,1.3858245420659898,11,36,128.95192307692307,8.702762390462702,livecell_phase__train-Huh7_Phase_A10_1_00d16h00m_1.png
57,3.0,3.414213562373095,0.816496580927726,1.0,3.2340725067158833,-0.7853981633974483,2,2,125.0,2.160246899469287,livecell_phase__train-Huh7_Phase_A10_1_00d16h00m_1.png
58,114.0,66.2193000900063,0.9882850783815226,0.6666666666666666,0.32669729837958783,0.8090298569731745,24,25,129.66666666666666,6.3088168138441985,livecell_phase__train-Huh7_Phase_A10_1_00d16h00m_1.png
60,1.0,0.0,0,1.0,0.0,-0.7853981633974483,1,1,139.0,0.0,livecell_phase__train-Huh7_Phase_A10_1_00d16h00m_1.png
61,12.0,9.035533905932738,0.8836635559135502,0.7058823529411765,1.8470704917189835,0.9985792487806615,5,6,128.08333333333334,1.2555432644432805,livecell_phase__train-Huh7_Phase_A10_1_00d16h00m_1.png
62,58.0,49.9350288425444,0.9910879962718149,0.42962962962962964,0.2922989447367163,-0.4503139909803474,26,14,129.05172413793105,3.104070818785881,livecell_phase__train-Huh7_Phase_A10_1_00d16h00m_1.png
63,3.0,0.0,0.9993188770772369,0.3333333333333333,0.0,-0.2940013017737838,8,3,126.33333333333333,1.247219128924647,livecell_phase__train-Huh7_Phase_A10_1_00d16h00m_1.png
64,106.0,64.76955262170047,0.9906340477141644,0.7361111111111112,0.3175220828156245,0.8938125840323656,23,25,128.88679245283018,2.4737137107923193,livecell_phase__train-Huh7_Phase_A10_1_00d16h00m_1.png
65,63.0,41.21320343559643,0.9755004191229347,0.75,0.4660984597554941,0.5248780751974198,17,10,128.57142857142858,1.1914281907806479,livecell_phase__train-Huh7_Phase_A10_1_00d16h00m_1.png
66,207.0,122.80508652763321,0.9703161973786428,0.5798319327731093,0.1724834771138985,0.32664301348833447,40,17,129.07729468599032,2.820527998180923,livecell_phase__train-Huh7_Phase_A10_1_00d16h00m_1.png
67,11.0,5.0,0.9953066117530921,0.1864406779661017,5.529203070318036,-0.8377371945895611,17,19,126.0909090909091,13.989960981520385,livecell_phase__train-Huh7_Phase_A10_1_00d16h00m_1.png
68,12.0,10.207106781186548,0.9886079858862895,0.42857142857142855,1.4473907532358592,1.1806688609215277,6,12,115.0,10.622303579418794,livecell_phase__train-Huh7_Phase_A10_1_00d16h00m_1.png
70,60.0,40.420310216782966,0.9741933849732565,0.7228915662650602,0.46148950591895177,-0.7559134290369779,17,13,128.31666666666666,1.678210025261704,livecell_phase__train-Huh7_Phase_A10_1_00d16h00m_1.png
71,9.0,8.0,0.9808212246969364,0.23684210526315788,1.7671458676442586,-0.9129893587078575,11,13,126.22222222222223,10.633048875795772,livecell_phase__train-Huh7_Phase_A10_1_00d16h00m_1.png
72,86.0,55.45584412271572,0.9761056857254289,0.5408805031446541,0.35140964291716653,0.6497754431622124,22,19,130.43023255813952,5.777946641132745,livecell_phase__train-Huh7_Phase_A10_1_00d16h00m_1.png
73,94.0,65.94112549695427,0.993705353153074,0.706766917293233,0.27165956855788975,-0.6781408323235748,26,21,128.27659574468086,1.3241155644682225,livecell_phase__train-Huh7_Phase_A10_1_00d16h00m_1.png
75,45.0,33.27817459305202,0.9840608263255864,0.7142857142857143,0.5106265426754514,1.106624757532014,9,17,129.6888888888889,4.550078007742638,livecell_phase__train-Huh7_Phase_A10_1_00d16h00m_1.png
76,51.0,37.384776310850235,0.983938434993787,0.7285714285714285,0.4585539800427972,-0.958105832061671,12,18,155.66666666666666,28.3055226833755,livecell_phase__train-Huh7_Phase_A10_1_00d16h00m_1.png
77,132.0,69.35533905932738,0.9877103820586665,0.7415730337078652,0.3448450503178942,1.0718652511982965,18,29,127.64393939393939,6.996896038826437,livecell_phase__train-Huh7_Phase_A10_1_00d16h00m_1.png
78,12.0,10.035533905932738,0.932256786313906,0.04395604395604396,1.4973045520592334,-0.99711929479572,20,28,133.33333333333334,3.9860869143671325,livecell_phase__train-Huh7_Phase_A10_1_00d16h00m_1.png
79,20.0,13.65685424949238,0.993585371945603,0.37735849056603776,1.347530211131618,-0.6286471147704176,18,13,131.3,4.026164427839479,livecell_phase__train-Huh7_Phase_A10_1_00d16h00m_1.png
82,35.0,33.69238815542512,0.9941752606490584,0.40229885057471265,0.38744879776672797,0.6490172423327958,22,17,128.34285714285716,2.551670121344698,livecell_phase__train-Huh7_Phase_A10_1_00d16h00m_1.png
83,138.0,90.62741699796953,0.9854593352744383,0.5227272727272727,0.21113962507140313,0.09102788008499872,41,9,128.97826086956522,3.6642957907477935,livecell_phase__train-Huh7_Phase_A10_1_00d16h00m_1.png
84,13.0,10.207106781186548,0.9183172653731998,0.65,1.5680066493388476,-0.506732018215298,7,5,129.46153846153845,4.0499835634117485,livecell_phase__train-Huh7_Phase_A10_1_00d16h00m_1.png
85,3.0,3.414213562373095,0.816496580927726,1.0,3.2340725067158833,0.7853981633974483,2,2,128.33333333333334,9.392668535736915,livecell_phase__train-Huh7_Phase_A10_1_00d16h00m_1.png
86,2.0,0.0,1.0,1.0,0.0,1.5707963267948966,1,2,128.0,1.0,livecell_phase__train-Huh7_Phase_A10_1_00d16h00m_1.png
87,53.0,35.9350288425444,0.9621545083906856,0.7571428571428571,0.5157624712178943,0.5982881042906154,15,11,128.56603773584905,17.716328076858307,livecell_phase__train-Huh7_Phase_A10_1_00d16h00m_1.png
88,44.0,34.7634559672906,0.9845137543491553,0.44,0.4575269186618183,-1.1965749369075696,10,23,129.02272727272728,5.8406437859803395,livecell_phase__train-Huh7_Phase_A10_1_00d16h00m_1.png
89,21.0,13.071067811865476,0.9252812152752597,0.875,1.5445679653801043,-0.6213382158897955,7,6,130.28571428571428,10.493276110796616,livecell_phase__train-Huh7_Phase_A10_1_00d16h00m_1.png
90,86.0,55.69238815542512,0.9909307308564281,0.7226890756302521,0.34843087581683785,1.4199134682233456,6,33,127.90697674418605,2.4429676338265893,livecell_phase__train-Huh7_Phase_A10_1_00d16h00m_1.png
91,18.0,16.071067811865476,0.9259448248004342,0.75,0.875775722573066,0.5906522538436403,7,6,133.83333333333334,9.476579317219667,livecell_phase__train-Huh7_Phase_A10_1_00d16h00m_1.png
92,29.0,19.035533905932738,0.7856218023549659,0.90625,1.0057215064384284,-0.8959462261842561,6,7,146.44827586206895,28.209299282202416,livecell_phase__train-Huh7_Phase_A10_1_00d16h00m_1.png
93,12.0,9.414213562373096,0.5547028811470086,0.6666666666666666,1.7014649922130174,0.9190277124754039,6,5,127.0,6.137317546507322,livecell_phase__train-Huh7_Phase_A10_1_00d16h00m_1.png
94,18.0,16.82842712474619,0.9627488004122762,0.6923076923076923,0.7987213922949395,0.9078874949608804,7,8,157.38888888888889,49.918977563524415,livecell_phase__train-Huh7_Phase_A10_1_00d16h00m_1.png
95,84.0,75.62741699796952,0.9477670471638859,0.06807131280388978,0.18455703943056814,-0.14714240775137538,67,30,129.35714285714286,3.963052146127422,livecell_phase__train-Huh7_Phase_A10_1_00d16h00m_1.png
96,3.0,3.414213562373095,0.816496580927726,1.0,3.2340725067158833,0.7853981633974483,2,2,132.0,1.4142135623730951,livecell_phase__train-Huh7_Phase_A10_1_00d16h00m_1.png
97,13.0,13.035533905932738,0.9968323209106336,0.37142857142857144,0.9613810760234656,-0.6451574832023965,16,12,131.07692307692307,3.7098940159346134,livecell_phase__train-Huh7_Phase_A10_1_00d16h00m_1.png
98,35.0,35.89949493661167,0.9793081284190385,0.22151898734177214,0.34127245068437767,0.238281047296453,29,12,129.11428571428573,2.56093095317675,livecell_phase__train-Huh7_Phase_A10_1_00d16h00m_1.png
99,136.0,78.04772721475248,0.9911212101142057,0.7351351351351352,0.28056161378369154,0.6580279047039289,29,24,128.4191176470588,6.300741257814344,livecell_phase__train-Huh7_Phase_A10_1_00d16h00m_1.png
100,13.0,8.414213562373096,0.9926093308935289,0.2,2.3074173555187145,0.6145209407605059,21,13,134.6153846153846,14.242614612700757,livecell_phase__train-Huh7_Phase_A10_1_00d16h00m_1.png
101,26.0,23.071067811865476,0.9916464724643058,0.5416666666666666,0.613829590840003,0.7281240373371783,15,14,129.34615384615384,1.960029585575524,livecell_phase__train-Huh7_Phase_A10_1_00d16h00m_1.png
102,7.0,7.414213562373095,0.9190862167414559,0.875,1.6002127302753713,0.5213609391842685,4,3,190.71428571428572,18.606560177331353,livecell_phase__train-Huh7_Phase_A10_1_00d16h00m_1.png
103,4.0,4.414213562373095,0.9241763718304448,1.0,2.5796641830326625,-0.5535743588970452,3,2,137.0,15.700318468107582,livecell_phase__train-Huh7_Phase_A10_1_00d16h00m_1.png
104,52.0,40.48528137423857,0.9924784570718339,0.5531914893617021,0.3986748905631808,0.48081761523506095,23,12,129.09615384615384,7.117853002201349,livecell_phase__train-Huh7_Phase_A10_1_00d16h00m_1.png
105,73.0,58.79898987322333,0.9943051693583987,0.5447761194029851,0.26533405463319854,-0.7910727826657046,22,25,131.78082191780823,15.437231790442494,livecell_phase__train-Huh7_Phase_A10_1_00d16h00m_1.png
107,34.0,19.82842712474619,0.6666169004172227,0.918918918918919,1.0867064633389947,1.46219935828705,6,7,130.2941176470588,10.736220749693961,livecell_phase__train-Huh7_Phase_A10_1_00d16h00m_1.png
108,4.0,3.414213562373095,0.9913406845149985,0.5,4.312096675621178,0.7394751002650796,5,5,126.25,8.437268515343103,livecell_phase__train-Huh7_Phase_A10_1_00d16h00m_1.png
109,10.0,8.242640687119284,0.9986363428423152,0.10869565217391304,1.8495970625218023,1.5580793178604333,3,37,128.1,3.534119409414459,livecell_phase__train-Huh7_Phase_A10_1_00d16h00m_1.png
110,28.0,20.44974746830583,0.9775463869947381,0.5833333333333334,0.8413796363649743,-0.6199548353989002,13,10,128.5,2.8970428272390354,livecell_phase__train-Huh7_Phase_A10_1_00d16h00m_1.png
111,27.0,21.82842712474619,0.989172757474312,0.5869565217391305,0.7120799241985455,1.176567692198983,7,14,133.2962962962963,17.555868101609143,livecell_phase__train-Huh7_Phase_A10_1_00d16h00m_1.png
112,33.0,26.485281374238568,0.9419773783598656,0.673469387755102,0.5911730419449852,0.9122198172833128,9,10,129.36363636363637,5.2328692043842295,livecell_phase__train-Huh7_Phase_A10_1_00d16h00m_1.png
113,1.0,0.0,0,1.0,0.0,-0.7853981633974483,1,1,112.0,0.0,livecell_phase__train-Huh7_Phase_A10_1_00d16h00m_1.png
114,18.0,13.035533905932738,0.9944262877076646,0.32727272727272727,1.331143028340183,0.7160972362571547,15,14,129.72222222222223,2.42224770628796,livecell_phase__train-Huh7_Phase_A10_1_00d16h00m_1.png
115,132.0,76.00609665440987,0.9864179379706081,0.631578947368421,0.28713553053598445,-1.4335072431853277,10,35,129.99242424242425,8.209839082431051,livecell_phase__train-Huh7_Phase_A10_1_00d16h00m_1.png
116,6.0,5.0,0.9252741613028527,0.8571428571428571,3.015928947446201,0.22572654577627715,4,2,126.33333333333333,2.2110831935702664,livecell_phase__train-Huh7_Phase_A10_1_00d16h00m_1.png
117,25.0,19.071067811865476,0.8952127964269715,0.8333333333333334,0.8637734519852415,-1.0161828284171601,7,7,127.24,14.994078831325384,livecell_phase__train-Huh7_Phase_A10_1_00d16h00m_1.png
118,6.0,6.414213562373095,0.9128709291752768,1.0,1.8326278532479736,-0.3217505543966422,4,2,129.16666666666666,1.6749792701868151,livecell_phase__train-Huh7_Phase_A10_1_00d16h00m_1.png
119,32.0,20.242640687119284,0.8637659349382776,0.9411764705882353,0.9813535767709065,1.3668094277611018,5,8,127.34375,10.944774366678374,livecell_phase__train-Huh7_Phase_A10_1_00d16h00m_1.png
120,7.0,5.414213562373095,0.9895813537116714,0.23333333333333334,3.000800608478478,-0.5976608878576061,14,9,133.85714285714286,5.138887356744271,livecell_phase__train-Huh7_Phase_A10_1_00d16h00m_1.png
121,42.0,34.935028842544405,0.9883226327367951,0.5915492957746479,0.432451036264829,0.8338295253561387,14,15,128.02380952380952,4.014782774400576,livecell_phase__train-Huh7_Phase_A10_1_00d16h00m_1.png
122,1.0,0.0,0,1.0,0.0,-0.7853981633974483,1,1,132.0,0.0,livecell_phase__train-Huh7_Phase_A10_1_00d16h00m_1.png
123,96.0,61.55634918610404,0.9850942144592431,0.3855421686746988,0.3183723828516186,0.4386844422757622,34,16,129.60416666666666,4.096439426162948,livecell_phase__train-Huh7_Phase_A10_1_00d16h00m_1.png
124,53.0,36.59188309203678,0.9765818277290699,0.828125,0.49741194937949473,1.0358079470612147,10,16,128.49056603773585,1.7975102435946495,livecell_phase__train-Huh7_Phase_A10_1_00d16h00m_1.png
125,38.0,28.692388155425117,0.9622117772915694,0.7916666666666666,0.5800428340546815,1.280044990483723,6,13,128.97368421052633,24.7614798916905,livecell_phase__train-Huh7_Phase_A10_1_00d16h00m_1.png
126,11.0,6.0,0.9842820135745621,0.4074074074074074,3.8397243543875246,0.7602445793828335,10,8,128.36363636363637,1.7721444263289026,livecell_phase__train-Huh7_Phase_A10_1_00d16h00m_1.png
127,167.0,73.5208152801713,0.985116480282228,0.9329608938547486,0.3882448525799001,-1.50913586143173,6,35,128.62275449101796,6.16986763750052,livecell_phase__train-Huh7_Phase_A10_1_00d16h00m_1.png
128,10.0,8.82842712474619,0.7905694150420949,1.0,1.612290114395414,1.1071487177940906,3,4,127.0,35.28172331391991,livecell_phase__train-Huh7_Phase_A10_1_00d16h00m_1.png
129,166.0,88.3492424049175,0.9910001736558726,0.7312775330396476,0.26724666388704454,0.05870722927899427,42,8,130.96385542168676,8.52486905263883,livecell_phase__train-Huh7_Phase_A10_1_00d16h00m_1.png
1,84.0,56.83452377915607,0.9929503844658351,0.6268656716417911,0.32678694578214706,-0.5413908108707656,28,17,129.70238095238096,2.585581641778858,livecell_phase__train-Huh7_Phase_A10_1_01d04h00m_2.png
2,99.0,85.66295090390227,0.9814250567209346,0.264,0.16953485414206482,-1.0251158657704897,27,39,131.05050505050505,9.096978893976242,livecell_phase__train-Huh7_Phase_A10_1_01d04h00m_2.png
3,98.0,62.73401871576773,0.9843222633521213,0.6901408450704225,0.31291740599659085,0.8232060145343548,20,25,128.5612244897959,4.481404495883716,livecell_phase__train-Huh7_Phase_A10_1_01d04h00m_2.png
4,20.0,20.207106781186546,0.9439748330360905,0.5405405405405406,0.6155050022588962,0.6237652434952846,9,7,127.25,18.59267328815305,livecell_phase__train-Huh7_Phase_A10_1_01d04h00m_2.png
5,10.0,6.035533905932738,0.9883197181400232,0.3225806451612903,3.449677340496942,-0.8624606859271813,11,11,129.1,2.1656407827707715,livecell_phase__train-Huh7_Phase_A10_1_01d04h00m_2.png
6,31.0,27.65685424949238,0.9962179853476816,0.2108843537414966,0.5092909933477618,-0.966577274925032,24,31,126.70967741935483,3.502934699483413,livecell_phase__train-Huh7_Phase_A10_1_01d04h00m_2.png
7,2.0,0.0,1.0,0.06666666666666667,0.0,0.8794593980254346,25,30,124.5,9.5,livecell_phase__train-Huh7_Phase_A10_1_01d04h00m_2.png
8,209.0,102.08326112068522,0.9791566653638673,0.5618279569892473,0.2520270054650334,-1.0592486508364203,27,44,130.35885167464116,7.49101092072113,livecell_phase__train-Huh7_Phase_A10_1_01d04h00m_2.png
9,4.0,0.0,0.9972067204761922,0.03669724770642202,0.0,-0.310629691315,44,16,127.0,0.7071067811865476,livecell_phase__train-Huh7_Phase_A10_1_01d04h00m_2.png
10,37.0,21.071067811865476,0.7110786097805267,0.925,1.0472213761144606,0.8195680040680633,7,7,126.16216216216216,19.409545594627392,livecell_phase__train-Huh7_Phase_A10_1_01d04h00m_2.png
11,5.0,0.0,0.997896073695927,0.2,0.0,1.1095641579410787,7,14,127.6,1.019803902718557,livecell_phase__train-Huh7_Phase_A10_1_01d04h00m_2.png
12,184.0,80.9116882454314,0.9848113265540444,0.7763713080168776,0.3531873670339655,0.9398850458032562,23,30,127.9945652173913,1.4006880398136932,livecell_phase__train-Huh7_Phase_A10_1_01d04h00m_2.png
13,42.0,25.48528137423857,0.9858174731387781,0.24277456647398843,0.8126064940506328,-0.7899708298475403,23,29,129.0952380952381,9.809639389055576,livecell_phase__train-Huh7_Phase_A10_1_01d04h00m_2.png
15,61.0,41.72792206135786,0.9412503075315031,0.4236111111111111,0.4402366367220756,0.7225468729838846,19,16,129.0,3.904600061381993,livecell_phase__train-Huh7_Phase_A10_1_01d04h00m_2.png
17,15.0,8.0,0.9951438492263175,0.1724137931034483,2.945243112740431,0.4378525735900279,26,12,130.66666666666666,2.772884579078056,livecell_phase__train-Huh7_Phase_A10_1_01d04h00m_2.png
18,105.0,53.248737341529164,0.9793650310380795,0.3860294117647059,0.46535087516258367,-0.48170885691539445,48,24,128.32380952380953,7.039338765071127,livecell_phase__train-Huh7_Phase_A10_1_01d04h00m_2.png
19,73.0,54.420310216782966,0.9860716383866079,0.5793650793650794,0.3097495598689674,0.8163232232785396,17,20,126.3972602739726,22.72693153840693,livecell_phase__train-Huh7_Phase_A10_1_01d04h00m_2.png
20,14.0,9.449747468305832,0.9918534429584625,0.32558139534883723,1.9701418399813868,-0.7897438188267686,14,13,127.57142857142857,0.9035079029052512,livecell_phase__train-Huh7_Phase_A10_1_01d04h00m_2.png
21,54.0,39.48528137423857,0.9923566328218694,0.6506024096385542,0.435244357372868,0.39006792951889174,23,9,129.5,4.117487547486173,livecell_phase__train-Huh7_Phase_A10_1_01d04h00m_2.png
22,2.0,0.0,1.0,1.0,0.0,0.0,2,1,129.5,1.5,livecell_phase__train-Huh7_Phase_A10_1_01d04h00m_2.png
23,68.0,50.21320343559643,0.9906268831457761,0.5666666666666667,0.3389088572652409,-0.7600701315949375,20,21,129.2058823529412,11.901011849627858,livecell_phase__train-Huh7_Phase_A10_1_01d04h00m_2.png
24,1.0,0.0,0,1.0,0.0,-0.7853981633974483,1,1,143.0,0.0,livecell_phase__train-Huh7_Phase_A10_1_01d04h00m_2.png
25,14.0,8.035533905932738,0.9866538928363507,0.42424242424242425,2.7246355813384278,-0.9613217838268666,10,13,127.14285714285714,2.8749445424997293,livecell_phase__train-Huh7_Phase_A10_1_01d04h00m_2.png
26,2.0,0.0,1.0,0.3333333333333333,0.0,-0.8960553845713439,5,6,127.0,5.0,livecell_phase__train-Huh7_Phase_A10_1_01d04h00m_2.png
27,89.0,59.9350288425444,0.994817612701451,0.39035087719298245,0.31134251790927847,1.2257774811121007,21,49,129.17977528089887,3.203094703538814,livecell_phase__train-Huh7_Phase_A10_1_01d04h00m_2.png
29,21.0,15.899494936611665,0.9199841984145405,0.875,1.043908662112716,0.8413364471682184,6,7,132.71428571428572,8.918375130369117,livecell_phase__train-Huh7_Phase_A10_1_01d04h00m_2.png
30,13.0,12.414213562373096,0.9633537723138822,0.7222222222222222,1.0600217873813393,-0.7634943778183882,6,6,128.15384615384616,2.213460703067409,livecell_phase__train-Huh7_Phase_A10_1_01d04h00m_2.png
31,29.0,15.863961030678926,0.9871263194234562,0.27884615384615385,1.44805345171757,-0.9726602326458421,16,22,128.17241379310346,6.1198882428225225,livecell_phase__train-Huh7_Phase_A10_1_01d04h00m_2.png
32,44.0,36.24264068711929,0.9932892833912729,0.16793893129770993,0.42094259461213995,1.0561421276996696,24,45,128.22727272727272,2.4389233500538747,livecell_phase__train-Huh7_Phase_A10_1_01d04h00m_2.png
33,20.0,11.692388155425117,0.997251775216872,0.21739130434782608,1.838372060688609,-0.755820149948703,24,22,129.8,2.8390139133156778,livecell_phase__train-Huh7_Phase_A10_1_01d04h00m_2.png
34,89.0,64.62741699796952,0.9776406262629518,0.4405940594059406,0.2677726851121573,1.1418268965697782,13,29,130.93258426966293,8.138958540903074,livecell_phase__train-Huh7_Phase_A10_1_01d04h00m_2.png
35,43.0,33.69238815542512,0.9781459780307283,0.4056603773584906,0.47600852297055146,-0.2247115751416912,22,7,129.3953488372093,3.012682763991612,livecell_phase__train-Huh7_Phase_A10_1_01d04h00m_2.png
36,15.0,15.621320343559642,0.9940659820951,0.4838709677419355,0.7724415846225594,-0.9134549721484891,9,12,126.73333333333333,2.862788073811185,livecell_phase__train-Huh7_Phase_A10_1_01d04h00m_2.png
37,87.0,58.66295090390226,0.9835212971712278,0.6258992805755396,0.31768836233248215,0.9182335259336559,17,22,128.44827586206895,3.459980136444396,livecell_phase__train-Huh7_Phase_A10_1_01d04h00m_2.png
38,67.0,39.3492424049175,0.9452201750588326,0.7528089887640449,0.5437658337146898,0.9203428933894504,13,14,128.08955223880596,2.169884399449104,livecell_phase__train-Huh7_Phase_A10_1_01d04h00m_2.png
39,4.0,0.0,0.998468451568401,0.36363636363636365,0.0,0.8433272233505615,7,8,130.0,3.5355339059327378,livecell_phase__train-Huh7_Phase_A10_1_01d04h00m_2.png
40,88.0,59.2842712474619,0.9920940177248764,0.6470588235294118,0.31463973298285614,0.823480994211598,23,25,128.36363636363637,3.720892543774148,livecell_phase__train-Huh7_Phase_A10_1_01d04h00m_2.png
44,67.0,40.798989873223334,0.9695554589144668,0.788235294117647,0.5058081762814722,-0.864311955945623,13,15,128.2089552238806,2.3342825509877434,livecell_phase__train-Huh7_Phase_A10_1_01d04h00m_2.png
45,30.0,28.27817459305202,0.9913296910528764,0.5660377358490566,0.47144211415467197,0.5420791903579706,16,9,129.06666666666666,8.801262535694649,livecell_phase__train-Huh7_Phase_A10_1_01d04h00m_2.png
46,40.0,29.485281374238568,0.9755820322023587,0.6896551724137931,0.5781749909306256,1.1601768598985946,8,15,130.95,6.383376849285963,livecell_phase__train-Huh7_Phase_A10_1_01d04h00m_2.png
47,62.0,46.349242404917504,0.9642023449131998,0.3924050632911392,0.36267387607261903,-1.166758286431169,13,25,127.88709677419355,1.4380187839151546,livecell_phase__train-Huh7_Phase_A10_1_01d04h00m_2.png
48,98.0,73.62741699796952,0.9944468182097737,0.6163522012578616,0.22717305066150933,1.2526774406459658,13,34,129.3265306122449,5.048288273658791,livecell_phase__train-Huh7_Phase_A10_1_01d04h00m_2.png
49,83.0,60.87005768508881,0.9867427668572384,0.5570469798657718,0.28150138098717037,-0.7177747540143536,25,19,128.49397590361446,2.2886492779566843,livecell_phase__train-Huh7_Phase_A10_1_01d04h00m_2.png
50,206.0,90.8700576850888,0.9889451322753244,0.8547717842323651,0.31349850700245235,1.3559317502533517,11,43,128.20388349514562,1.7340632081119733,livecell_phase__train-Huh7_Phase_A10_1_01d04h00m_2.png
51,6.0,6.414213562373095,0.9128709291752768,1.0,1.8326278532479736,-0.3217505543966422,4,2,137.5,13.853399101544236,livecell_phase__train-Huh7_Phase_A10_1_01d04h00m_2.png
52,3.0,0.0,0.9737231303459101,0.17647058823529413,0.0,0.2940013017737838,9,4,129.33333333333334,0.4714045207910317,livecell_phase__train-Huh7_Phase_A10_1_01d04h00m_2.png
53,28.0,21.071067811865476,0.9004374686783293,0.8484848484848485,0.792491852194727,0.6642253476386097,8,6,127.78571428571429,2.980378006432152,livecell_phase__train-Huh7_Phase_A10_1_01d04h00m_2.png
54,73.0,56.42031021678298,0.98522395459803,0.6460176991150443,0.28817863817461054,-0.7135847549886032,21,18,128.76712328767124,4.049422579995262,livecell_phase__train-Huh7_Phase_A10_1_01d04h00m_2.png
55,56.0,40.970562748477136,0.9880563597671865,0.6292134831460674,0.4192316212409479,0.6460641270610478,20,17,127.01785714285714,14.475954288095153,livecell_phase__train-Huh7_Phase_A10_1_01d04h00m_2.png
56,48.0,35.970562748477136,0.9947862967940867,0.6956521739130435,0.46618321953005726,0.7904864982563319,18,21,133.16666666666666,16.698719179093413,livecell_phase__train-Huh7_Phase_A10_1_01d04h00m_2.png
57,91.0,55.90559159102154,0.983222404778089,0.7,0.36588176151124957,0.7418221077471268,21,18,128.2087912087912,1.2797362667558452,livecell_phase__train-Huh7_Phase_A10_1_01d04h00m_2.png
58,28.0,18.48528137423857,0.8489303050723408,0.875,1.0297119769200693,0.7928860828236513,7,7,127.46428571428571,13.40171135888767,livecell_phase__train-Huh7_Phase_A10_1_01d04h00m_2.png
60,3.0,3.414213562373095,0.816496580927726,1.0,3.2340725067158833,0.7853981633974483,2,2,129.33333333333334,1.699673171197595,livecell_phase__train-Huh7_Phase_A10_1_01d04h00m_2.png
61,11.0,9.035533905932738,0.8468413944019119,0.9166666666666666,1.6931479507424014,0.2318238045004031,5,3,126.72727272727273,5.046887593375277,livecell_phase__train-Huh7_Phase_A10_1_01d04h00m_2.png
62,17.0,15.65685424949238,0.921658099806966,0.7727272727272727,0.8714646356056385,-0.7194671772248051,6,6,140.7058823529412,15.330725418861043,livecell_phase__train-Huh7_Phase_A10_1_01d04h00m_2.png
63,97.0,61.62741699796952,0.9926471963031979,0.6598639455782312,0.3209472563336773,1.1936741650912759,13,34,128.1958762886598,1.0014337686252281,livecell_phase__train-Huh7_Phase_A10_1_01d04h00m_2.png
64,9.0,8.035533905932738,0.9641934097861099,0.5294117647058824,1.751551445146132,-0.8336350509887417,6,6,124.22222222222223,34.256476363448506,livecell_phase__train-Huh7_Phase_A10_1_01d04h00m_2.png
65,27.0,22.035533905932738,0.9862324594710227,0.54,0.6987574848249493,-0.5826279259393594,16,9,129.44444444444446,4.3829073162924495,livecell_phase__train-Huh7_Phase_A10_1_01d04h00m_2.png
66,105.0,51.00609665440987,0.9622252149544955,0.8015267175572519,0.5071716672501411,0.373705331971381,20,12,128.95238095238096,5.173892248368961,livecell_phase__train-Huh7_Phase_A10_1_01d04h00m_2.png
67,5.0,5.207106781186548,0.816496580927726,1.0,2.3173247538676778,-1.2490457723982544,2,3,130.4,2.576819745345025,livecell_phase__train-Huh7_Phase_A10_1_01d04h00m_2.png
68,13.0,13.65685424949238,0.9624475701924022,0.7222222222222222,0.8758946372355518,0.8254498928043971,7,6,128.92307692307693,33.199771867755445,livecell_phase__train-Huh7_Phase_A10_1_01d04h00m_2.png
69,1.0,0.0,0,1.0,0.0,-0.7853981633974483,1,1,141.0,0.0,livecell_phase__train-Huh7_Phase_A10_1_01d04h00m_2.png
70,88.0,69.59188309203678,0.9954241298660488,0.5365853658536586,0.22833651043984335,-0.4072618268871591,38,14,128.89772727272728,2.2055702866279727,livecell_phase__train-Huh7_Phase_A10_1_01d04h00m_2.png
71,11.0,12.035533905932738,0.992280937866231,0.0514018691588785,0.9542712237895538,0.39261184906762625,42,20,129.1818181818182,2.0368505911280073,livecell_phase__train-Huh7_Phase_A10_1_01d04h00m_2.png
72,4.0,4.0,0.0,1.0,3.141592653589793,-0.7853981633974483,2,2,140.5,5.852349955359813,livecell_phase__train-Huh7_Phase_A10_1_01d04h00m_2.png
73,11.0,11.65685424949238,0.9697622757528539,0.7333333333333333,1.017278384386991,-0.7853981633974483,6,6,128.1818181818182,1.2662171161076472,livecell_phase__train-Huh7_Phase_A10_1_01d04h00m_2.png
74,108.0,78.42640687119285,0.9943706625023544,0.6625766871165644,0.22065256648287204,-0.8149835041029744,27,28,128.15740740740742,3.530717157863827,livecell_phase__train-Huh7_Phase_A10_1_01d04h00m_2.png
75,21.0,20.82842712474619,0.9957518750983573,0.4883720930232558,0.6082977478902655,-0.9768557861859188,11,15,134.85714285714286,7.573674419836588,livecell_phase__train-Huh7_Phase_A10_1_01d04h00m_2.png
76,3.0,0.0,0.9643078443532731,0.6,0.0,-0.8679725021047617,3,3,117.66666666666667,11.440668201153676,livecell_phase__train-Huh7_Phase_A10_1_01d04h00m_2.png
77,4.0,4.414213562373095,0.9241763718304448,1.0,2.5796641830326625,0.5535743588970452,3,2,149.5,6.264982043070834,livecell_phase__train-Huh7_Phase_A10_1_01d04h00m_2.png
78,4.0,3.2071067811865475,0.9128709291752769,0.8,4.887007608661263,-1.2490457723982544,2,3,125.75,12.93010054098575,livecell_phase__train-Huh7_Phase_A10_1_01d04h00m_2.png
79,3.0,3.414213562373095,0.816496580927726,1.0,3.2340725067158833,-0.7853981633974483,2,2,123.0,10.424330514074594,livecell_phase__train-Huh7_Phase_A10_1_01d04h00m_2.png
80,6.0,6.621320343559642,0.9128709291752769,0.75,1.719776122021775,-0.32175055439664213,4,3,120.16666666666667,18.261221816248284,livecell_phase__train-Huh7_Phase_A10_1_01d04h00m_2.png
81,92.0,66.66295090390226,0.9871461051727639,0.519774011299435,0.260152870899579,0.8185372545224513,24,26,128.09782608695653,2.363949268420813,livecell_phase__train-Huh7_Phase_A10_1_01d04h00m_2.png
82,63.0,42.42031021678297,0.9793059337918587,0.7241379310344828,0.43994940345623706,0.7456319824803489,16,14,128.68253968253967,3.0645199361240065,livecell_phase__train-Huh7_Phase_A10_1_01d04h00m_2.png
84,34.0,28.485281374238568,0.9832690980411077,0.25,0.5265598650147507,0.7561906072045995,24,20,129.52941176470588,3.6960654288011785,livecell_phase__train-Huh7_Phase_A10_1_01d04h00m_2.png
85,152.0,95.18376618407356,0.9756924309219094,0.4810126582278481,0.2108277056140523,0.6049977811032619,33,29,129.6315789473684,5.896792404758704,livecell_phase__train-Huh7_Phase_A10_1_01d04h00m_2.png
86,52.0,42.31370849898476,0.9858077567437534,0.30952380952380953,0.3649648404658511,-0.8909749449273143,28,30,127.96153846153847,4.0618371102321635,livecell_phase__train-Huh7_Phase_A10_1_01d04h00m_2.png
1,19.0,9.863961030678928,0.9897656977108362,0.13768115942028986,2.453922085413551,0.5477659668171947,33,23,127.89473684210526,1.333564153612624,livecell_phase__train-Huh7_Phase_A10_1_01d08h00m_1.png
2,5.0,3.0,1.0,1.0,6.981317007977318,1.5707963267948966,1,5,128.4,0.8,livecell_phase__train-Huh7_Phase_A10_1_01d08h00m_1.png
3,12.0,11.621320343559642,0.9684974504136027,0.46153846153846156,1.1165551128017388,0.0532645914882771,9,3,127.33333333333333,8.239471396205518,livecell_phase__train-Huh7_Phase_A10_1_01d08h00m_1.png
4,3.0,1.0,1.0,1.0,37.69911184307752,1.5707963267948966,1,3,128.33333333333334,4.189935029992178,livecell_phase__train-Huh7_Phase_A10_1_01d08h00m_1.png
5,9.0,6.621320343559642,0.992662748209909,0.47368421052631576,2.5796641830326625,1.25649257663873,4,11,128.0,0.816496580927726,livecell_phase__train-Huh7_Phase_A10_1_01d08h00m_1.png
6,49.0,44.55634918610404,0.9983099945925172,0.3141025641025641,0.31016068445007355,0.9017728141077116,28,34,129.9591836734694,3.9587628642346906,livecell_phase__train-Huh7_Phase_A10_1_01d08h00m_1.png
7,22.0,22.242640687119284,0.9938494951530266,0.4583333333333333,0.5588044454929867,1.0009487183497894,10,16,123.4090909090909,7.321568950766388,livecell_phase__train-Huh7_Phase_A10_1_01d08h00m_1.png
8,63.0,52.31370849898476,0.9880845937860037,0.4666666666666667,0.28928065843266865,0.7010032326460965,22,19,128.55555555555554,4.038614322232191,livecell_phase__train-Huh7_Phase_A10_1_01d08h00m_1.png
9,40.0,21.656854249492383,0.7689568410683385,0.9523809523809523,1.0717145030280275,0.4566917586918202,8,6,127.85,8.463303137664395,livecell_phase__train-Huh7_Phase_A10_1_01d08h00m_1.png
10,4.0,3.2071067811865475,0.9128709291752769,0.8,4.887007608661263,-0.3217505543966422,3,2,126.0,6.082762530298219,livecell_phase__train-Huh7_Phase_A10_1_01d08h00m_1.png
12,3.0,3.414213562373095,0.816496580927726,1.0,3.2340725067158833,0.7853981633974483,2,2,131.33333333333334,1.247219128924647,livecell_phase__train-Huh7_Phase_A10_1_01d08h00m_1.png
14,52.0,38.62741699796952,0.9892675669979152,0.7123287671232876,0.4379473186177759,0.8634175441224375,15,18,129.23076923076923,2.090412037184799,livecell_phase__train-Huh7_Phase_A10_1_01d08h00m_1.png
15,7.0,1.0,0.9990765802254097,0.15217391304347827,87.96459430051421,0.7728547934197306,22,21,131.0,6.4142698058981855,livecell_phase__train-Huh7_Phase_A10_1_01d08h00m_1.png
17,4.0,4.414213562373095,0.9241763718304448,1.0,2.5796641830326625,-0.5535743588970452,3,2,114.5,6.34428877022476,livecell_phase__train-Huh7_Phase_A10_1_01d08h00m_1.png
18,2.0,0.0,1.0,0.4,0.0,0.7853981633974483,5,5,127.0,1.0,livecell_phase__train-Huh7_Phase_A10_1_01d08h00m_1.png
19,26.0,20.44974746830583,0.9208105345864525,0.7647058823529411,0.7812810909103333,1.0832592001431158,6,9,134.65384615384616,19.31110144588481,livecell_phase__train-Huh7_Phase_A10_1_01d08h00m_1.png
20,1.0,0.0,0,1.0,0.0,-0.7853981633974483,1,1,134.0,0.0,livecell_phase__train-Huh7_Phase_A10_1_01d08h00m_1.png
21,59.0,42.3492424049175,0.9823344699265601,0.6629213483146067,0.41340010688097883,0.527727360644961,19,11,128.59322033898306,3.556415277975399,livecell_phase__train-Huh7_Phase_A10_1_01d08h00m_1.png
22,62.0,42.62741699796952,0.9855439262133758,0.8266666666666667,0.42876913853867865,0.78450841098453,15,15,127.19354838709677,12.865104978919776,livecell_phase__train-Huh7_Phase_A10_1_01d08h00m_1.png
23,23.0,18.242640687119284,0.9108331370194753,0.42592592592592593,0.8684849393317762,-0.2701445015385073,12,7,129.34782608695653,20.81932358182025,livecell_phase__train-Huh7_Phase_A10_1_01d08h00m_1.png
24,58.0,39.00609665440988,0.987031816659729,0.7532467532467533,0.47904120646279563,0.7362270156681662,16,14,132.3793103448276,15.308131247248845,livecell_phase__train-Huh7_Phase_A10_1_01d08h00m_1.png
25,221.0,105.39696961966999,0.9944407833680466,0.8065693430656934,0.25000338519594767,0.46926450477651555,44,24,128.64705882352942,2.0738302467818803,livecell_phase__train-Huh7_Phase_A10_1_01d08h00m_1.png
26,12.0,3.6213203435596424,0.9960199459937505,0.23529411764705882,11.498924468323143,0.7545300931361398,17,15,127.25,3.139134700306227,livecell_phase__train-Huh7_Phase_A10_1_01d08h00m_1.png
27,265.0,135.05992052357226,0.9881041619830939,0.21115537848605578,0.1825587940922791,-0.8393554630025474,44,47,128.38867924528302,1.48827624456459,livecell_phase__train-Huh7_Phase_A10_1_01d08h00m_1.png
28,29.0,23.071067811865476,0.9625264152189146,0.7073170731707317,0.6846560820907726,-0.9936529375450509,8,12,135.24137931034483,10.848979524277507,livecell_phase__train-Huh7_Phase_A10_1_01d08h00m_1.png
29,88.0,61.73401871576773,0.991010329640086,0.7586206896551724,0.2901639386225343,-0.887882664081361,19,22,130.70454545454547,5.088219662990483,livecell_phase__train-Huh7_Phase_A10_1_01d08h00m_1.png
30,2.0,0.0,1.0,1.0,0.0,1.5707963267948966,1,2,106.0,7.0,livecell_phase__train-Huh7_Phase_A10_1_01d08h00m_1.png
32,4.0,4.414213562373095,0.9241763718304448,1.0,2.5796641830326625,-0.5535743588970452,3,2,138.0,2.5495097567963922,livecell_phase__train-Huh7_Phase_A10_1_01d08h00m_1.png
33,9.0,6.414213562373095,0.9903403181696432,0.42857142857142855,2.7489417798719606,0.8830388624448979,8,10,125.66666666666667,10.862780491200215,livecell_phase__train-Huh7_Phase_A10_1_01d08h00m_1.png
35,68.0,50.62741699796952,0.991840492059373,0.2833333333333333,0.3333859061120437,0.8333048602706186,30,36,128.69117647058823,2.8863642555846893,livecell_phase__train-Huh7_Phase_A10_1_01d08h00m_1.png
36,17.0,11.071067811865476,0.9810618078073212,0.288135593220339,1.7429292712112767,0.9883290224402863,11,15,128.52941176470588,2.8308728036508155,livecell_phase__train-Huh7_Phase_A10_1_01d08h00m_1.png
37,207.0,95.11269837220809,0.9916983420925021,0.7811320754716982,0.287543267595558,1.265264960335706,16,40,128.92753623188406,3.1895913474398405,livecell_phase__train-Huh7_Phase_A10_1_01d08h00m_1.png
38,10.0,10.414213562373096,0.9883276943998811,0.4166666666666667,1.1586623769338389,0.4385711480401447,9,5,129.3,8.34326075344646,livecell_phase__train-Huh7_Phase_A10_1_01d08h00m_1.png
39,6.0,4.621320343559642,0.966395322937683,0.375,3.530441063725954,-0.8623704956266233,6,6,129.33333333333334,1.247219128924647,livecell_phase__train-Huh7_Phase_A10_1_01d08h00m_1.png
41,40.0,22.656854249492383,0.9118795904590435,0.7692307692307693,0.9791982612007102,1.2869395922078075,6,13,128.525,5.366504914746655,livecell_phase__train-Huh7_Phase_A10_1_01d08h00m_1.png
42,26.0,21.278174593052025,0.9416487995494116,0.8387096774193549,0.7216298275481271,0.882543369177163,7,8,128.15384615384616,3.242652139747383,livecell_phase__train-Huh7_Phase_A10_1_01d08h00m_1.png
43,2.0,0.0,1.0,0.3333333333333333,0.0,1.0303768265243125,4,6,134.0,1.0,livecell_phase__train-Huh7_Phase_A10_1_01d08h00m_1.png
44,24.0,11.242640687119284,0.9478168146137804,0.11428571428571428,2.3860769419719228,0.6019654901588383,26,21,129.83333333333334,2.5110865288865605,livecell_phase__train-Huh7_Phase_A10_1_01d08h00m_1.png
45,2.0,0.0,1.0,1.0,0.0,1.5707963267948966,1,2,135.0,2.0,livecell_phase__train-Huh7_Phase_A10_1_01d08h00m_1.png
49,8.0,6.242640687119286,0.9712089352272243,0.6153846153846154,2.5796641830326617,-0.8618514946020195,5,6,130.75,16.08376510646683,livecell_phase__train-Huh7_Phase_A10_1_01d08h00m_1.png
50,19.0,12.0,0.9597239920770116,0.18269230769230768,1.658062789394613,-0.1415385032134906,23,7,129.78947368421052,4.937279747182558,livecell_phase__train-Huh7_Phase_A10_1_01d08h00m_1.png
51,27.0,18.82842712474619,0.9021411996555266,0.9310344827586207,0.9570740581198222,1.3776761971812566,4,8,127.18518518518519,8.055534269873965,livecell_phase__train-Huh7_Phase_A10_1_01d08h00m_1.png
52,77.0,49.59188309203678,0.9733255606721156,0.6260162601626016,0.3934407960616393,0.605859828998113,18,16,126.54545454545455,16.50544613350744,livecell_phase__train-Huh7_Phase_A10_1_01d08h00m_1.png
53,217.0,104.29036790187178,0.974594939287168,0.5254237288135594,0.2507155084586227,0.7569845160736638,35,33,128.3364055299539,1.8093999263871914,livecell_phase__train-Huh7_Phase_A10_1_01d08h00m_1.png
55,172.0,100.05382386916237,0.9946858606530352,0.6935483870967742,0.2159090907648763,0.7845963358484745,36,35,128.57558139534885,2.772390289586479,livecell_phase__train-Huh7_Phase_A10_1_01d08h00m_1.png
56,113.0,66.42640687119285,0.9905370046444439,0.7018633540372671,0.32181537197201676,-0.8930787970587638,20,24,128.98230088495575,3.176189905617718,livecell_phase__train-Huh7_Phase_A10_1_01d08h00m_1.png
57,1.0,0.0,0,1.0,0.0,-0.7853981633974483,1,1,127.0,0.0,livecell_phase__train-Huh7_Phase_A10_1_01d08h00m_1.png
58,78.0,49.45584412271571,0.9830905610083613,0.624,0.40074603021305705,0.6478524088475053,18,17,129.87179487179486,16.998008159599756,livecell_phase__train-Huh7_Phase_A10_1_01d08h00m_1.png
59,10.0,7.242640687119285,0.9938471094105298,0.22727272727272727,2.395609264233988,0.7877650096239748,16,17,127.9,4.109744517606903,livecell_phase__train-Huh7_Phase_A10_1_01d08h00m_1.png
60,10.0,9.207106781186548,0.9829444535474943,0.625,1.4823935068722365,-0.644979301086847,7,5,125.4,10.229369482035539,livecell_phase__train-Huh7_Phase_A10_1_01d08h00m_1.png
61,89.0,49.83452377915607,0.9747659523905032,0.8165137614678899,0.45033867501500957,1.007379766116305,13,21,128.56179775280899,1.5062048160393453,livecell_phase__train-Huh7_Phase_A10_1_01d08h00m_1.png
62,29.0,26.692388155425117,0.9886950447058835,0.2248062015503876,0.5114851138520257,0.8215035054206606,21,23,129.9655172413793,4.992979613629173,livecell_phase__train-Huh7_Phase_A10_1_01d08h00m_1.png
63,2.0,0.0,1.0,1.0,0.0,1.5707963267948966,1,2,132.0,21.0,livecell_phase__train-Huh7_Phase_A10_1_01d08h00m_1.png
66,1.0,0.0,0,1.0,0.0,-0.7853981633974483,1,1,128.0,0.0,livecell_phase__train-Huh7_Phase_A10_1_01d08h00m_1.png
68,2.0,0.0,1.0,1.0,0.0,0.0,2,1,114.5,23.5,livecell_phase__train-Huh7_Phase_A10_1_01d08h00m_1.png
69,16.0,14.035533905932738,0.9720282863577024,0.8421052631578947,1.0206385582919322,-0.1183350696984269,9,3,145.5,14.097872179871684,livecell_phase__train-Huh7_Phase_A10_1_01d08h00m_1.png
71,13.0,10.82842712474619,0.9142855993336155,0.9285714285714286,1.3932288539364366,-1.265668086367083,3,6,137.23076923076923,17.50232444410586,livecell_phase__train-Huh7_Phase_A10_1_01d08h00m_1.png
72,44.0,29.31370849898476,0.6703811953980295,0.30344827586206896,0.6434591943201781,0.1794528468898637,17,12,141.3181818181818,18.11173994863393,livecell_phase__train-Huh7_Phase_A10_1_01d08h00m_1.png
73,7.0,6.0,0.9614092233077123,0.875,2.443460952792061,-0.16781927516380463,5,2,126.14285714285714,2.7994168488950604,livecell_phase__train-Huh7_Phase_A10_1_01d08h00m_1.png
74,40.0,33.69238815542512,0.9824289932724172,0.4,0.4427986260191177,-0.89128624340745,16,20,134.65,10.177303179133458,livecell_phase__train-Huh7_Phase_A10_1_01d08h00m_1.png
75,2.0,0.0,1.0,1.0,0.0,1.5707963267948966,1,2,129.5,1.5,livecell_phase__train-Huh7_Phase_A10_1_01d08h00m_1.png
76,26.0,22.27817459305202,0.960810050640978,0.7428571428571429,0.6583002282205644,0.4861818940261451,10,6,124.15384615384616,16.97666341162821,livecell_phase__train-Huh7_Phase_A10_1_01d08h00m_1.png
77,62.0,55.97056274847714,0.9955970808125699,0.30097087378640774,0.24870367719326444,0.6906824691575818,36,27,127.66129032258064,2.1548411242018535,livecell_phase__train-Huh7_Phase_A10_1_01d08h00m_1.png
78,13.0,11.621320343559642,0.9990691174427839,0.11016949152542373,1.2096013722018837,0.7342513133661585,31,29,132.30769230769232,4.4958889834469105,livecell_phase__train-Huh7_Phase_A10_1_01d08h00m_1.png
79,59.0,39.798989873223334,0.973864031926655,0.7866666666666666,0.46807751196485275,0.581397699817995,16,11,128.9322033898305,9.83398535825782,livecell_phase__train-Huh7_Phase_A10_1_01d08h00m_1.png
80,9.0,4.621320343559642,0.998683627372685,0.16666666666666666,5.295661595588931,0.6843743861094994,22,17,128.22222222222223,1.227262335243029,livecell_phase__train-Huh7_Phase_A10_1_01d08h00m_1.png
81,10.0,9.414213562373096,0.9896082018320361,0.38461538461538464,1.4178874935108479,0.4992553469946767,10,6,128.5,1.857417562100671,livecell_phase__train-Huh7_Phase_A10_1_01d08h00m_1.png
82,54.0,44.10660171779821,0.9597558244239656,0.2967032967032967,0.34881602436223086,1.289341229952024,12,28,129.22222222222223,4.249909221978951,livecell_phase__train-Huh7_Phase_A10_1_01d08h00m_1.png
83,1.0,0.0,0,1.0,0.0,-0.7853981633974483,1,1,115.0,0.0,livecell_phase__train-Huh7_Phase_A10_1_01d08h00m_1.png
84,8.0,8.0,0.8944271909999159,1.0,1.5707963267948966,1.5707963267948966,2,4,151.5,19.96246477767713,livecell_phase__train-Huh7_Phase_A10_1_01d08h00m_1.png
86,22.0,16.035533905932738,0.8187327642014045,0.88,1.0751416739054775,-0.38457258885732276,6,5,151.77272727272728,21.187328584840124,livecell_phase__train-Huh7_Phase_A10_1_01d08h00m_1.png
87,15.0,13.207106781186548,0.9909856132273724,0.36585365853658536,1.0806517092365981,0.5737470681274712,16,12,138.26666666666668,8.887944394265501,livecell_phase__train-Huh7_Phase_A10_1_01d08h00m_1.png
88,19.0,14.035533905932738,0.9319408311225041,0.8636363636363636,1.2120082879716694,-0.3252716229507982,8,4,128.10526315789474,37.033263478636556,livecell_phase__train-Huh7_Phase_A10_1_01d08h00m_1.png
89,3.0,0.0,0.9961853970558717,0.2727272727272727,0.0,-0.5308627191862568,8,5,146.0,2.8284271247461903,livecell_phase__train-Huh7_Phase_A10_1_01d08h00m_1.png
90,20.0,19.242640687119284,0.985401155073701,0.625,0.6787510567585089,-0.5093565815106987,12,6,135.55,12.990284831365322,livecell_phase__train-Huh7_Phase_A10_1_01d08h00m_1.png
91,43.0,34.071067811865476,0.990197324300787,0.589041095890411,0.4654862210109614,1.0796114295870494,12,21,128.8372093023256,2.240538064094795,livecell_phase__train-Huh7_Phase_A10_1_01d08h00m_1.png
92,33.0,23.899494936611664,0.9480186024816315,0.75,0.7260162770178514,-1.073365634075841,8,10,127.84848484848484,3.660776636603736,livecell_phase__train-Huh7_Phase_A10_1_01d08h00m_1.png
93,30.0,28.27817459305202,0.9917035184714192,0.5555555555555556,0.47144211415467197,-0.8241060112154264,12,15,133.33333333333334,12.52819043419901,livecell_phase__train-Huh7_Phase_A10_1_01d08h00m_1.png
94,46.0,29.071067811865476,0.9385988688802592,0.8518518518518519,0.6839836609105526,1.2077484284691422,7,11,137.19565217391303,17.42264838503556,livecell_phase__train-Huh7_Phase_A10_1_01d08h00m_1.png
95,55.0,37.798989873223334,0.9657721395945322,0.7746478873239436,0.4837401839240011,-0.6396932246640104,14,11,134.12727272727273,5.874612700439519,livecell_phase__train-Huh7_Phase_A10_1_01d08h00m_1.png
96,48.0,41.89949493661166,0.9945460756738451,0.5106382978723404,0.34358447000067366,-0.4150326806851131,25,11,129.35416666666666,4.575703877243612,livecell_phase__train-Huh7_Phase_A10_1_01d08h00m_1.png
97,165.0,75.94112549695427,0.9821915898869842,0.7746478873239436,0.3595338203169099,-0.4332954030960951,31,16,129.15757575757576,5.281128799392791,livecell_phase__train-Huh7_Phase_A10_1_01d08h00m_1.png
98,82.0,53.07716446627535,0.9864034645043234,0.7663551401869159,0.3657701743190732,-0.6931761905995296,20,17,128.8048780487805,4.8826198095530735,livecell_phase__train-Huh7_Phase_A10_1_01d08h00m_1.png
99,52.0,36.72792206135786,0.9751961255747688,0.7647058823529411,0.4844182443317782,-0.8481968855453039,12,15,130.44230769230768,4.369533778767134,livecell_phase__train-Huh7_Phase_A10_1_01d08h00m_1.png
100,17.0,11.035533905932738,0.9490010323024695,0.4594594594594595,1.7541716444622104,-0.4799058903659817,10,7,134.47058823529412,6.222517431344889,livecell_phase__train-Huh7_Phase_A10_1_01d08h00m_1.png
101,43.0,31.52081528017131,0.9960752716256271,0.25146198830409355,0.543855388394301,0.7777145308142059,28,30,142.6046511627907,18.1609593216593,livecell_phase__train-Huh7_Phase_A10_1_01d08h00m_1.png
102,13.0,9.035533905932738,0.9298857809301937,0.8666666666666667,2.0009930326955656,0.708544398868209,5,5,128.46153846153845,0.92946507489189,livecell_phase__train-Huh7_Phase_A10_1_01d08h00m_1.png
103,17.0,16.621320343559642,0.9933968770646932,0.265625,0.7732639184632415,0.8631212120997834,14,17,129.8235294117647,2.915179221967969,livecell_phase__train-Huh7_Phase_A10_1_01d08h00m_1.png
104,26.0,20.242640687119284,0.9274912779265821,0.7428571428571429,0.7973497811263616,0.9682743684114306,7,8,127.8076923076923,1.569400443315628,livecell_phase__train-Huh7_Phase_A10_1_01d08h00m_1.png
105,40.0,33.44974746830583,0.9912772097981826,0.43010752688172044,0.4492459479473286,-0.42809704563070855,24,10,130.7,8.69540108333135,livecell_phase__train-Huh7_Phase_A10_1_01d08h00m_1.png
106,69.0,51.55634918610404,0.976376372699126,0.5655737704918032,0.32620802573651886,1.3596464258355958,9,24,128.0,1.8650096164806276,livecell_phase__train-Huh7_Phase_A10_1_01d08h00m_1.png
107,7.0,7.207106781186548,0.8886656215775005,1.0,1.6935030795523165,1.4250679295559632,2,4,135.85714285714286,4.9114609821917385,livecell_phase__train-Huh7_Phase_A10_1_01d08h00m_1.png
108,9.0,9.207106781186548,0.9677644030309714,0.6923076923076923,1.3341541561850128,0.7730549923696486,5,5,132.22222222222223,5.30780929444275,livecell_phase__train-Huh7_Phase_A10_1_01d08h00m_1.png
109,74.0,50.384776310850235,0.9274782277711915,0.24025974025974026,0.36630505685108916,0.49385102066404096,35,23,129.44594594594594,2.819535575576769,livecell_phase__train-Huh7_Phase_A10_1_01d08h00m_1.png
110,15.0,7.621320343559642,0.9877781439292609,0.1875,3.245194192037608,1.490748151246799,5,26,133.0,9.38083151964686,livecell_phase__train-Huh7_Phase_A10_1_01d08h00m_1.png
111,68.0,48.42031021678297,0.9782931596267256,0.6071428571428571,0.36447155666691666,0.5301365841579243,23,15,128.13235294117646,4.108471920616148,livecell_phase__train-Huh7_Phase_A10_1_01d08h00m_1.png
112,45.0,29.9350288425444,0.9667475887320395,0.7258064516129032,0.6310489027639784,1.0343173769964256,10,15,127.24444444444444,3.205242619040496,livecell_phase__train-Huh7_Phase_A10_1_01d08h00m_1.png
113,121.0,57.00609665440987,0.9724536180143865,0.8120805369127517,0.4678995469549615,-0.3318317969646455,26,11,129.8595041322314,12.114676424819695,livecell_phase__train-Huh7_Phase_A10_1_01d08h00m_1.png
114,6.0,3.2071067811865475,0.9736082494946656,0.5,7.3305114129918945,0.7558274252076502,5,5,120.83333333333333,5.177408189003023,livecell_phase__train-Huh7_Phase_A10_1_01d08h00m_1.png
115,52.0,37.48528137423857,0.9881086859939217,0.48148148148148145,0.46504144286089366,-1.0948236298189358,14,25,128.65384615384616,1.4396128670933002,livecell_phase__train-Huh7_Phase_A10_1_01d08h00m_1.png
116,60.0,35.55634918610404,0.9299440556163416,0.8695652173913043,0.5963851063768574,-0.8985570233330494,11,12,130.43333333333334,3.451408730101699,livecell_phase__train-Huh7_Phase_A10_1_01d08h00m_1.png
117,140.0,68.84062043356595,0.9817792570280977,0.4861111111111111,0.3712345156557431,-0.7747140098070774,30,35,128.96428571428572,2.684374665902429,livecell_phase__train-Huh7_Phase_A10_1_01d08h00m_1.png
118,39.0,37.44974746830583,0.9958817002788056,0.31451612903225806,0.3494432726685318,-0.4784841284983071,30,17,128.7948717948718,2.0403555142643857,livecell_phase__train-Huh7_Phase_A10_1_01d08h00m_1.png
119,20.0,18.414213562373096,0.9973251291919525,0.5714285714285714,0.7411967534361182,0.019569240014493103,18,2,129.75,2.8084693339967237,livecell_phase__train-Huh7_Phase_A10_1_01d08h00m_1.png
1,189.0,86.87615433949868,0.9810200714110359,0.7078651685393258,0.314680978415401,-1.001959754104593,24,35,130.06878306878306,6.2089310227288195,livecell_phase__train-Huh7_Phase_A10_1_02d08h00m_4.png
2,58.0,34.7634559672906,0.9540549194184621,0.8656716417910447,0.6031036655087606,0.5770058126034968,14,9,127.05172413793103,10.36642859691488,livecell_phase__train-Huh7_Phase_A10_1_02d08h00m_4.png
3,186.0,86.76955262170047,0.9642090868021697,0.30293159609120524,0.31044744627651305,0.34284568319584446,57,18,128.4516129032258,2.4297268709384574,livecell_phase__train-Huh7_Phase_A10_1_02d08h00m_4.png
4,41.0,26.65685424949238,0.9941075726986528,0.21808510638297873,0.7250633043329973,1.2164625578706347,18,41,128.2439024390244,4.1951219512195115,livecell_phase__train-Huh7_Phase_A10_1_02d08h00m_4.png
6,12.0,0.0,0.9910159201684843,0.2553191489361702,0.0,1.0779164454131185,10,17,126.58333333333333,7.750896005552447,livecell_phase__train-Huh7_Phase_A10_1_02d08h00m_4.png
7,49.0,29.349242404917497,0.9657018179288689,0.765625,0.7148454439772458,-0.6996717277715407,13,11,127.73469387755102,5.232455661850162,livecell_phase__train-Huh7_Phase_A10_1_02d08h00m_4.png
8,227.0,105.84062043356593,0.9926964719857011,0.7442622950819672,0.25464254562070954,1.2071416636950623,19,45,128.19383259911893,1.55864982466932,livecell_phase__train-Huh7_Phase_A10_1_02d08h00m_4.png
10,3.0,0.0,1.0,0.75,0.0,-0.7853981633974483,4,4,141.33333333333334,8.219218670625303,livecell_phase__train-Huh7_Phase_A10_1_02d08h00m_4.png
11,3.0,0.0,0.9990585246205559,0.5,0.0,-0.9383375990998744,4,5,126.0,3.7416573867739413,livecell_phase__train-Huh7_Phase_A10_1_02d08h00m_4.png
12,128.0,72.25483399593904,0.9897414341752762,0.7071823204419889,0.3080959706092813,0.9869294855938169,20,32,128.296875,5.277249779418726,livecell_phase__train-Huh7_Phase_A10_1_02d08h00m_4.png
13,50.0,34.59188309203678,0.9682686438439632,0.8064516129032258,0.5250872334420358,-0.8677950713102224,11,14,128.32,1.5929846201391902,livecell_phase__train-Huh7_Phase_A10_1_02d08h00m_4.png
14,1.0,0.0,0,1.0,0.0,-0.7853981633974483,1,1,134.0,0.0,livecell_phase__train-Huh7_Phase_A10_1_02d08h00m_4.png
15,14.0,14.0,0.9682458365518543,1.0,0.8975979010256552,0.0,7,2,130.0,13.2664991614216,livecell_phase__train-Huh7_Phase_A10_1_02d08h00m_4.png
16,90.0,62.248737341529164,0.9952670475073865,0.35019455252918286,0.291871224598164,-0.8732084010951761,42,46,128.85555555555555,2.8109354358809733,livecell_phase__train-Huh7_Phase_A10_1_02d08h00m_4.png
17,2.0,0.0,1.0,1.0,0.0,1.5707963267948966,1,2,134.5,2.5,livecell_phase__train-Huh7_Phase_A10_1_02d08h00m_4.png
18,30.0,25.071067811865476,0.9884263313944985,0.5263157894736842,0.5997709897822101,-0.8651877543439093,13,13,128.73333333333332,1.6519348924485158,livecell_phase__train-Huh7_Phase_A10_1_02d08h00m_4.png
19,39.0,29.899494936611664,0.9838401065557061,0.7358490566037735,0.5482097641915532,0.3182221604254873,16,6,134.23076923076923,9.205521025830205,livecell_phase__train-Huh7_Phase_A10_1_02d08h00m_4.png
20,79.0,63.2842712474619,0.9955175630905172,0.5683453237410072,0.2478822266621313,1.0116808737347627,21,31,127.34177215189874,5.622932421021648,livecell_phase__train-Huh7_Phase_A10_1_02d08h00m_4.png
22,22.0,21.82842712474619,0.9932436887950273,0.4074074074074074,0.5802132715691851,1.0282697411762907,10,17,127.36363636363636,3.3783462138294627,livecell_phase__train-Huh7_Phase_A10_1_02d08h00m_4.png
23,2.0,0.0,1.0,1.0,0.0,1.5707963267948966,1,2,141.0,5.0,livecell_phase__train-Huh7_Phase_A10_1_02d08h00m_4.png
24,6.0,0.0,0.9986453981187077,0.2727272727272727,0.0,-0.43232294039020236,13,6,131.66666666666666,2.6874192494328497,livecell_phase__train-Huh7_Phase_A10_1_02d08h00m_4.png
25,24.0,19.207106781186546,0.9919773858177326,0.3582089552238806,0.8175177748725384,-1.234298383990471,8,22,127.33333333333333,1.8633899812498245,livecell_phase__train-Huh7_Phase_A10_1_02d08h00m_4.png
26,8.0,3.414213562373095,0.9849593342391847,0.3333333333333333,8.624193351242356,-0.563298533150943,10,6,134.75,3.526683994916471,livecell_phase__train-Huh7_Phase_A10_1_02d08h00m_4.png
27,2.0,0.0,1.0,1.0,0.0,0.0,2,1,99.5,10.5,livecell_phase__train-Huh7_Phase_A10_1_02d08h00m_4.png
28,60.0,48.27817459305202,0.9939762579441198,0.4,0.3234889367234186,1.2726090502700047,13,35,128.53333333333333,1.5965240019770728,livecell_phase__train-Huh7_Phase_A10_1_02d08h00m_4.png
29,39.0,30.27817459305202,0.9932842881151018,0.3786407766990291,0.5345829376379956,1.0594709092917172,15,24,127.84615384615384,8.090952406739657,livecell_phase__train-Huh7_Phase_A10_1_02d08h00m_4.png
30,16.0,11.0,0.9185606519008553,0.08290155440414508,1.661668841568155,0.4588116133777393,19,20,127.6875,2.44230296032249,livecell_phase__train-Huh7_Phase_A10_1_02d08h00m_4.png
31,48.0,36.72792206135786,0.9704828337585563,0.6575342465753424,0.44715530246010293,-0.8433445393027531,12,14,130.16666666666666,5.952357142809523,livecell_phase__train-Huh7_Phase_A10_1_02d08h00m_4.png
32,64.0,38.59188309203678,0.979845060616582,0.6666666666666666,0.540005144180936,0.8805516853718788,15,19,130.8125,10.75417796719024,livecell_phase__train-Huh7_Phase_A10_1_02d08h00m_4.png
34,25.0,23.692388155425114,0.9861023111634071,0.7352941176470589,0.5596702144365746,-0.7971506469971611,11,10,151.92,31.62646992631331,livecell_phase__train-Huh7_Phase_A10_1_02d08h00m_4.png
35,11.0,9.414213562373096,0.7084437526351621,1.0,1.5596762428619324,0.26303320949838166,4,3,125.0909090909091,16.312039867168643,livecell_phase__train-Huh7_Phase_A10_1_02d08h00m_4.png
36,66.0,46.17766952966369,0.989007519939108,0.5945945945945946,0.38894641851568296,1.1385834142222668,13,27,128.42424242424244,1.8994465386927053,livecell_phase__train-Huh7_Phase_A10_1_02d08h00m_4.png
37,115.0,88.2842712474619,0.996600567532498,0.5609756097560976,0.1854133631554726,1.1349145702226247,20,45,129.10434782608695,3.4850585748766636,livecell_phase__train-Huh7_Phase_A10_1_02d08h00m_4.png
38,16.0,14.621320343559642,0.9949550869949291,0.37209302325581395,0.9404953703140121,0.5325891753193638,15,9,129.3125,4.440140059727846,livecell_phase__train-Huh7_Phase_A10_1_02d08h00m_4.png
39,9.0,1.0,0.9905812612966505,0.21428571428571427,113.09733552923255,0.9901718420379699,12,16,127.88888888888889,10.137328647072927,livecell_phase__train-Huh7_Phase_A10_1_02d08h00m_4.png
40,5.0,3.414213562373095,0.9965881278376331,0.3125,5.390120844526472,-0.4921567394580978,9,5,125.2,6.734983296193095,livecell_phase__train-Huh7_Phase_A10_1_02d08h00m_4.png
41,36.0,24.31370849898476,0.9692151644112542,0.8181818181818182,0.7652616567572227,0.8807999523590213,9,11,127.22222222222223,4.391349521193224,livecell_phase__train-Huh7_Phase_A10_1_02d08h00m_4.png
42,20.0,17.414213562373096,0.9800515945491224,0.4878048780487805,0.8287663842830911,-0.3849303878955912,13,6,129.1,4.158124577258358,livecell_phase__train-Huh7_Phase_A10_1_02d08h00m_4.png
43,37.0,26.520815280171306,0.9835801164949293,0.7872340425531915,0.6610553841244251,-0.8031104987565563,12,11,142.59459459459458,23.613394572022568,livecell_phase__train-Huh7_Phase_A10_1_02d08h00m_4.png
44,305.0,134.01219330881975,0.9853038759637017,0.5456171735241503,0.213413099403001,0.023502133346176967,61,11,129.29508196721312,3.5820328613108625,livecell_phase__train-Huh7_Phase_A10_1_02d08h00m_4.png
45,3.0,0.0,0.9927993785439494,0.42857142857142855,0.0,-0.8795089160498337,4,5,127.0,1.4142135623730951,livecell_phase__train-Huh7_Phase_A10_1_02d08h00m_4.png
46,46.0,39.7634559672906,0.9941102196359679,0.5168539325842697,0.3655943279155793,0.6488537968416497,23,19,127.8695652173913,4.4896436173669825,livecell_phase__train-Huh7_Phase_A10_1_02d08h00m_4.png
47,17.0,12.035533905932738,0.9843262560915124,0.16037735849056603,1.4747828004020378,-1.1892406726019005,11,24,128.11764705882354,1.1823383083671637,livecell_phase__train-Huh7_Phase_A10_1_02d08h00m_4.png
48,148.0,81.97665940288701,0.9926000646166658,0.6666666666666666,0.2767522409896591,-1.1249160444225172,21,39,128.0,1.1740436015661335,livecell_phase__train-Huh7_Phase_A10_1_02d08h00m_4.png
49,15.0,16.242640687119284,0.8849875734234037,0.6818181818181818,0.7144763353520186,0.3801118134064537,7,4,138.6,18.589602828821636,livecell_phase__train-Huh7_Phase_A10_1_02d08h00m_4.png
50,12.0,10.207106781186548,0.9493350148121266,0.4444444444444444,1.4473907532358592,1.0661086525394206,6,8,138.5,21.293582757879584,livecell_phase__train-Huh7_Phase_A10_1_02d08h00m_4.png
51,17.0,16.86396103067893,0.9192486180764247,0.7391304347826086,0.7511723706207902,0.25800951520163373,7,4,130.64705882352942,7.012100268322635,livecell_phase__train-Huh7_Phase_A10_1_02d08h00m_4.png
52,12.0,8.82842712474619,0.9256832104698823,0.5714285714285714,1.9347481372744968,0.9544312248158611,5,7,128.08333333333334,1.4976833963009524,livecell_phase__train-Huh7_Phase_A10_1_02d08h00m_4.png
53,19.0,11.82842712474619,0.9964596485647802,0.2289156626506024,1.7065124770275983,0.8574778120623694,19,23,127.94736842105263,6.261609715774928,livecell_phase__train-Huh7_Phase_A10_1_02d08h00m_4.png
54,40.0,28.384776310850235,0.9679948113662952,0.8695652173913043,0.6238768966913473,0.7743931827204944,10,10,128.45,1.2031209415515967,livecell_phase__train-Huh7_Phase_A10_1_02d08h00m_4.png
55,43.0,31.3492424049175,0.9530891140316435,0.7049180327868853,0.5498246666511458,-0.8493288157762853,11,12,127.69767441860465,2.0745958835501592,livecell_phase__train-Huh7_Phase_A10_1_02d08h00m_4.png
56,48.0,39.10660171779821,0.9924528909481101,0.48484848484848486,0.394412749137832,0.8841780391964974,18,22,128.1875,1.6665364532466729,livecell_phase__train-Huh7_Phase_A10_1_02d08h00m_4.png
57,10.0,5.621320343559642,0.9729015774340857,0.18181818181818182,3.976794903286538,-0.21496511670576757,15,6,129.8,10.007996802557443,livecell_phase__train-Huh7_Phase_A10_1_02d08h00m_4.png
58,2.0,0.0,1.0,1.0,0.0,1.5707963267948966,1,2,127.0,1.0,livecell_phase__train-Huh7_Phase_A10_1_02d08h00m_4.png
59,244.0,81.00609665440987,0.8972407576375487,0.5374449339207048,0.467266104774043,-0.27166194705839475,31,16,128.76639344262296,2.7858574527140196,livecell_phase__train-Huh7_Phase_A10_1_02d08h00m_4.png
60,38.0,36.44974746830583,0.994664974969953,0.3584905660377358,0.3594217985590685,1.006372410516554,16,25,129.94736842105263,11.028545183489342,livecell_phase__train-Huh7_Phase_A10_1_02d08h00m_4.png
61,24.0,16.86396103067893,0.9317066735812909,0.6666666666666666,1.0604786408764098,0.8130732925311158,9,10,128.0,2.8136571693556887,livecell_phase__train-Huh7_Phase_A10_1_02d08h00m_4.png
62,26.0,18.27817459305202,0.9017097194924216,0.896551724137931,0.9779520675899107,0.11218020202749823,10,4,127.0,15.427248620541512,livecell_phase__train-Huh7_Phase_A10_1_02d08h00m_4.png
63,5.0,5.207106781186548,0.816496580927726,1.0,2.3173247538676778,-1.2490457723982544,2,3,131.4,2.33238075793812,livecell_phase__train-Huh7_Phase_A10_1_02d08h00m_4.png
64,9.0,7.207106781186548,0.8994684843731738,0.5625,2.1773611022815498,0.8265891286932936,5,5,145.0,25.170529504870483,livecell_phase__train-Huh7_Phase_A10_1_02d08h00m_4.png
66,2.0,0.0,1.0,1.0,0.0,1.5707963267948966,1,2,132.5,0.5,livecell_phase__train-Huh7_Phase_A10_1_02d08h00m_4.png
67,56.0,45.071067811865476,0.9899308504983024,0.5894736842105263,0.34641939290117396,1.0547162849491414,12,24,128.55357142857142,12.671564965444063,livecell_phase__train-Huh7_Phase_A10_1_02d08h00m_4.png
68,22.0,15.449747468305834,0.830294787424831,0.9166666666666666,1.1582165719738482,-0.9295631657478658,5,7,130.6818181818182,24.08957972318466,livecell_phase__train-Huh7_Phase_A10_1_02d08h00m_4.png
69,7.0,6.82842712474619,0.816496580927726,1.0,1.8865422955842652,-0.7853981633974483,3,3,130.57142857142858,7.30669248716824,livecell_phase__train-Huh7_Phase_A10_1_02d08h00m_4.png
70,105.0,66.9350288425444,0.9907749345298998,0.6402439024390244,0.29450471578798315,1.5668118974721197,6,32,128.35238095238094,3.9035538200854685,livecell_phase__train-Huh7_Phase_A10_1_02d08h00m_4.png
71,35.0,22.485281374238568,0.9074631796533059,0.8536585365853658,0.8699238850939301,-0.989803606733587,7,10,132.88571428571427,14.05046298895811,livecell_phase__train-Huh7_Phase_A10_1_02d08h00m_4.png
72,7.0,5.0,0.9941692347022363,0.30434782608695654,3.5185837720205684,-0.4042800218844763,12,6,127.42857142857143,2.8713930346059686,livecell_phase__train-Huh7_Phase_A10_1_02d08h00m_4.png
73,53.0,45.242640687119284,0.9910719335978496,0.3897058823529412,0.32537924156669584,0.35034029746873635,28,12,136.0188679245283,8.572643118616327,livecell_phase__train-Huh7_Phase_A10_1_02d08h00m_4.png
74,28.0,23.82842712474619,0.987279039750204,0.35,0.6196937883370737,1.2610008426110326,9,26,128.75,2.6406844350876697,livecell_phase__train-Huh7_Phase_A10_1_02d08h00m_4.png
75,65.0,44.97056274847714,0.9787936134837861,0.7303370786516854,0.4038932323650389,-1.0684859931431394,12,18,128.03076923076924,4.07985380872792,livecell_phase__train-Huh7_Phase_A10_1_02d08h00m_4.png
76,35.0,29.349242404917497,0.9758968887975644,0.7954545454545454,0.5106038885551756,-0.8035228477259979,11,10,129.45714285714286,6.9993585711951685,livecell_phase__train-Huh7_Phase_A10_1_02d08h00m_4.png
77,7.0,6.82842712474619,0.816496580927726,1.0,1.8865422955842652,0.7853981633974483,3,3,125.85714285714286,2.7479120088101916,livecell_phase__train-Huh7_Phase_A10_1_02d08h00m_4.png
78,4.0,2.2071067811865475,0.9746687158738291,0.8,10.31865673213065,-0.30733147596108273,4,2,110.0,26.04803255526221,livecell_phase__train-Huh7_Phase_A10_1_02d08h00m_4.png
80,19.0,15.035533905932738,0.9168843543806356,0.9047619047619048,1.0561503718961653,1.2697372060222034,4,7,128.47368421052633,6.124742065912754,livecell_phase__train-Huh7_Phase_A10_1_02d08h00m_4.png
81,61.0,49.7634559672906,0.992384944173777,0.6039603960396039,0.30954132117030697,0.9963841390407958,17,24,128.68852459016392,2.265500224186431,livecell_phase__train-Huh7_Phase_A10_1_02d08h00m_4.png
82,15.0,15.035533905932738,0.9281995987425781,0.7142857142857143,0.833802925181183,0.8000281331880152,6,6,128.6,1.0198039027185568,livecell_phase__train-Huh7_Phase_A10_1_02d08h00m_4.png
83,13.0,12.414213562373096,0.9826560507745176,0.43333333333333335,1.0600217873813393,-0.5025032416136619,10,6,131.15384615384616,1.6569737868106167,livecell_phase__train-Huh7_Phase_A10_1_02d08h00m_4.png
84,7.0,6.035533905932738,0.8021087259367565,0.7777777777777778,2.4147741383478594,0.25957305712326156,4,3,132.42857142857142,4.562491263620374,livecell_phase__train-Huh7_Phase_A10_1_02d08h00m_4.png
86,231.0,157.4386001800126,0.9982040857241168,0.5310344827586206,0.11711146249713282,-0.9812367888063411,47,68,128.03896103896105,1.925730704797477,livecell_phase__train-Huh7_Phase_A10_1_02d08h00m_4.png
87,16.0,10.82842712474619,0.8958964489848011,0.7272727272727273,1.7147432048448448,0.7289452854802313,6,6,128.375,1.79843682124227,livecell_phase__train-Huh7_Phase_A10_1_02d08h00m_4.png
88,4.0,2.0,1.0,1.0,12.566370614359172,0.0,4,1,129.5,1.118033988749895,livecell_phase__train-Huh7_Phase_A10_1_02d08h00m_4.png
89,20.0,16.485281374238568,0.9964138616372685,0.25316455696202533,0.9247985312609012,0.9519092377893115,19,25,131.0,5.059644256269407,livecell_phase__train-Huh7_Phase_A10_1_02d08h00m_4.png
90,42.0,28.485281374238568,0.9452190636076006,0.7777777777777778,0.6504563038417509,0.7380860559519911,10,10,129.61904761904762,8.185214256591202,livecell_phase__train-Huh7_Phase_A10_1_02d08h00m_4.png
1,3.0,0.0,0.9996751311554022,0.42857142857142855,0.0,0.9043161271261737,5,6,110.66666666666667,14.383632673594278,livecell_phase__train-Huh7_Phase_A10_1_02d12h00m_2.png
2,85.0,63.04163056034262,0.9887775464086529,0.5985915492957746,0.2687657442646255,0.8838990591509466,20,25,129.3764705882353,7.11911506494722,livecell_phase__train-Huh7_Phase_A10_1_02d12h00m_2.png
3,1.0,0.0,0,1.0,0.0,-0.7853981633974483,1,1,138.0,0.0,livecell_phase__train-Huh7_Phase_A10_1_02d12h00m_2.png
4,70.0,45.420310216782966,0.9811569464684821,0.5737704918032787,0.42639068834478294,0.6742852269955123,23,16,129.82857142857142,14.297823439322531,livecell_phase__train-Huh7_Phase_A10_1_02d12h00m_2.png
5,40.0,28.27817459305202,0.9504886625367,0.4819277108433735,0.6285894855395626,1.4008115648623112,7,18,136.525,11.264962272462345,livecell_phase__train-Huh7_Phase_A10_1_02d12h00m_2.png
6,154.0,107.46194077712559,0.9880071659022298,0.20952380952380953,0.16757962931059991,0.5495109285467267,62,43,128.11688311688312,2.4146416258201824,livecell_phase__train-Huh7_Phase_A10_1_02d12h00m_2.png
7,22.0,21.035533905932738,0.9909383775561272,0.4782608695652174,0.624777622417375,-0.6690868600390638,13,11,129.63636363636363,3.41847194126603,livecell_phase__train-Huh7_Phase_A10_1_02d12h00m_2.png
8,15.0,12.242640687119284,0.9348103148778135,0.36585365853658536,1.2576242881690396,1.5028063448458282,5,13,135.73333333333332,17.05859183976085,livecell_phase__train-Huh7_Phase_A10_1_02d12h00m_2.png
9,4.0,4.0,0.0,1.0,3.141592653589793,-0.7853981633974483,2,2,127.5,35.9339672176619,livecell_phase__train-Huh7_Phase_A10_1_02d12h00m_2.png
10,29.0,21.27817459305202,0.9382453251854165,0.8529411764705882,0.8048948076498343,1.001375903164296,6,9,127.10344827586206,14.03528761565723,livecell_phase__train-Huh7_Phase_A10_1_02d12h00m_2.png
11,1.0,0.0,0,1.0,0.0,-0.7853981633974483,1,1,129.0,0.0,livecell_phase__train-Huh7_Phase_A10_1_02d12h00m_2.png
12,2.0,0.0,1.0,1.0,0.0,1.5707963267948966,1,2,128.0,1.0,livecell_phase__train-Huh7_Phase_A10_1_02d12h00m_2.png
13,2.0,0.0,1.0,0.5,0.0,-1.1071487177940904,2,3,114.0,2.0,livecell_phase__train-Huh7_Phase_A10_1_02d12h00m_2.png
14,60.0,41.9350288425444,0.990776397710638,0.6976744186046512,0.4287530498115229,0.34191862452699895,23,9,130.15,2.4550967394381833,livecell_phase__train-Huh7_Phase_A10_1_02d12h00m_2.png
16,103.0,61.148232278140824,0.9863848536358,0.5309278350515464,0.34616190760896776,-0.7619493282757013,28,29,127.74757281553399,1.7992363353181167,livecell_phase__train-Huh7_Phase_A10_1_02d12h00m_2.png
17,12.0,10.207106781186548,0.8831760866327847,0.9230769230769231,1.4473907532358592,-1.373400766945016,3,5,128.5,3.9895697345286076,livecell_phase__train-Huh7_Phase_A10_1_02d12h00m_2.png
18,67.0,38.3492424049175,0.9590816087198183,0.8481012658227848,0.5724941972836948,0.4745918202050696,16,9,127.05970149253731,12.35408035441856,livecell_phase__train-Huh7_Phase_A10_1_02d12h00m_2.png
20,7.0,3.414213562373095,0.9514236259755857,0.3888888888888889,7.546169182337061,1.0187942897590723,5,7,128.85714285714286,8.078694580342109,livecell_phase__train-Huh7_Phase_A10_1_02d12h00m_2.png
21,6.0,6.414213562373095,0.487950036474267,0.8571428571428571,1.8326278532479736,0.46364760900080554,3,3,127.33333333333333,2.2852182001336816,livecell_phase__train-Huh7_Phase_A10_1_02d12h00m_2.png
22,75.0,46.59188309203678,0.9820046847483189,0.5555555555555556,0.43416079145752,1.1408487550202715,15,29,128.93333333333334,3.4499597421161625,livecell_phase__train-Huh7_Phase_A10_1_02d12h00m_2.png
23,1.0,0.0,0,1.0,0.0,-0.7853981633974483,1,1,127.0,0.0,livecell_phase__train-Huh7_Phase_A10_1_02d12h00m_2.png
24,2.0,0.0,1.0,0.5,0.0,1.2490457723982544,2,4,116.0,4.0,livecell_phase__train-Huh7_Phase_A10_1_02d12h00m_2.png
26,4.0,0.0,0.999910118415897,0.13793103448275862,0.0,1.3323995337010475,6,22,128.5,0.5,livecell_phase__train-Huh7_Phase_A10_1_02d12h00m_2.png
27,30.0,25.656854249492376,0.994879327233695,0.3333333333333333,0.5726962041399919,0.8713449785336045,20,24,127.5,2.9068883707497264,livecell_phase__train-Huh7_Phase_A10_1_02d12h00m_2.png
28,5.0,2.2071067811865475,0.741735334596691,0.5555555555555556,12.898320915163312,0.16087527719832115,4,3,124.4,1.8547236990991407,livecell_phase__train-Huh7_Phase_A10_1_02d12h00m_2.png
29,1.0,0.0,0,1.0,0.0,-0.7853981633974483,1,1,139.0,0.0,livecell_phase__train-Huh7_Phase_A10_1_02d12h00m_2.png
30,1.0,0.0,0,1.0,0.0,-0.7853981633974483,1,1,130.0,0.0,livecell_phase__train-Huh7_Phase_A10_1_02d12h00m_2.png
32,148.0,90.28427124746189,0.9947474876807391,0.7219512195121951,0.22816413854033155,1.3378373694976895,12,42,127.51351351351352,3.2078587758024915,livecell_phase__train-Huh7_Phase_A10_1_02d12h00m_2.png
34,7.0,6.207106781186548,0.7694071974366671,0.875,2.2831238497444226,1.1780972450961724,3,4,130.28571428571428,2.762725657973388,livecell_phase__train-Huh7_Phase_A10_1_02d12h00m_2.png
35,14.0,12.414213562373096,0.9842967719123691,0.4827586206896552,1.1415619248722113,-0.5925576758128164,11,6,137.5,10.431750983005134,livecell_phase__train-Huh7_Phase_A10_1_02d12h00m_2.png
36,23.0,16.242640687119284,0.8652264283810107,0.9583333333333334,1.0955303808730954,1.3013080768803236,4,7,130.30434782608697,8.564003445203172,livecell_phase__train-Huh7_Phase_A10_1_02d12h00m_2.png
37,2.0,0.0,1.0,1.0,0.0,1.5707963267948966,1,2,127.0,2.0,livecell_phase__train-Huh7_Phase_A10_1_02d12h00m_2.png
38,49.0,34.10660171779821,0.9712445615503348,0.5632183908045977,0.5293330910548558,0.5020463145480176,18,13,127.04081632653062,5.635018728301165,livecell_phase__train-Huh7_Phase_A10_1_02d12h00m_2.png
39,50.0,39.00609665440987,0.9775979941263447,0.6756756756756757,0.4129665572955136,-0.8560228941886615,12,16,127.28,6.331003080081386,livecell_phase__train-Huh7_Phase_A10_1_02d12h00m_2.png
40,23.0,17.207106781186546,0.9715682592473431,0.5476190476190477,0.9761622135503458,1.3026714981869238,6,13,128.69565217391303,1.9209323508151757,livecell_phase__train-Huh7_Phase_A10_1_02d12h00m_2.png
41,4.0,2.0,1.0,1.0,12.566370614359172,1.5707963267948966,1,4,126.75,0.82915619758885,livecell_phase__train-Huh7_Phase_A10_1_02d12h00m_2.png
42,5.0,3.82842712474619,0.993310961716756,0.7142857142857143,4.286858012112113,0.9505468408120752,4,5,125.8,1.16619037896906,livecell_phase__train-Huh7_Phase_A10_1_02d12h00m_2.png
43,1.0,0.0,0,1.0,0.0,-0.7853981633974483,1,1,142.0,0.0,livecell_phase__train-Huh7_Phase_A10_1_02d12h00m_2.png
44,21.0,15.242640687119286,0.9980979120645366,0.08571428571428572,1.1358179672131627,1.216023706128198,20,48,128.71428571428572,17.130154023555896,livecell_phase__train-Huh7_Phase_A10_1_02d12h00m_2.png
45,13.0,13.207106781186548,0.9652088777670543,1.0,0.9365648146717186,-0.037429923855383435,7,2,128.07692307692307,17.665531577542744,livecell_phase__train-Huh7_Phase_A10_1_02d12h00m_2.png
46,125.0,55.698484809834994,0.9525215038295559,0.7575757575757576,0.5063293645013894,0.6345699994149833,22,19,130.792,8.195897510340158,livecell_phase__train-Huh7_Phase_A10_1_02d12h00m_2.png
47,2.0,0.0,1.0,1.0,0.0,1.5707963267948966,1,2,128.5,1.5,livecell_phase__train-Huh7_Phase_A10_1_02d12h00m_2.png
48,14.0,13.82842712474619,0.8876201071311235,0.07865168539325842,0.9200095363701505,-1.5176973558324767,12,30,134.35714285714286,9.729242687142001,livecell_phase__train-Huh7_Phase_A10_1_02d12h00m_2.png
49,23.0,17.899494936611667,0.9297488261968869,0.92,0.9021030400678826,0.9041391270324245,6,7,127.52173913043478,2.7642054478699705,livecell_phase__train-Huh7_Phase_A10_1_02d12h00m_2.png
50,15.0,12.207106781186548,0.9083399479332046,0.9375,1.2649566308747549,1.41701277259223,3,6,130.0,2.9664793948382653,livecell_phase__train-Huh7_Phase_A10_1_02d12h00m_2.png
51,89.0,59.248737341529164,0.9902055339279088,0.7295081967213115,0.3185969924347429,-0.478262954668669,26,13,128.4943820224719,2.57089848110077,livecell_phase__train-Huh7_Phase_A10_1_02d12h00m_2.png
52,6.0,5.207106781186548,0.9840576770784231,0.42857142857142855,2.7807897046412133,0.7276848332139859,7,7,127.33333333333333,0.4714045207910317,livecell_phase__train-Huh7_Phase_A10_1_02d12h00m_2.png
53,9.0,7.414213562373095,0.8837927541319678,0.75,2.0574163674969057,-0.9098795162938068,4,5,131.44444444444446,2.7932900199947857,livecell_phase__train-Huh7_Phase_A10_1_02d12h00m_2.png
54,11.0,8.242640687119286,0.979688381050392,0.5789473684210527,2.0345567687739816,0.4229912545325616,9,5,132.27272727272728,5.626090344278474,livecell_phase__train-Huh7_Phase_A10_1_02d12h00m_2.png
55,1.0,0.0,0,1.0,0.0,-0.7853981633974483,1,1,97.0,0.0,livecell_phase__train-Huh7_Phase_A10_1_02d12h00m_2.png
56,23.0,20.27817459305202,0.9572950663992428,0.7666666666666667,0.7028780549358966,0.7081189058547904,9,7,132.82608695652175,8.726033881253636,livecell_phase__train-Huh7_Phase_A10_1_02d12h00m_2.png
57,115.0,99.83452377915607,0.9929965249633959,0.12906846240179573,0.14499272199426397,-0.6226247035806275,70,50,128.54782608695652,1.8800715909628436,livecell_phase__train-Huh7_Phase_A10_1_02d12h00m_2.png
58,44.0,29.72792206135786,0.9332317388063418,0.8,0.625652858446677,0.8134849815765283,10,11,123.77272727272727,32.78709809746652,livecell_phase__train-Huh7_Phase_A10_1_02d12h00m_2.png
59,117.0,68.8700576850888,0.9913751581668091,0.612565445026178,0.3099808267735767,0.38178528517586613,35,17,129.53846153846155,2.1742017359692385,livecell_phase__train-Huh7_Phase_A10_1_02d12h00m_2.png
61,4.0,2.2071067811865475,0.9746687158738291,0.8,10.31865673213065,1.2634648508338138,2,4,128.0,0.7071067811865476,livecell_phase__train-Huh7_Phase_A10_1_02d12h00m_2.png
62,41.0,32.10660171779821,0.9823992785537022,0.7068965517241379,0.4998101132016534,-1.0035802614334868,11,14,128.0487804878049,1.0580981445601885,livecell_phase__train-Huh7_Phase_A10_1_02d12h00m_2.png
63,3.0,3.414213562373095,0.816496580927726,1.0,3.2340725067158833,0.7853981633974483,2,2,130.0,6.377042156569663,livecell_phase__train-Huh7_Phase_A10_1_02d12h00m_2.png
64,6.0,6.0,0.7905694150420949,1.0,2.0943951023931953,1.5707963267948966,2,3,126.33333333333333,2.357022603955158,livecell_phase__train-Huh7_Phase_A10_1_02d12h00m_2.png
65,2.0,0.0,1.0,1.0,0.0,0.0,2,1,129.5,0.5,livecell_phase__train-Huh7_Phase_A10_1_02d12h00m_2.png
66,23.0,16.44974746830583,0.842212988852126,0.92,1.0681179896678035,0.7505385538232732,6,6,125.91304347826087,6.952716350483714,livecell_phase__train-Huh7_Phase_A10_1_02d12h00m_2.png
67,19.0,18.414213562373096,0.9908119001042481,0.4634146341463415,0.7041369157643123,1.131902704549921,7,14,130.57894736842104,3.1508693783359507,livecell_phase__train-Huh7_Phase_A10_1_02d12h00m_2.png
68,9.0,9.207106781186548,0.9855504988793795,0.5294117647058824,1.3341541561850128,-0.7519286903426522,7,6,131.33333333333334,3.4641016151377544,livecell_phase__train-Huh7_Phase_A10_1_02d12h00m_2.png
69,5.0,4.0,0.9754262200082647,0.45454545454545453,3.9269908169872414,0.7853981633974483,5,5,128.4,1.3564659966250536,livecell_phase__train-Huh7_Phase_A10_1_02d12h00m_2.png
70,10.0,9.414213562373096,0.9038273042838143,0.9090909090909091,1.4178874935108479,0.23750537813254843,5,3,129.0,2.792848008753788,livecell_phase__train-Huh7_Phase_A10_1_02d12h00m_2.png
71,66.0,43.59188309203678,0.9808144612948436,0.7857142857142857,0.4364580813729222,0.9589281223631693,13,18,128.06060606060606,3.9995408368233742,livecell_phase__train-Huh7_Phase_A10_1_02d12h00m_2.png
72,3.0,3.414213562373095,0.816496580927726,1.0,3.2340725067158833,-0.7853981633974483,2,2,114.66666666666667,20.49932248202906,livecell_phase__train-Huh7_Phase_A10_1_02d12h00m_2.png
73,11.0,9.621320343559642,0.8883379746381774,0.9166666666666666,1.4932523248687193,1.488221988087583,3,5,140.36363636363637,15.393462173466709,livecell_phase__train-Huh7_Phase_A10_1_02d12h00m_2.png
74,6.0,6.0,0.7905694150420949,1.0,2.0943951023931953,0.0,3,2,128.66666666666666,0.7453559924999298,livecell_phase__train-Huh7_Phase_A10_1_02d12h00m_2.png
75,5.0,5.207106781186548,0.816496580927726,1.0,2.3173247538676778,-0.3217505543966422,3,2,129.6,2.576819745345025,livecell_phase__train-Huh7_Phase_A10_1_02d12h00m_2.png
76,13.0,12.071067811865476,0.8898489141605723,0.8666666666666667,1.1211451356615063,1.2192882103920177,4,6,129.30769230769232,3.2671939356300466,livecell_phase__train-Huh7_Phase_A10_1_02d12h00m_2.png
78,51.0,41.76345596729059,0.9920966232907257,0.5368421052631579,0.3674406329832213,-0.6971740042448603,23,19,129.2941176470588,3.516315571993709,livecell_phase__train-Huh7_Phase_A10_1_02d12h00m_2.png
79,7.0,6.207106781186548,0.9538059423779468,0.875,2.2831238497444226,-1.314601596639528,2,5,125.42857142857143,40.809162636619256,livecell_phase__train-Huh7_Phase_A10_1_02d12h00m_2.png
80,1.0,0.0,0,1.0,0.0,-0.7853981633974483,1,1,122.0,0.0,livecell_phase__train-Huh7_Phase_A10_1_02d12h00m_2.png
81,44.0,36.89949493661167,0.9915489815006017,0.5301204819277109,0.40608944071745284,0.5726862938147188,20,14,128.4090909090909,2.910156055001657,livecell_phase__train-Huh7_Phase_A10_1_02d12h00m_2.png
82,77.0,51.49137802864845,0.9828931605405259,0.6814159292035398,0.36494848051140777,0.7073775776274176,18,17,128.32467532467533,1.5326876355253953,livecell_phase__train-Huh7_Phase_A10_1_02d12h00m_2.png
83,59.0,45.520815280171306,0.9963582729135674,0.44029850746268656,0.3578012160646162,0.5317387386356855,28,18,128.61016949152543,3.0643767810141083,livecell_phase__train-Huh7_Phase_A10_1_02d12h00m_2.png
1,18.0,13.207106781186548,0.9953697860059934,0.3673469387755102,1.296782051083918,-1.3061302511965276,7,18,133.66666666666666,8.239471396205516,livecell_phase__train-Huh7_Phase_A10_1_03d04h00m_3.png
2,97.0,75.73401871576773,0.9868621272055436,0.313915857605178,0.21251989516560227,-0.8646859354193088,31,35,132.17525773195877,11.553559998758583,livecell_phase__train-Huh7_Phase_A10_1_03d04h00m_3.png
3,19.0,15.828427124746192,0.9085054296665308,0.8636363636363636,0.9529891209632355,1.3626701772204741,4,7,129.94736842105263,8.592981739772021,livecell_phase__train-Huh7_Phase_A10_1_03d04h00m_3.png
4,20.0,17.035533905932738,0.9635400687675907,0.7142857142857143,0.8660208762994631,-0.9073053262286164,6,9,123.8,21.876014262200506,livecell_phase__train-Huh7_Phase_A10_1_03d04h00m_3.png
5,6.0,6.414213562373095,0.9128709291752768,1.0,1.8326278532479736,-1.2490457723982544,2,4,132.0,3.696845502136472,livecell_phase__train-Huh7_Phase_A10_1_03d04h00m_3.png
6,35.0,24.414213562373096,0.9734734439383546,0.7777777777777778,0.7378913680102738,1.4377211882007357,5,13,130.57142857142858,3.9299997403541482,livecell_phase__train-Huh7_Phase_A10_1_03d04h00m_3.png
7,4.0,1.2071067811865475,0.9596288331806001,0.36363636363636365,34.496773404969424,-0.28165813074598406,6,3,151.75,15.433324334050653,livecell_phase__train-Huh7_Phase_A10_1_03d04h00m_3.png
8,373.0,115.05382386916237,0.9834721014084937,0.746,0.35409238036281493,0.5447364716502013,53,30,128.02949061662198,2.403457966408535,livecell_phase__train-Huh7_Phase_A10_1_03d04h00m_3.png
10,35.0,29.17766952966369,0.9696191053234821,0.8974358974358975,0.5166265320325018,-0.8127178822832263,11,10,146.22857142857143,29.259514412810567,livecell_phase__train-Huh7_Phase_A10_1_03d04h00m_3.png
11,23.0,22.621320343559642,0.9734326457958615,0.696969696969697,0.5648092495120003,-0.08775388383012857,12,4,134.65217391304347,10.573176461758946,livecell_phase__train-Huh7_Phase_A10_1_03d04h00m_3.png
12,7.0,4.0,0.9854280216130676,0.4666666666666667,5.497787143782138,-1.35053115648664,3,9,127.42857142857143,1.049781318335648,livecell_phase__train-Huh7_Phase_A10_1_03d04h00m_3.png
13,29.0,20.44974746830583,0.9968365183750177,0.09965635738831616,0.8714289090922948,-0.7340080069170172,44,40,128.17241379310346,3.052065050118457,livecell_phase__train-Huh7_Phase_A10_1_03d04h00m_3.png
14,64.0,45.00609665440987,0.9831522154919948,0.5614035087719298,0.397051774168098,0.8511354924586783,20,19,127.921875,4.462708984952413,livecell_phase__train-Huh7_Phase_A10_1_03d04h00m_3.png
15,92.0,64.14823227814082,0.9918935479682938,0.6917293233082706,0.28094952694166114,-0.6314761756653328,25,20,128.3586956521739,1.3235453191032887,livecell_phase__train-Huh7_Phase_A10_1_03d04h00m_3.png
16,4.0,0.0,0.9984586717865176,0.08,0.0,-0.5063351220936885,23,14,124.5,6.264982043070834,livecell_phase__train-Huh7_Phase_A10_1_03d04h00m_3.png
17,8.0,5.035533905932738,0.9633737616709226,0.4,3.9646860424640047,-1.3457008945995141,4,9,123.375,11.123595416950403,livecell_phase__train-Huh7_Phase_A10_1_03d04h00m_3.png
18,95.0,75.21320343559643,0.9746003059004227,0.43577981651376146,0.21103053344188874,0.9762271109695271,19,28,128.61052631578949,3.375748608880719,livecell_phase__train-Huh7_Phase_A10_1_03d04h00m_3.png
19,100.0,68.07716446627535,0.983575563074112,0.411522633744856,0.2711483383728507,1.0021046048575304,21,35,126.4,3.828837943815329,livecell_phase__train-Huh7_Phase_A10_1_03d04h00m_3.png
20,26.0,21.621320343559642,0.9978902534159654,0.1262135922330097,0.6989060328311149,-1.0131079584168938,28,42,127.38461538461539,1.962669357257396,livecell_phase__train-Huh7_Phase_A10_1_03d04h00m_3.png
21,26.0,17.86396103067893,0.9365301373443444,0.6341463414634146,1.0238296125809911,0.7138346302554583,11,9,156.1153846153846,31.763945360299164,livecell_phase__train-Huh7_Phase_A10_1_03d04h00m_3.png
22,53.0,38.798989873223334,0.9799051962466709,0.7066666666666667,0.44243033424251255,-0.9523853019498788,11,17,127.22641509433963,2.061703906361922,livecell_phase__train-Huh7_Phase_A10_1_03d04h00m_3.png
23,2.0,0.0,1.0,1.0,0.0,1.5707963267948966,1,2,130.0,2.0,livecell_phase__train-Huh7_Phase_A10_1_03d04h00m_3.png
24,102.0,76.14823227814082,0.9969836047991335,0.5964912280701754,0.22104993107293552,-0.7176638624725242,29,28,128.5686274509804,11.40219260297443,livecell_phase__train-Huh7_Phase_A10_1_03d04h00m_3.png
25,104.0,70.55634918610404,0.9632128533881922,0.3586206896551724,0.26252520211816704,1.4575903999619892,12,30,127.35576923076923,3.0442830065006508,livecell_phase__train-Huh7_Phase_A10_1_03d04h00m_3.png
26,39.0,28.520815280171306,0.9600631778078732,0.7358490566037735,0.6024910492775035,-0.7773679819677508,12,9,129.23076923076923,6.116231194425914,livecell_phase__train-Huh7_Phase_A10_1_03d04h00m_3.png
27,5.0,4.207106781186548,0.9586907114045357,0.8333333333333334,3.5498728546441756,1.380543138238714,2,4,123.0,14.463747785411636,livecell_phase__train-Huh7_Phase_A10_1_03d04h00m_3.png
28,4.0,2.0,1.0,1.0,12.566370614359172,0.0,4,1,127.75,1.479019945774904,livecell_phase__train-Huh7_Phase_A10_1_03d04h00m_3.png
29,24.0,19.692388155425117,0.9595169729340967,0.631578947368421,0.7777219038741342,0.6773004654790135,10,9,130.70833333333334,7.6402397795415355,livecell_phase__train-Huh7_Phase_A10_1_03d04h00m_3.png
30,34.0,24.556349186104043,0.9503343732705323,0.8717948717948718,0.7085347914109777,-0.6295394402728152,10,8,129.35294117647058,9.292255956507315,livecell_phase__train-Huh7_Phase_A10_1_03d04h00m_3.png
31,71.0,52.62741699796952,0.9862581992562915,0.6228070175438597,0.32213959089195743,-0.9451091964988378,17,20,126.78873239436619,4.861216137638598,livecell_phase__train-Huh7_Phase_A10_1_03d04h00m_3.png
33,28.0,25.65685424949238,0.9707610099923789,0.6666666666666666,0.5345164571973257,0.29514651278079446,13,5,132.10714285714286,11.604615109375006,livecell_phase__train-Huh7_Phase_A10_1_03d04h00m_3.png
34,49.0,32.89949493661166,0.969179987565068,0.7777777777777778,0.5688889292795909,-1.3613255360839853,6,16,123.51020408163265,17.125136613761168,livecell_phase__train-Huh7_Phase_A10_1_03d04h00m_3.png
35,2.0,0.0,1.0,1.0,0.0,1.5707963267948966,1,2,134.5,8.5,livecell_phase__train-Huh7_Phase_A10_1_03d04h00m_3.png
38,18.0,14.242640687119284,0.9294820699767676,0.9473684210526315,1.1150679494430014,1.4315180286415194,3,8,125.61111111111111,10.022967451967999,livecell_phase__train-Huh7_Phase_A10_1_03d04h00m_3.png
39,11.0,7.621320343559642,0.9706539813708869,0.6111111111111112,2.3798090741609124,-0.655761355895091,7,6,146.63636363636363,16.33887014716594,livecell_phase__train-Huh7_Phase_A10_1_03d04h00m_3.png
40,9.0,7.207106781186548,0.9974482368384691,0.16363636363636364,2.1773611022815498,0.8703575886509209,20,24,130.33333333333334,3.1269438398822866,livecell_phase__train-Huh7_Phase_A10_1_03d04h00m_3.png
41,16.0,15.035533905932738,0.9558363150917666,0.6666666666666666,0.8893897868599286,0.5526875729513042,8,6,127.9375,3.4545034013588696,livecell_phase__train-Huh7_Phase_A10_1_03d04h00m_3.png
42,1.0,0.0,0,1.0,0.0,-0.7853981633974483,1,1,137.0,0.0,livecell_phase__train-Huh7_Phase_A10_1_03d04h00m_3.png
43,6.0,4.0,1.0,1.0,4.71238898038469,0.0,6,1,138.83333333333334,9.956851354162565,livecell_phase__train-Huh7_Phase_A10_1_03d04h00m_3.png
44,30.0,18.0,0.560611910581388,1.0,1.1635528346628863,1.5707963267948966,5,6,127.26666666666667,7.420392322662072,livecell_phase__train-Huh7_Phase_A10_1_03d04h00m_3.png
45,4.0,2.0,1.0,1.0,12.566370614359172,0.0,4,1,128.5,1.5,livecell_phase__train-Huh7_Phase_A10_1_03d04h00m_3.png
46,8.0,7.414213562373095,0.6123724356957945,1.0,1.8288145488861385,-0.7853981633974483,3,3,133.0,4.092676385936225,livecell_phase__train-Huh7_Phase_A10_1_03d04h00m_3.png
47,18.0,13.621320343559644,0.8538738367584107,0.9,1.2191129812682837,1.2610933822524404,4,6,129.22222222222223,18.344104579932655,livecell_phase__train-Huh7_Phase_A10_1_03d04h00m_3.png
49,4.0,4.0,0.0,1.0,3.141592653589793,-0.7853981633974483,2,2,131.75,3.112474899497183,livecell_phase__train-Huh7_Phase_A10_1_03d04h00m_3.png
50,39.0,34.071067811865476,0.9963071879806019,0.46987951807228917,0.42218517719598825,0.93140751772113,18,24,127.94871794871794,1.4132834645662227,livecell_phase__train-Huh7_Phase_A10_1_03d04h00m_3.png
51,10.0,10.0,0.9354143466934853,1.0,1.2566370614359172,1.5707963267948966,2,5,123.8,20.404901371974333,livecell_phase__train-Huh7_Phase_A10_1_03d04h00m_3.png
52,25.0,18.485281374238568,0.9114101053843908,0.8620689655172413,0.9193856936786339,0.7555068173407098,7,7,125.88,6.055212630453203,livecell_phase__train-Huh7_Phase_A10_1_03d04h00m_3.png
53,152.0,90.2193000900063,0.9834006540921894,0.59375,0.2346683635558648,-0.7917746586197669,31,30,125.53289473684211,15.472776501750749,livecell_phase__train-Huh7_Phase_A10_1_03d04h00m_3.png
54,58.0,48.7634559672906,0.9945009405166036,0.43283582089552236,0.30651300284043265,-0.5276965544599482,30,19,128.36206896551724,5.371374561962601,livecell_phase__train-Huh7_Phase_A10_1_03d04h00m_3.png
55,75.0,46.62741699796952,0.978322172775638,0.7978723404255319,0.4334993115285473,0.6653819603366439,17,13,128.41333333333333,1.2763837806692608,livecell_phase__train-Huh7_Phase_A10_1_03d04h00m_3.png
57,11.0,10.035533905932738,0.601929265428846,0.9166666666666666,1.3725291727209639,0.6435011087932844,4,4,137.45454545454547,5.051797814345384,livecell_phase__train-Huh7_Phase_A10_1_03d04h00m_3.png
58,24.0,23.242640687119284,0.9747407681037995,0.6,0.5582775564008694,-0.66590983963854,10,9,128.95833333333334,4.077163706412692,livecell_phase__train-Huh7_Phase_A10_1_03d04h00m_3.png
59,76.0,49.9350288425444,0.9786260747400115,0.5757575757575758,0.3830124103446627,0.19726197381947905,25,7,132.05263157894737,7.933763188925552,livecell_phase__train-Huh7_Phase_A10_1_03d04h00m_3.png
60,14.0,14.414213562373096,0.9721316612660388,1.0,0.8467515397761582,-1.508618829521516,2,8,128.42857142857142,1.8789923482808435,livecell_phase__train-Huh7_Phase_A10_1_03d04h00m_3.png
61,6.0,0.0,0.9976961534952026,0.09090909090909091,0.0,-0.22128411306073656,28,8,132.5,9.742518497116988,livecell_phase__train-Huh7_Phase_A10_1_03d04h00m_3.png
62,60.0,45.72792206135786,0.9920560406792377,0.4838709677419355,0.360577132448623,-0.9602594880119455,17,25,128.41666666666666,2.59673940848048,livecell_phase__train-Huh7_Phase_A10_1_03d04h00m_3.png
63,18.0,16.82842712474619,0.9675177502343804,0.6666666666666666,0.7987213922949395,-0.960117577254093,7,8,128.83333333333334,2.362907813126304,livecell_phase__train-Huh7_Phase_A10_1_03d04h00m_3.png
64,14.0,11.207106781186548,0.9688976269730817,0.02531645569620253,1.4007185491919845,-1.2950526468983847,27,45,130.5,2.1630005613895316,livecell_phase__train-Huh7_Phase_A10_1_03d04h00m_3.png
65,5.0,5.207106781186548,0.816496580927726,1.0,2.3173247538676778,-1.2490457723982544,2,3,99.8,30.12905574358413,livecell_phase__train-Huh7_Phase_A10_1_03d04h00m_3.png
66,2.0,0.0,1.0,1.0,0.0,0.0,2,1,130.5,0.5,livecell_phase__train-Huh7_Phase_A10_1_03d04h00m_3.png
67,8.0,7.0,0.9770484855851236,0.8,2.0516523452014974,-1.4404951309212262,2,6,122.25,14.762706391444626,livecell_phase__train-Huh7_Phase_A10_1_03d04h00m_3.png
68,2.0,0.0,1.0,1.0,0.0,1.5707963267948966,1,2,136.5,18.5,livecell_phase__train-Huh7_Phase_A10_1_03d04h00m_3.png
69,12.0,10.035533905932738,0.9160133513055991,0.9230769230769231,1.4973045520592334,1.2120256565243244,3,6,126.0,7.659416862050705,livecell_phase__train-Huh7_Phase_A10_1_03d04h00m_3.png
70,100.0,77.21320343559643,0.9970820220678386,0.5291005291005291,0.2107787002718901,-0.42725818751872324,44,19,130.15,9.15901195544585,livecell_phase__train-Huh7_Phase_A10_1_03d04h00m_3.png
71,15.0,13.035533905932738,0.9399596394940787,0.8823529411764706,1.1092858569501525,-1.4406792929755132,3,7,130.06666666666666,2.515728301881761,livecell_phase__train-Huh7_Phase_A10_1_03d04h00m_3.png
1,68.0,57.38477631085024,0.9980624261021652,0.3953488372093023,0.2594928468139364,0.7956932547148169,35,36,131.44117647058823,5.629184333717966,livecell_phase__train-Huh7_Phase_A10_1_04d00h00m_2.png
2,14.0,7.621320343559642,0.9796943882342266,0.06451612903225806,3.0288479125684344,-1.2792739338130519,14,35,128.57142857142858,1.8789923482808435,livecell_phase__train-Huh7_Phase_A10_1_04d00h00m_2.png
4,15.0,9.242640687119284,0.9961979416689082,0.23076923076923078,2.206525664828721,0.9255214293508378,15,22,136.53333333333333,13.965990437089985,livecell_phase__train-Huh7_Phase_A10_1_04d00h00m_2.png
5,21.0,16.82842712474619,0.9844342867201089,0.5121951219512195,0.9318416243440961,0.4545919721668576,14,6,129.0,3.903600291794133,livecell_phase__train-Huh7_Phase_A10_1_04d00h00m_2.png
6,78.0,66.10660171779821,0.9946034302767571,0.2846715328467153,0.22429252599319363,1.2914899312080896,17,56,126.57692307692308,8.815079199971784,livecell_phase__train-Huh7_Phase_A10_1_04d00h00m_2.png
7,27.0,21.65685424949238,0.9963376220265361,0.45,0.7234072895439189,0.9362221829562497,14,20,131.5185185185185,14.795821157716748,livecell_phase__train-Huh7_Phase_A10_1_04d00h00m_2.png
8,10.0,10.0,0.9354143466934853,1.0,1.2566370614359172,0.0,5,2,119.3,27.111067850603007,livecell_phase__train-Huh7_Phase_A10_1_04d00h00m_2.png
9,1.0,0.0,0,1.0,0.0,-0.7853981633974483,1,1,121.0,0.0,livecell_phase__train-Huh7_Phase_A10_1_04d00h00m_2.png
10,6.0,5.207106781186548,0.9885298439247809,0.4,2.7807897046412133,0.6060128282621622,8,6,127.33333333333333,3.0368111930480994,livecell_phase__train-Huh7_Phase_A10_1_04d00h00m_2.png
11,116.0,78.73401871576773,0.9954285363752516,0.6236559139784946,0.23514893438009407,1.144071475497165,18,38,131.63793103448276,9.878046497963727,livecell_phase__train-Huh7_Phase_A10_1_04d00h00m_2.png
12,180.0,100.84062043356596,0.9913119583862999,0.6405693950177936,0.22243921359011698,-1.1404777268796449,21,44,129.37222222222223,7.337900513813013,livecell_phase__train-Huh7_Phase_A10_1_04d00h00m_2.png
14,11.0,8.863961030678928,0.9859833491630392,0.34375,1.759328236694483,-0.7539000081428194,11,10,126.36363636363636,7.25224388188332,livecell_phase__train-Huh7_Phase_A10_1_04d00h00m_2.png
15,19.0,18.86396103067893,0.9986352438046979,0.1743119266055046,0.6709616280618295,0.6326961315114259,29,22,130.42105263157896,3.5735253045827275,livecell_phase__train-Huh7_Phase_A10_1_04d00h00m_2.png
16,18.0,14.0,0.9842092836245242,0.20930232558139536,1.1540544441758425,-0.8449668504429576,14,16,129.05555555555554,6.450428256430579,livecell_phase__train-Huh7_Phase_A10_1_04d00h00m_2.png
18,4.0,4.0,0.0,1.0,3.141592653589793,-0.7853981633974483,2,2,132.0,9.137833441248533,livecell_phase__train-Huh7_Phase_A10_1_04d00h00m_2.png
19,3.0,1.0,1.0,1.0,37.69911184307752,1.5707963267948966,1,3,135.66666666666666,8.259674462242577,livecell_phase__train-Huh7_Phase_A10_1_04d00h00m_2.png
20,1.0,0.0,0,1.0,0.0,-0.7853981633974483,1,1,120.0,0.0,livecell_phase__train-Huh7_Phase_A10_1_04d00h00m_2.png
21,13.0,10.82842712474619,0.9142855993336154,0.9285714285714286,1.3932288539364366,0.30512824042781356,6,3,133.53846153846155,9.708167731866771,livecell_phase__train-Huh7_Phase_A10_1_04d00h00m_2.png
22,193.0,119.70458146424487,0.9960573658813007,0.5693215339233039,0.16925660600563225,-1.0927905765337371,30,58,128.1658031088083,1.0837812823488002,livecell_phase__train-Huh7_Phase_A10_1_04d00h00m_2.png
23,80.0,60.21320343559643,0.9932564803667635,0.6896551724137931,0.2772786207517099,-1.1416520732744473,13,28,128.4125,1.4026203156948782,livecell_phase__train-Huh7_Phase_A10_1_04d00h00m_2.png
24,13.0,10.414213562373096,0.9764826629559868,0.4642857142857143,1.5062610900139906,1.1087572249895266,5,11,130.46153846153845,3.00295712245279,livecell_phase__train-Huh7_Phase_A10_1_04d00h00m_2.png
25,57.0,32.14213562373095,0.9378676722857618,0.8142857142857143,0.6933224470370106,0.7069156827564304,12,10,131.26315789473685,7.577728946895178,livecell_phase__train-Huh7_Phase_A10_1_04d00h00m_2.png
26,45.0,28.935028842544405,0.940575548081989,0.8035714285714286,0.6754209675175143,0.7915857427256957,10,10,123.66666666666667,27.64939219745868,livecell_phase__train-Huh7_Phase_A10_1_04d00h00m_2.png
27,79.0,63.04163056034262,0.9977071769420354,0.316,0.2497940446694755,0.5846645346004956,43,32,129.126582278481,4.579445239210362,livecell_phase__train-Huh7_Phase_A10_1_04d00h00m_2.png
28,1.0,0.0,0,1.0,0.0,-0.7853981633974483,1,1,177.0,0.0,livecell_phase__train-Huh7_Phase_A10_1_04d00h00m_2.png
29,14.0,13.414213562373096,0.9888054256969856,0.56,0.9777041691561844,-0.4288857682331067,10,5,136.78571428571428,15.65329071486509,livecell_phase__train-Huh7_Phase_A10_1_04d00h00m_2.png
31,8.0,0.0,0.9904456265335625,0.15384615384615385,0.0,-1.185205770860917,9,21,127.875,1.165922381636102,livecell_phase__train-Huh7_Phase_A10_1_04d00h00m_2.png
32,8.0,8.621320343559642,0.9882866900090174,0.5333333333333333,1.3525467524122698,0.7121264726377398,7,6,124.875,2.6190408549696205,livecell_phase__train-Huh7_Phase_A10_1_04d00h00m_2.png
33,56.0,41.48528137423857,0.9981594849693641,0.2066420664206642,0.4088931272756225,1.3236957154505595,16,64,126.16071428571429,9.39942396736988,livecell_phase__train-Huh7_Phase_A10_1_04d00h00m_2.png
34,192.0,128.18376618407356,0.9898197881255528,0.24615384615384617,0.14684022379496314,-0.37437388435007934,69,46,128.5,3.679900360969936,livecell_phase__train-Huh7_Phase_A10_1_04d00h00m_2.png
35,16.0,13.242640687119284,0.8143963041694277,0.8888888888888888,1.1465174146811834,0.48750588958591884,6,4,134.6875,9.197273712899927,livecell_phase__train-Huh7_Phase_A10_1_04d00h00m_2.png
36,39.0,34.242640687119284,0.9899085257742817,0.5064935064935064,0.4179650554961669,0.5185269633949305,19,11,132.15384615384616,5.28441570182217,livecell_phase__train-Huh7_Phase_A10_1_04d00h00m_2.png
37,9.0,6.0,0.9919504507498724,0.3103448275862069,3.141592653589793,-0.967904956299403,9,12,136.33333333333334,7.760297817881877,livecell_phase__train-Huh7_Phase_A10_1_04d00h00m_2.png
38,60.0,42.10660171779821,0.9942494358439433,0.4878048780487805,0.4252660659549717,1.269215561275905,12,35,126.56666666666666,6.684226872936681,livecell_phase__train-Huh7_Phase_A10_1_04d00h00m_2.png
39,42.0,26.106601717798213,0.9793691983226506,0.7636363636363637,0.7743877373369459,0.661112405145064,13,10,128.28571428571428,2.528746294733667,livecell_phase__train-Huh7_Phase_A10_1_04d00h00m_2.png
40,6.0,4.0,1.0,1.0,4.71238898038469,1.5707963267948966,1,6,126.66666666666667,2.285218200133681,livecell_phase__train-Huh7_Phase_A10_1_04d00h00m_2.png
41,19.0,17.207106781186546,0.9939141256278837,0.3220338983050847,0.8063948720633292,0.9862355152865858,12,19,127.26315789473684,4.101887951241834,livecell_phase__train-Huh7_Phase_A10_1_04d00h00m_2.png
42,129.0,85.07716446627535,0.9867404822137562,0.5098814229249012,0.22396159952465078,1.3735285505760233,11,42,128.4418604651163,2.855450321520154,livecell_phase__train-Huh7_Phase_A10_1_04d00h00m_2.png
43,22.0,17.86396103067893,0.8703589130639767,0.8461538461538461,0.8663173644916078,0.9421714360006037,6,6,132.0,7.49545316720865,livecell_phase__train-Huh7_Phase_A10_1_04d00h00m_2.png
44,41.0,39.72792206135786,0.9680190183013355,0.3203125,0.32643898612450345,0.8885509351608618,17,20,129.1951219512195,4.95944288863333,livecell_phase__train-Huh7_Phase_A10_1_04d00h00m_2.png
45,6.0,1.0,0.8845407419804107,0.014184397163120567,75.39822368615503,1.1080177783326,28,32,134.16666666666666,7.945998294040145,livecell_phase__train-Huh7_Phase_A10_1_04d00h00m_2.png
46,1.0,0.0,0,1.0,0.0,-0.7853981633974483,1,1,126.0,0.0,livecell_phase__train-Huh7_Phase_A10_1_04d00h00m_2.png
47,491.0,130.29036790187178,0.8843780936276188,0.6311053984575835,0.3634684637154955,1.1769798698660405,33,45,128.06517311608962,1.5736594917897793,livecell_phase__train-Huh7_Phase_A10_1_04d00h00m_2.png
48,61.0,36.17766952966369,0.955263100826665,0.8356164383561644,0.5856774789126723,-0.9261221965748736,12,13,129.47540983606558,10.625682708831265,livecell_phase__train-Huh7_Phase_A10_1_04d00h00m_2.png
49,35.0,25.31370849898476,0.9726400144226148,0.625,0.686382747877737,-1.0605725487619455,9,17,128.37142857142857,4.007747598879766,livecell_phase__train-Huh7_Phase_A10_1_04d00h00m_2.png
50,1.0,0.0,0,1.0,0.0,-0.7853981633974483,1,1,124.0,0.0,livecell_phase__train-Huh7_Phase_A10_1_04d00h00m_2.png
51,63.0,43.00609665440987,0.9723649587545463,0.7159090909090909,0.4280459183685357,-1.0054554158774223,12,18,128.3968253968254,3.078546773943024,livecell_phase__train-Huh7_Phase_A10_1_04d00h00m_2.png
52,11.0,5.0,0.9993499935389124,0.12643678160919541,5.529203070318036,1.370160737035765,9,43,128.0909090909091,3.52792871126041,livecell_phase__train-Huh7_Phase_A10_1_04d00h00m_2.png
53,110.0,59.491378028648455,0.9578986201472868,0.46218487394957986,0.39056605183626186,0.6711628743352126,25,21,128.5090909090909,2.3884017270797133,livecell_phase__train-Huh7_Phase_A10_1_04d00h00m_2.png
54,29.0,20.82842712474619,0.9878870484408497,0.4027777777777778,0.8400302232770331,1.2010396552828773,10,20,128.31034482758622,1.7241379310344827,livecell_phase__train-Huh7_Phase_A10_1_04d00h00m_2.png
55,35.0,27.27817459305202,0.9768726626396498,0.5147058823529411,0.5910814076122308,0.8425451325594072,14,14,131.37142857142857,10.847213504689881,livecell_phase__train-Huh7_Phase_A10_1_04d00h00m_2.png
56,28.0,23.035533905932738,0.9924200345745731,0.11965811965811966,0.6630882469565441,0.7913410545447221,36,34,132.10714285714286,9.976183373108052,livecell_phase__train-Huh7_Phase_A10_1_04d00h00m_2.png
57,92.0,76.27817459305203,0.9927975443978375,0.48936170212765956,0.1986996529204815,1.4919946789788487,6,39,127.92391304347827,0.9352248701012791,livecell_phase__train-Huh7_Phase_A10_1_04d00h00m_2.png
58,71.0,52.44974746830583,0.9738436824512742,0.1574279379157428,0.3243257340456467,0.7144892554476392,32,41,128.3661971830986,1.4940203499916755,livecell_phase__train-Huh7_Phase_A10_1_04d00h00m_2.png
2,12.0,9.82842712474619,0.9929734012638501,0.12121212121212122,1.561072475512689,-0.7132663336573654,24,18,128.08333333333334,1.4976833963009524,livecell_phase__train-Huh7_Phase_A11_1_00d00h00m_4.png
3,77.0,51.698484809834994,0.9914202282127816,0.6695652173913044,0.3620303327135727,-0.8882323233047428,18,23,130.58441558441558,5.326607188349625,livecell_phase__train-Huh7_Phase_A11_1_00d00h00m_4.png
4,16.0,11.82842712474619,0.9880695845308757,0.32,1.4370631385495565,-1.1933894158146103,7,16,128.0,2.0,livecell_phase__train-Huh7_Phase_A11_1_00d00h00m_4.png
5,102.0,77.94112549695429,0.9837700805697936,0.21794871794871795,0.21099719900087738,-1.3494981846600773,20,55,128.37254901960785,1.6622779587971928,livecell_phase__train-Huh7_Phase_A11_1_00d00h00m_4.png
6,62.0,40.42031021678297,0.980050258199773,0.8157894736842105,0.4768724894495834,1.06250731221972,10,18,127.59677419354838,7.780164351484371,livecell_phase__train-Huh7_Phase_A11_1_00d00h00m_4.png
7,52.0,39.071067811865476,0.9834861724196757,0.7323943661971831,0.42805802793251885,1.2307695092270845,8,18,133.26923076923077,7.959308494836492,livecell_phase__train-Huh7_Phase_A11_1_00d00h00m_4.png
8,43.0,32.071067811865476,0.9887116370627087,0.5972222222222222,0.5253533179310858,-1.1429764891900391,9,19,122.76744186046511,27.08971933143498,livecell_phase__train-Huh7_Phase_A11_1_00d00h00m_4.png
9,36.0,33.72792206135786,0.9944904632414874,0.42857142857142855,0.39767949032865363,1.0914600939500034,12,23,130.72222222222223,4.407135067838611,livecell_phase__train-Huh7_Phase_A11_1_00d00h00m_4.png
10,15.0,5.0,0.9960732769875044,0.13636363636363635,7.539822368615503,-1.0290219280595847,19,29,126.86666666666666,6.4896498792735775,livecell_phase__train-Huh7_Phase_A11_1_00d00h00m_4.png
11,73.0,42.798989873223334,0.9799028442744143,0.6186440677966102,0.5008015749590184,1.0168501356913555,14,24,126.73972602739725,4.511863804840763,livecell_phase__train-Huh7_Phase_A11_1_00d00h00m_4.png
12,57.0,37.248737341529164,0.989200642449173,0.7916666666666666,0.5162518351439935,-0.8533365072995258,15,17,130.4561403508772,8.954211349559621,livecell_phase__train-Huh7_Phase_A11_1_00d00h00m_4.png
13,49.0,35.17766952966369,0.9919519715363819,0.6125,0.49759019577009433,-0.8059386878995329,18,20,129.26530612244898,3.3059964702629503,livecell_phase__train-Huh7_Phase_A11_1_00d00h00m_4.png
14,13.0,11.82842712474619,0.9327688338890024,0.8666666666666667,1.1676138000715148,-1.000800769817388,4,6,134.07692307692307,16.826999999824178,livecell_phase__train-Huh7_Phase_A11_1_00d00h00m_4.png
15,5.0,4.0,0.9813067629253163,0.45454545454545453,3.9269908169872414,-0.9097531579442097,5,6,161.4,17.76063061943466,livecell_phase__train-Huh7_Phase_A11_1_00d00h00m_4.png
16,78.0,63.72792206135786,0.9896959291370546,0.20418848167539266,0.24134869276394638,-1.2357100883322305,19,57,129.10256410256412,3.947052595875663,livecell_phase__train-Huh7_Phase_A11_1_00d00h00m_4.png
17,63.0,45.72792206135786,0.9771560487378875,0.23333333333333334,0.3786059890710542,0.9312286098433515,29,35,127.23809523809524,6.642131723490551,livecell_phase__train-Huh7_Phase_A11_1_00d00h00m_4.png
18,24.0,21.65685424949238,0.9726866386309588,0.6857142857142857,0.6430287018168168,0.9320351495345537,8,10,130.45833333333334,6.441914613598111,livecell_phase__train-Huh7_Phase_A11_1_00d00h00m_4.png
20,103.0,60.31980515339464,0.9931366969746123,0.6167664670658682,0.35573551780241347,0.7007426716019711,29,25,128.83495145631068,2.979206538591317,livecell_phase__train-Huh7_Phase_A11_1_00d00h00m_4.png
21,135.0,69.80508652763321,0.9852357050608933,0.7758620689655172,0.3481524798803741,0.8392457430193845,20,26,129.06666666666666,7.355723395198236,livecell_phase__train-Huh7_Phase_A11_1_00d00h00m_4.png
23,17.0,13.035533905932738,0.9942854458576466,0.3953488372093023,1.2571906378768396,0.5774557695376248,17,11,131.41176470588235,3.6470588235294117,livecell_phase__train-Huh7_Phase_A11_1_00d00h00m_4.png
24,3.0,3.414213562373095,0.816496580927726,1.0,3.2340725067158833,-0.7853981633974483,2,2,127.0,0.816496580927726,livecell_phase__train-Huh7_Phase_A11_1_00d00h00m_4.png
25,49.0,36.242640687119284,0.9786820406379201,0.23222748815165878,0.46877698036351967,0.1545698635440275,36,10,129.75510204081633,4.316700422847071,livecell_phase__train-Huh7_Phase_A11_1_00d00h00m_4.png
26,7.0,0.0,0.9975166800649311,0.4117647058823529,0.0,-0.5587961011648219,10,7,132.0,5.451081150953975,livecell_phase__train-Huh7_Phase_A11_1_00d00h00m_4.png
27,71.0,61.14213562373095,0.9941188280629976,0.31140350877192985,0.23866404919490491,-0.4256090734301556,41,22,128.22535211267606,1.6631650049718885,livecell_phase__train-Huh7_Phase_A11_1_00d00h00m_4.png
28,37.0,30.035533905932738,0.9972297300918255,0.2534246575342466,0.5153958004543641,-0.5296185144794223,35,20,131.75675675675674,4.692751197932572,livecell_phase__train-Huh7_Phase_A11_1_00d00h00m_4.png
29,9.0,7.242640687119285,0.9855529950910281,0.47368421052631576,2.156048337810589,-1.1217674344056363,5,9,127.88888888888889,1.0999438818457405,livecell_phase__train-Huh7_Phase_A11_1_00d00h00m_4.png
30,141.0,71.35533905932738,0.9870990968001326,0.7268041237113402,0.347997423425637,-0.46408949751183576,28,17,128.7872340425532,3.1685701870607925,livecell_phase__train-Huh7_Phase_A11_1_00d00h00m_4.png
31,87.0,53.87005768508881,0.9873263035304601,0.7016129032258065,0.3767334957258042,-0.8290674187796995,19,25,127.54022988505747,3.92107362057351,livecell_phase__train-Huh7_Phase_A11_1_00d00h00m_4.png
32,116.0,76.39087296526012,0.9353920838862315,0.48535564853556484,0.2497956707300083,-1.5123330432168032,12,29,128.1293103448276,2.2951604722418124,livecell_phase__train-Huh7_Phase_A11_1_00d00h00m_4.png
33,27.0,22.449747468305834,0.9813607028288995,0.6136363636363636,0.673210231805378,-1.1050180488729415,7,14,128.88888888888889,5.833068777069639,livecell_phase__train-Huh7_Phase_A11_1_00d00h00m_4.png
34,46.0,31.17766952966369,0.9805724098856116,0.7540983606557377,0.5946759799593249,0.7878173541694047,15,12,129.52173913043478,2.356666127455244,livecell_phase__train-Huh7_Phase_A11_1_00d00h00m_4.png
35,52.0,41.10660171779821,0.993501199951798,0.4642857142857143,0.38671414467690013,0.8423732206085719,20,23,128.82692307692307,3.274147885893095,livecell_phase__train-Huh7_Phase_A11_1_00d00h00m_4.png
36,8.0,4.621320343559642,0.9800904904299677,0.27586206896551724,4.707254751634605,1.5361072482447204,3,10,132.625,23.83242276815347,livecell_phase__train-Huh7_Phase_A11_1_00d00h00m_4.png
37,69.0,44.834523779156065,0.98612244499557,0.7419354838709677,0.43135400277131564,-0.9595312779672655,13,20,129.7536231884058,4.308420461434303,livecell_phase__train-Huh7_Phase_A11_1_00d00h00m_4.png
38,3.0,1.0,1.0,1.0,37.69911184307752,1.5707963267948966,1,3,129.66666666666666,1.699673171197595,livecell_phase__train-Huh7_Phase_A11_1_00d00h00m_4.png
39,4.0,1.0,0.9912044800919653,0.14285714285714285,50.26548245743669,0.16812114673107112,13,4,112.75,35.31554190437972,livecell_phase__train-Huh7_Phase_A11_1_00d00h00m_4.png
40,26.0,19.621320343559642,0.965175728544928,0.325,0.848646365259491,1.167442601502102,10,16,127.96153846153847,1.2551668363139015,livecell_phase__train-Huh7_Phase_A11_1_00d00h00m_4.png
41,50.0,39.76345596729059,0.9733092858594967,0.5617977528089888,0.39738513903867334,-0.8257258950530899,15,16,128.48,2.09990475974507,livecell_phase__train-Huh7_Phase_A11_1_00d00h00m_4.png
42,80.0,59.248737341529164,0.9944374173127506,0.5369127516778524,0.28637931904246544,1.0585517089612664,19,32,126.6875,8.29094950834945,livecell_phase__train-Huh7_Phase_A11_1_00d00h00m_4.png
43,2.0,0.0,1.0,1.0,0.0,1.5707963267948966,1,2,121.5,2.5,livecell_phase__train-Huh7_Phase_A11_1_00d00h00m_4.png
45,3.0,3.414213562373095,0.816496580927726,1.0,3.2340725067158833,-0.7853981633974483,2,2,134.33333333333334,2.494438257849294,livecell_phase__train-Huh7_Phase_A11_1_00d00h00m_4.png
46,101.0,55.698484809834994,0.9797760938074778,0.8278688524590164,0.4091141265171227,1.062575091034233,13,23,130.07920792079207,7.2367094545135755,livecell_phase__train-Huh7_Phase_A11_1_00d00h00m_4.png
47,132.0,73.14823227814082,0.9869930473676474,0.6666666666666666,0.310010300893005,-0.5808735736086861,30,20,128.54545454545453,1.8147695252433753,livecell_phase__train-Huh7_Phase_A11_1_00d00h00m_4.png
48,16.0,14.621320343559644,0.9523592282496204,0.6666666666666666,0.9404953703140119,0.7355638371518674,7,6,150.875,26.40756283718738,livecell_phase__train-Huh7_Phase_A11_1_00d00h00m_4.png
49,115.0,79.07716446627535,0.9950394887903297,0.5555555555555556,0.2311029707537473,0.4025431924222472,41,18,128.2608695652174,2.505947556693837,livecell_phase__train-Huh7_Phase_A11_1_00d00h00m_4.png
50,1.0,0.0,0,1.0,0.0,-0.7853981633974483,1,1,150.0,0.0,livecell_phase__train-Huh7_Phase_A11_1_00d00h00m_4.png
51,6.0,4.0,0.9949807357230918,0.3,4.71238898038469,0.8244668100049908,8,9,120.66666666666667,9.860132971832693,livecell_phase__train-Huh7_Phase_A11_1_00d00h00m_4.png
52,99.0,61.390872965260115,0.9892694761277065,0.7388059701492538,0.3300938557632319,-0.9220697601322027,18,23,128.4949494949495,3.5515645645313976,livecell_phase__train-Huh7_Phase_A11_1_00d00h00m_4.png
54,104.0,59.31980515339463,0.9811917569499928,0.7222222222222222,0.3714016011032355,0.5556689755879366,24,16,129.31730769230768,3.2529998672140574,livecell_phase__train-Huh7_Phase_A11_1_00d00h00m_4.png
55,18.0,11.82842712474619,0.9810029853113411,0.1323529411764706,1.6166960308682512,1.4029198852444889,9,24,131.55555555555554,4.68119431843131,livecell_phase__train-Huh7_Phase_A11_1_00d00h00m_4.png
56,11.0,9.414213562373096,0.7084437526351622,1.0,1.5596762428619324,1.307763117296515,3,4,125.72727272727273,52.79822811953052,livecell_phase__train-Huh7_Phase_A11_1_00d00h00m_4.png
57,133.0,75.17766952966369,0.5775303399654431,0.5175097276264592,0.29572210413092626,1.5150988382316297,16,22,128.18796992481202,3.365348356857765,livecell_phase__train-Huh7_Phase_A11_1_00d00h00m_4.png
58,56.0,45.10660171779821,0.9854958864881695,0.2014388489208633,0.34587380600108336,-0.9399676750858121,30,39,129.16071428571428,4.143742208414505,livecell_phase__train-Huh7_Phase_A11_1_00d00h00m_4.png
59,105.0,49.07716446627535,0.9682641942399455,0.875,0.5478229699295,0.44457690858504045,21,12,130.47619047619048,4.816826139581635,livecell_phase__train-Huh7_Phase_A11_1_00d00h00m_4.png
60,109.0,71.42031021678298,0.9611652279225532,0.2845953002610966,0.26853005295506077,-1.0560665908240614,21,38,128.6605504587156,6.27536348373212,livecell_phase__train-Huh7_Phase_A11_1_00d00h00m_4.png
61,15.0,12.621320343559642,0.8801165427694725,0.8823529411764706,1.1832909515480587,-1.2282244828489601,4,6,130.53333333333333,43.07027848631686,livecell_phase__train-Huh7_Phase_A11_1_00d00h00m_4.png
62,84.0,46.14213562373095,0.9558738593942102,0.672,0.495785438755387,-1.1781662510004018,12,21,130.73809523809524,11.700751957540254,livecell_phase__train-Huh7_Phase_A11_1_00d00h00m_4.png
63,23.0,16.44974746830583,0.9512455343198112,0.696969696969697,1.0681179896678035,0.6191410576975573,11,8,144.82608695652175,17.598547800545667,livecell_phase__train-Huh7_Phase_A11_1_00d00h00m_4.png
64,48.0,35.10660171779821,0.9657847697321296,0.7272727272727273,0.4894107639925555,-0.3408381257966911,16,8,132.14583333333334,12.937332258708603,livecell_phase__train-Huh7_Phase_A11_1_00d00h00m_4.png
65,66.0,58.31370849898476,0.981945469548647,0.21710526315789475,0.2439003797321602,-1.3263764263882227,14,50,132.36363636363637,8.685823286873783,livecell_phase__train-Huh7_Phase_A11_1_00d00h00m_4.png
66,2.0,0.0,1.0,1.0,0.0,0.0,2,1,88.0,4.0,livecell_phase__train-Huh7_Phase_A11_1_00d00h00m_4.png
67,35.0,12.621320343559642,0.9935586092398746,0.12681159420289856,2.761012220278804,-0.4706534488217065,42,25,128.71428571428572,5.433080833830727,livecell_phase__train-Huh7_Phase_A11_1_00d00h00m_4.png
68,2.0,0.0,1.0,1.0,0.0,0.0,2,1,116.0,6.0,livecell_phase__train-Huh7_Phase_A11_1_00d00h00m_4.png
70,51.0,40.14213562373095,0.9890183626845265,0.6071428571428571,0.3977215216407338,0.6873075696735574,18,14,129.0,3.99509503187665,livecell_phase__train-Huh7_Phase_A11_1_00d00h00m_4.png
71,26.0,17.65685424949238,0.8086841265881907,0.9285714285714286,1.0479885743570192,0.591905915322968,7,5,131.26923076923077,8.355365352724847,livecell_phase__train-Huh7_Phase_A11_1_00d00h00m_4.png
72,4.0,4.414213562373095,0.9241763718304448,1.0,2.5796641830326625,1.0172219678978514,2,3,128.25,1.0897247358851685,livecell_phase__train-Huh7_Phase_A11_1_00d00h00m_4.png
73,3.0,3.414213562373095,0.816496580927726,1.0,3.2340725067158833,-0.7853981633974483,2,2,215.0,8.524474568362947,livecell_phase__train-Huh7_Phase_A11_1_00d00h00m_4.png
74,21.0,17.65685424949238,0.911824842338078,0.7777777777777778,0.8464523100575925,-0.9859714061200723,6,8,134.04761904761904,9.853576534514865,livecell_phase__train-Huh7_Phase_A11_1_00d00h00m_4.png
75,47.0,37.520815280171306,0.9890990738558477,0.6811594202898551,0.41953016125444687,1.1162392662340657,9,20,128.80851063829786,4.844994336655849,livecell_phase__train-Huh7_Phase_A11_1_00d00h00m_4.png
76,119.0,66.14823227814082,0.9869630174549218,0.6296296296296297,0.3417592987722814,0.7794757561848434,25,22,128.80672268907563,2.3808666980792985,livecell_phase__train-Huh7_Phase_A11_1_00d00h00m_4.png
77,39.0,32.89949493661166,0.9850289996274617,0.639344262295082,0.4527891477939601,-0.5872649239801218,15,11,125.23076923076923,15.922023995906823,livecell_phase__train-Huh7_Phase_A11_1_00d00h00m_4.png
78,4.0,4.621320343559642,0.7905694150420949,1.0,2.3536273758173025,1.5707963267948966,2,3,123.5,14.974979131871937,livecell_phase__train-Huh7_Phase_A11_1_00d00h00m_4.png
79,3.0,3.414213562373095,0.816496580927726,1.0,3.2340725067158833,-0.7853981633974483,2,2,126.0,1.4142135623730951,livecell_phase__train-Huh7_Phase_A11_1_00d00h00m_4.png
80,1.0,0.0,0,1.0,0.0,-0.7853981633974483,1,1,174.0,0.0,livecell_phase__train-Huh7_Phase_A11_1_00d00h00m_4.png
81,87.0,61.31980515339464,0.990974124514236,0.6444444444444445,0.2907552627055787,-0.6656166621704634,24,21,127.8735632183908,3.061832513047939,livecell_phase__train-Huh7_Phase_A11_1_00d00h00m_4.png
82,65.0,44.798989873223334,0.9818306597750114,0.7831325301204819,0.40699284785850665,0.6216467368662097,16,14,131.12307692307692,10.249964641301403,livecell_phase__train-Huh7_Phase_A11_1_00d00h00m_4.png
83,1.0,0.0,0,1.0,0.0,-0.7853981633974483,1,1,129.0,0.0,livecell_phase__train-Huh7_Phase_A11_1_00d00h00m_4.png
84,44.0,31.556349186104043,0.9693582920349065,0.7213114754098361,0.5552505971994491,-0.8553145286177175,11,13,133.79545454545453,18.22533145409351,livecell_phase__train-Huh7_Phase_A11_1_00d00h00m_4.png
85,21.0,16.242640687119284,0.9833174285827948,0.5,1.0002668694928263,1.4982603924827902,4,16,127.66666666666667,0.9428090415820632,livecell_phase__train-Huh7_Phase_A11_1_00d00h00m_4.png
86,20.0,16.414213562373096,0.981156398848262,0.11494252873563218,0.9328239767059576,1.429440152462768,9,31,134.5,9.917156850630123,livecell_phase__train-Huh7_Phase_A11_1_00d00h00m_4.png
87,112.0,68.07716446627535,0.9874171094725223,0.6054054054054054,0.3036861389775928,-1.2019212365828689,14,27,128.9375,5.340681554285531,livecell_phase__train-Huh7_Phase_A11_1_00d00h00m_4.png
88,7.0,7.414213562373095,0.9190862167414559,0.875,1.6002127302753713,1.0494353876106282,3,4,101.28571428571429,37.285440612022455,livecell_phase__train-Huh7_Phase_A11_1_00d00h00m_4.png
89,101.0,53.698484809834994,0.9727214221304378,0.7593984962406015,0.4401565557819139,-1.0916964681132826,15,21,127.15841584158416,5.378233861653854,livecell_phase__train-Huh7_Phase_A11_1_00d00h00m_4.png
90,35.0,28.65685424949238,0.9905747465578174,0.2147239263803681,0.5355757179940117,-1.0239071991829538,17,24,127.97142857142858,18.198093643151143,livecell_phase__train-Huh7_Phase_A11_1_00d00h00m_4.png
91,18.0,14.828427124746192,0.9018506753037593,1.0,1.0287081837484526,1.44718717627513,3,7,128.77777777777777,2.199887763691481,livecell_phase__train-Huh7_Phase_A11_1_00d00h00m_4.png
92,93.0,45.79898987322333,0.946966315740394,0.8611111111111112,0.5571613906010016,-0.5329051731713726,18,11,128.98924731182797,3.8085772571635066,livecell_phase__train-Huh7_Phase_A11_1_00d00h00m_4.png
93,99.0,60.2842712474619,0.98636512851109,0.6875,0.3423237477042676,0.5084687182720141,26,17,129.21212121212122,2.7090298955911525,livecell_phase__train-Huh7_Phase_A11_1_00d00h00m_4.png
94,5.0,5.207106781186548,0.816496580927726,1.0,2.3173247538676778,1.2490457723982544,2,3,132.0,5.329165037789691,livecell_phase__train-Huh7_Phase_A11_1_00d00h00m_4.png
95,31.0,27.82842712474619,0.9755264094745303,0.20261437908496732,0.503030405744338,1.5283456739971053,8,28,132.96774193548387,8.833528031414732,livecell_phase__train-Huh7_Phase_A11_1_00d00h00m_4.png
96,3.0,0.0,0.9969088951173002,0.16666666666666666,0.0,0.04570560093014044,12,2,134.66666666666666,13.474255287605159,livecell_phase__train-Huh7_Phase_A11_1_00d00h00m_4.png
97,82.0,48.17766952966369,0.9501194695296773,0.44808743169398907,0.44394803679472494,1.0041857534566028,18,23,129.109756097561,5.554620352245936,livecell_phase__train-Huh7_Phase_A11_1_00d00h00m_4.png
98,11.0,10.0,0.9721768160291298,0.9166666666666666,1.382300767579509,1.4667949849334614,2,7,108.45454545454545,49.887808013880026,livecell_phase__train-Huh7_Phase_A11_1_00d00h00m_4.png
99,53.0,33.55634918610404,0.9699625315266798,0.828125,0.5914749056031094,0.7290882873441554,13,12,131.47169811320754,16.918900644049067,livecell_phase__train-Huh7_Phase_A11_1_00d00h00m_4.png
100,137.0,86.2842712474619,0.9382248104025738,0.43217665615141954,0.2312422360998726,0.37813158157456495,31,18,128.86861313868613,5.370665821039998,livecell_phase__train-Huh7_Phase_A11_1_00d00h00m_4.png
101,88.0,73.97056274847714,0.9961529083885284,0.39461883408071746,0.20210389840343146,-0.49482692155902347,38,24,128.2840909090909,11.289525378175242,livecell_phase__train-Huh7_Phase_A11_1_00d00h00m_4.png
102,58.0,42.384776310850235,0.949349419361826,0.3815789473684211,0.40571219929909813,-1.3022781642357912,15,21,128.63793103448276,4.470972569741587,livecell_phase__train-Huh7_Phase_A11_1_00d00h00m_4.png
103,76.0,41.44974746830583,0.9617737877685287,0.8172043010752689,0.5558782458548309,-1.5441663068446494,6,17,128.39473684210526,6.988861339695099,livecell_phase__train-Huh7_Phase_A11_1_00d00h00m_4.png
104,81.0,52.384776310850235,0.9844496708276645,0.6532258064516129,0.37092379575459006,0.34912420744694195,22,12,129.45679012345678,7.72210133033437,livecell_phase__train-Huh7_Phase_A11_1_00d00h00m_4.png
105,64.0,51.72792206135786,0.9971726448490019,0.28444444444444444,0.3005659449805043,-0.9331525349252479,30,41,128.484375,3.3819012196359313,livecell_phase__train-Huh7_Phase_A11_1_00d00h00m_4.png
106,65.0,47.42031021678297,0.9716667762155833,0.41139240506329117,0.36324064584077326,0.3756773490715146,29,11,127.81538461538462,2.805995272172714,livecell_phase__train-Huh7_Phase_A11_1_00d00h00m_4.png
107,17.0,12.82842712474619,0.7592834946661577,0.9444444444444444,1.298111396050648,1.1361789240619653,4,5,129.47058823529412,26.8637469399557,livecell_phase__train-Huh7_Phase_A11_1_00d00h00m_4.png
108,83.0,57.00609665440987,0.9903379015482617,0.7217391304347827,0.32095588758067606,1.105941695090989,13,24,129.0120481927711,2.604416896576167,livecell_phase__train-Huh7_Phase_A11_1_00d00h00m_4.png
2,76.0,47.55634918610404,0.972364619584178,0.7037037037037037,0.4222857649712542,1.0846898586966747,11,21,124.44736842105263,38.59656200153001,livecell_phase__train-Huh7_Phase_A11_1_00d04h00m_3.png
3,62.0,41.21320343559643,0.989776196345946,0.6813186813186813,0.4587000715054068,0.5029165280721055,22,13,128.59677419354838,1.4860607965177373,livecell_phase__train-Huh7_Phase_A11_1_00d04h00m_3.png
4,45.0,36.72792206135786,0.9921473059635697,0.6716417910447762,0.4192080960563465,-0.8814581420669375,14,17,130.42222222222222,6.823126975837037,livecell_phase__train-Huh7_Phase_A11_1_00d04h00m_3.png
6,4.0,4.621320343559642,0.7905694150420949,1.0,2.3536273758173025,1.5707963267948966,2,3,153.0,34.21257078911201,livecell_phase__train-Huh7_Phase_A11_1_00d04h00m_3.png
7,26.0,22.656854249492383,0.9950795674683642,0.4262295081967213,0.6364788697804616,0.9762317429616052,15,21,130.03846153846155,4.783632102772385,livecell_phase__train-Huh7_Phase_A11_1_00d04h00m_3.png
9,1.0,0.0,0,1.0,0.0,-0.7853981633974483,1,1,121.0,0.0,livecell_phase__train-Huh7_Phase_A11_1_00d04h00m_3.png
10,15.0,14.035533905932738,0.9906506704528522,0.4166666666666667,0.9568486483986863,-0.6939607190376946,15,12,133.33333333333334,10.26753243102851,livecell_phase__train-Huh7_Phase_A11_1_00d04h00m_3.png
11,41.0,25.656854249492383,0.8785210326903813,0.8913043478260869,0.7826848123246553,1.4753729201333972,5,10,122.53658536585365,46.3128795029252,livecell_phase__train-Huh7_Phase_A11_1_00d04h00m_3.png
12,5.0,3.414213562373095,0.9966443715141117,0.38461538461538464,5.390120844526472,-0.5913809305154601,8,6,117.6,20.48023437365891,livecell_phase__train-Huh7_Phase_A11_1_00d04h00m_3.png
13,1.0,0.0,0,1.0,0.0,-0.7853981633974483,1,1,129.0,0.0,livecell_phase__train-Huh7_Phase_A11_1_00d04h00m_3.png
14,36.0,30.692388155425117,0.98366244043737,0.6792452830188679,0.4802318952516922,-0.8747775715035133,12,13,128.88888888888889,4.846406330569865,livecell_phase__train-Huh7_Phase_A11_1_00d04h00m_3.png
15,6.0,0.0,0.996199189925676,0.25,0.0,-0.9511752443354173,10,13,136.83333333333334,11.62492532831454,livecell_phase__train-Huh7_Phase_A11_1_00d04h00m_3.png
16,14.0,13.65685424949238,0.9545550920057192,0.7777777777777778,0.9432711477921326,0.7442293151449823,6,6,148.64285714285714,28.843437339384856,livecell_phase__train-Huh7_Phase_A11_1_00d04h00m_3.png
17,11.0,10.414213562373096,0.8932467467390012,0.7333333333333333,1.2745286146272226,-0.23334819002123094,6,3,126.63636363636364,3.255002507266937,livecell_phase__train-Huh7_Phase_A11_1_00d04h00m_3.png
18,3.0,1.0,1.0,1.0,37.69911184307752,0.0,3,1,128.0,1.4142135623730951,livecell_phase__train-Huh7_Phase_A11_1_00d04h00m_3.png
19,46.0,38.10660171779821,0.9849401989468092,0.575,0.3980771542232798,-0.5288264353391962,20,13,123.91304347826087,17.916261846806297,livecell_phase__train-Huh7_Phase_A11_1_00d04h00m_3.png
20,9.0,9.82842712474619,0.9930611336988434,0.4090909090909091,1.1708043566345168,-0.4078459616581117,10,5,127.0,2.3570226039551585,livecell_phase__train-Huh7_Phase_A11_1_00d04h00m_3.png
21,9.0,8.035533905932738,0.8749849885166953,0.9,1.751551445146132,1.3172470745987281,3,5,129.33333333333334,3.711842908553348,livecell_phase__train-Huh7_Phase_A11_1_00d04h00m_3.png
23,13.0,6.0,0.9976293661703989,0.1262135922330097,4.537856055185257,-0.26877070592767577,32,10,131.92307692307693,13.640784651813831,livecell_phase__train-Huh7_Phase_A11_1_00d04h00m_3.png
24,2.0,0.0,1.0,1.0,0.0,-0.7853981633974483,2,2,106.5,4.5,livecell_phase__train-Huh7_Phase_A11_1_00d04h00m_3.png
25,2.0,0.0,1.0,0.4,0.0,-0.7853981633974483,5,5,131.5,9.5,livecell_phase__train-Huh7_Phase_A11_1_00d04h00m_3.png
26,7.0,5.207106781186548,0.8789671590520914,0.875,3.244254655414749,-1.095522906388859,3,4,101.57142857142857,48.47932443794142,livecell_phase__train-Huh7_Phase_A11_1_00d04h00m_3.png
27,1.0,0.0,0,1.0,0.0,-0.7853981633974483,1,1,94.0,0.0,livecell_phase__train-Huh7_Phase_A11_1_00d04h00m_3.png
28,34.0,21.242640687119284,0.88618657575404,0.8717948717948718,0.9468294869970207,-1.2018096765517658,6,9,124.97058823529412,13.185297726049551,livecell_phase__train-Huh7_Phase_A11_1_00d04h00m_3.png
29,37.0,29.071067811865476,0.9858020324119002,0.6271186440677966,0.550160770732401,0.5697455933010904,16,12,129.0,1.8009006755629926,livecell_phase__train-Huh7_Phase_A11_1_00d04h00m_3.png
30,16.0,13.414213562373096,0.9639285841286198,0.34782608695652173,1.1173761933213535,-0.697625672653289,10,10,129.9375,2.680222705298946,livecell_phase__train-Huh7_Phase_A11_1_00d04h00m_3.png
31,26.0,19.65685424949238,0.9629539828178951,0.7428571428571429,0.8455809242360399,-0.9537875269901982,8,9,131.69230769230768,9.734037152689568,livecell_phase__train-Huh7_Phase_A11_1_00d04h00m_3.png
32,148.0,65.17766952966369,0.9481117137141768,0.7184466019417476,0.43779815154299356,0.43028522220179705,25,14,128.86486486486487,21.53960796923252,livecell_phase__train-Huh7_Phase_A11_1_00d04h00m_3.png
33,2.0,0.0,1.0,0.5,0.0,0.5880026035475675,4,3,142.0,15.0,livecell_phase__train-Huh7_Phase_A11_1_00d04h00m_3.png
34,38.0,31.27817459305202,0.9931209674114172,0.4523809523809524,0.4881020836230033,0.9455004433686046,16,22,127.42105263157895,1.6643566632465154,livecell_phase__train-Huh7_Phase_A11_1_00d04h00m_3.png
35,1.0,0.0,0,1.0,0.0,-0.7853981633974483,1,1,133.0,0.0,livecell_phase__train-Huh7_Phase_A11_1_00d04h00m_3.png
36,23.0,16.449747468305834,0.86438412174096,0.8518518518518519,1.068117989667803,-0.5409286304998873,8,5,131.08695652173913,28.51073488671799,livecell_phase__train-Huh7_Phase_A11_1_00d04h00m_3.png
37,180.0,94.80508652763321,0.9767943106973155,0.5750798722044729,0.2516628388226253,-1.0174618505437363,25,32,128.05555555555554,6.3811547389535335,livecell_phase__train-Huh7_Phase_A11_1_00d04h00m_3.png
38,7.0,3.0,0.9653733243780656,0.175,9.773843811168245,0.8115647254477109,11,9,133.0,8.68496237346895,livecell_phase__train-Huh7_Phase_A11_1_00d04h00m_3.png
39,39.0,25.692388155425117,0.9206854425862522,0.7358490566037735,0.7424471112236329,0.950334068714178,9,10,132.84615384615384,13.57323622491545,livecell_phase__train-Huh7_Phase_A11_1_00d04h00m_3.png
40,1.0,0.0,0,1.0,0.0,-0.7853981633974483,1,1,151.0,0.0,livecell_phase__train-Huh7_Phase_A11_1_00d04h00m_3.png
41,36.0,27.48528137423857,0.9831993763686085,0.6545454545454545,0.5988416387616923,0.9927685914392795,10,17,144.30555555555554,29.78330949863292,livecell_phase__train-Huh7_Phase_A11_1_00d04h00m_3.png
42,22.0,16.621320343559645,0.86048479274031,0.9166666666666666,1.0006944827171356,-1.2125072927091805,4,8,130.86363636363637,5.833254623632698,livecell_phase__train-Huh7_Phase_A11_1_00d04h00m_3.png
43,20.0,18.82842712474619,0.9933614683987146,0.4444444444444444,0.7089437467554239,0.3686422956842095,16,7,133.15,5.5970974620780005,livecell_phase__train-Huh7_Phase_A11_1_00d04h00m_3.png
44,86.0,56.49137802864845,0.9825128911936551,0.6142857142857143,0.3386444617816308,0.6658301030413668,22,17,129.59302325581396,8.17024935854803,livecell_phase__train-Huh7_Phase_A11_1_00d04h00m_3.png
45,12.0,9.414213562373096,0.9649101311109215,0.5714285714285714,1.7014649922130174,1.1128478297947826,4,9,130.66666666666666,3.704351795148811,livecell_phase__train-Huh7_Phase_A11_1_00d04h00m_3.png
46,14.0,14.414213562373096,0.9891326316007074,0.4827586206896552,0.8467515397761582,1.1829928958226903,5,11,130.64285714285714,12.145587928233404,livecell_phase__train-Huh7_Phase_A11_1_00d04h00m_3.png
47,13.0,11.414213562373096,0.9813952320454052,0.6190476190476191,1.2538951664885007,0.36214644763524517,10,4,124.07692307692308,16.11717449212074,livecell_phase__train-Huh7_Phase_A11_1_00d04h00m_3.png
48,89.0,65.11269837220809,0.9949919651139741,0.6793893129770993,0.26379616861052957,0.9742431211892281,20,28,128.62921348314606,4.999734874930218,livecell_phase__train-Huh7_Phase_A11_1_00d04h00m_3.png
49,48.0,34.72792206135786,0.9190890133764107,0.5052631578947369,0.5001422057018664,-1.5337957432929294,7,22,131.91666666666666,40.965856379293335,livecell_phase__train-Huh7_Phase_A11_1_00d04h00m_3.png
50,23.0,17.44974746830583,0.8983960418557768,0.8846153846153846,0.9492036674237015,0.12922746810400929,9,4,127.82608695652173,6.894561018992615,livecell_phase__train-Huh7_Phase_A11_1_00d04h00m_3.png
51,5.0,5.207106781186548,0.816496580927726,1.0,2.3173247538676778,0.3217505543966422,3,2,137.8,26.528475267153972,livecell_phase__train-Huh7_Phase_A11_1_00d04h00m_3.png
52,3.0,3.414213562373095,0.816496580927726,1.0,3.2340725067158833,-0.7853981633974483,2,2,142.66666666666666,9.568466729604882,livecell_phase__train-Huh7_Phase_A11_1_00d04h00m_3.png
53,21.0,21.071067811865476,0.9885005670701772,0.5833333333333334,0.5943688891460452,-0.7724718827144339,11,10,122.9047619047619,14.719293338060835,livecell_phase__train-Huh7_Phase_A11_1_00d04h00m_3.png
54,44.0,40.31370849898476,0.9923303249001048,0.41509433962264153,0.3402178048859251,0.8893555516739827,19,22,130.86363636363637,5.683272541138556,livecell_phase__train-Huh7_Phase_A11_1_00d04h00m_3.png
55,57.0,46.04163056034262,0.936496845771192,0.22440944881889763,0.33789621597303776,0.662102152391104,23,20,126.7719298245614,10.132486478682784,livecell_phase__train-Huh7_Phase_A11_1_00d04h00m_3.png
56,7.0,7.207106781186548,0.9332430861364036,0.7777777777777778,1.6935030795523165,1.1780972450961726,3,4,127.57142857142857,10.648368659190986,livecell_phase__train-Huh7_Phase_A11_1_00d04h00m_3.png
57,26.0,22.035533905932738,0.8884135724885605,0.5306122448979592,0.6728775779795808,-0.9295553367580567,9,9,154.0,39.23597250561707,livecell_phase__train-Huh7_Phase_A11_1_00d04h00m_3.png
58,1.0,0.0,0,1.0,0.0,-0.7853981633974483,1,1,132.0,0.0,livecell_phase__train-Huh7_Phase_A11_1_00d04h00m_3.png
59,5.0,5.207106781186548,0.816496580927726,1.0,2.3173247538676778,-1.2490457723982544,2,3,128.2,2.4819347291981715,livecell_phase__train-Huh7_Phase_A11_1_00d04h00m_3.png
60,8.0,8.621320343559642,0.994731232710914,0.34782608695652173,1.3525467524122698,0.48387575632106694,10,6,132.625,2.7810744326608736,livecell_phase__train-Huh7_Phase_A11_1_00d04h00m_3.png
61,34.0,25.86396103067893,0.9261782612322463,0.6938775510204082,0.6387026330835718,-1.1168497736918124,8,11,128.61764705882354,3.0001441718529325,livecell_phase__train-Huh7_Phase_A11_1_00d04h00m_3.png
62,73.0,36.72792206135786,0.9289863178044389,0.8902439024390244,0.6800486891580731,0.362049078072847,15,8,127.6986301369863,11.523275946293843,livecell_phase__train-Huh7_Phase_A11_1_00d04h00m_3.png
63,4.0,0.0,0.9805806756909202,0.5714285714285714,0.0,-0.7853981633974483,4,4,120.0,5.431390245600108,livecell_phase__train-Huh7_Phase_A11_1_00d04h00m_3.png
64,66.0,47.7634559672906,0.9689332098895207,0.6285714285714286,0.3635484635321087,0.5453921747984313,21,10,127.01515151515152,3.6988631514840873,livecell_phase__train-Huh7_Phase_A11_1_00d04h00m_3.png
65,89.0,61.384776310850235,0.9925027865059965,0.7478991596638656,0.29680999081528203,-0.2904943620919319,29,9,130.6067415730337,3.749510762177835,livecell_phase__train-Huh7_Phase_A11_1_00d04h00m_3.png
66,2.0,0.0,1.0,1.0,0.0,0.0,2,1,132.0,2.0,livecell_phase__train-Huh7_Phase_A11_1_00d04h00m_3.png
67,22.0,19.65685424949238,0.9806917944601949,0.6285714285714286,0.715491551276649,-0.9332001196992842,9,10,130.3181818181818,11.952125576027218,livecell_phase__train-Huh7_Phase_A11_1_00d04h00m_3.png
68,39.0,28.485281374238575,0.94048104733404,0.6724137931034483,0.6039951392816255,1.3008868502061035,7,12,140.97435897435898,33.05588677119571,livecell_phase__train-Huh7_Phase_A11_1_00d04h00m_3.png
69,4.0,3.2071067811865475,0.9128709291752769,0.8,4.887007608661263,-1.2490457723982544,2,3,125.25,4.815340071064556,livecell_phase__train-Huh7_Phase_A11_1_00d04h00m_3.png
70,26.0,21.035533905932738,0.9892457556414334,0.6046511627906976,0.7383735537659887,-1.1508661134101514,7,14,129.0,1.6870547845739468,livecell_phase__train-Huh7_Phase_A11_1_00d04h00m_3.png
71,14.0,13.414213562373096,0.9979935369387495,0.7368421052631579,0.9777041691561844,1.548084687084108,2,13,128.14285714285714,2.19925775976295,livecell_phase__train-Huh7_Phase_A11_1_00d04h00m_3.png
72,53.0,38.42031021678297,0.9798997355119117,0.8153846153846154,0.4511947101580352,-0.782805421538065,13,14,128.0,2.306676118786756,livecell_phase__train-Huh7_Phase_A11_1_00d04h00m_3.png
73,3.0,1.0,1.0,1.0,37.69911184307752,1.5707963267948966,1,3,134.0,10.03327796219494,livecell_phase__train-Huh7_Phase_A11_1_00d04h00m_3.png
74,55.0,37.48528137423857,0.9799275596536757,0.7534246575342466,0.4918707568720991,-0.25337906840423813,17,7,132.63636363636363,9.284128463259975,livecell_phase__train-Huh7_Phase_A11_1_00d04h00m_3.png
75,14.0,11.414213562373096,0.9885077569973589,0.4827586206896552,1.3503486408337697,-0.4471013965298434,12,6,129.71428571428572,4.542318027309898,livecell_phase__train-Huh7_Phase_A11_1_00d04h00m_3.png
76,2.0,0.0,1.0,1.0,0.0,0.0,2,1,138.0,3.0,livecell_phase__train-Huh7_Phase_A11_1_00d04h00m_3.png
77,27.0,19.621320343559642,0.9579565410537692,0.9642857142857143,0.8812866100771637,0.07074383698074882,10,3,129.33333333333334,12.481096817899369,livecell_phase__train-Huh7_Phase_A11_1_00d04h00m_3.png
78,6.0,6.0,0.7905694150420949,1.0,2.0943951023931953,1.5707963267948966,2,3,141.0,11.015141094572204,livecell_phase__train-Huh7_Phase_A11_1_00d04h00m_3.png
79,10.0,8.82842712474619,0.8835426187866637,0.8333333333333334,1.612290114395414,0.6184990812720341,4,4,132.5,5.937171043518958,livecell_phase__train-Huh7_Phase_A11_1_00d04h00m_3.png
80,9.0,7.414213562373095,0.9854329320762509,0.5,2.0574163674969057,0.6569974706831386,8,6,129.88888888888889,3.2810717911629776,livecell_phase__train-Huh7_Phase_A11_1_00d04h00m_3.png
1,56.0,38.242640687119284,0.9693843363317562,0.7088607594936709,0.4811739917163778,1.285678374758272,7,18,129.01785714285714,2.9306939172719306,livecell_phase__train-Huh7_Phase_A11_1_00d16h00m_2.png
2,32.0,19.621320343559645,0.9268994825385094,0.42105263157894735,1.044487834165527,-1.0593790391888627,11,16,127.34375,1.6509348677340363,livecell_phase__train-Huh7_Phase_A11_1_00d16h00m_2.png
3,220.0,158.0893577750951,0.9485146752359995,0.3235294117647059,0.11061837504160126,-0.7998025968953046,39,39,128.9227272727273,3.94604886600414,livecell_phase__train-Huh7_Phase_A11_1_00d16h00m_2.png
4,56.0,46.86396103067893,0.9947204983007939,0.47863247863247865,0.32042021288046907,-1.1431921411662909,15,28,132.26785714285714,5.752301003662334,livecell_phase__train-Huh7_Phase_A11_1_00d16h00m_2.png
5,25.0,9.621320343559642,0.9973395112800152,0.1497005988023952,3.3937552837925447,-1.143585773105162,19,39,136.76,27.93031328145103,livecell_phase__train-Huh7_Phase_A11_1_00d16h00m_2.png
6,79.0,46.72792206135786,0.9789611011623904,0.5808823529411765,0.4546571419786152,-1.2204675950156656,14,29,127.68354430379746,3.418284060595791,livecell_phase__train-Huh7_Phase_A11_1_00d16h00m_2.png
7,37.0,26.86396103067893,0.9812524693419993,0.6271186440677966,0.6442753128380985,-0.8947364924845932,13,12,127.1891891891892,2.8742833451125227,livecell_phase__train-Huh7_Phase_A11_1_00d16h00m_2.png
8,73.0,51.248737341529164,0.9910967499261579,0.6952380952380952,0.3492741018789639,-1.0133454907392259,16,23,134.0,28.378073727671346,livecell_phase__train-Huh7_Phase_A11_1_00d16h00m_2.png
9,101.0,65.698484809835,0.9940856757550094,0.6644736842105263,0.29404955773378866,-1.0486441903184969,18,31,127.95049504950495,1.1202566681125985,livecell_phase__train-Huh7_Phase_A11_1_00d16h00m_2.png
10,35.0,27.692388155425117,0.9598977071555522,0.7446808510638298,0.5735312518285055,-0.9887716992604338,8,11,125.31428571428572,13.175239609794966,livecell_phase__train-Huh7_Phase_A11_1_00d16h00m_2.png
11,120.0,74.73401871576773,0.9882275554036707,0.32085561497326204,0.2699942014877524,-0.3976611463302195,46,22,127.99166666666666,1.7344347462181702,livecell_phase__train-Huh7_Phase_A11_1_00d16h00m_2.png
12,15.0,14.0,0.977425648108138,0.09615384615384616,0.9617120368132019,-1.5136564424335859,7,38,128.93333333333334,2.3228335186912465,livecell_phase__train-Huh7_Phase_A11_1_00d16h00m_2.png
13,18.0,13.035533905932738,0.9398424640125761,0.6,1.331143028340183,0.9614543758609209,7,9,122.55555555555556,14.727986293003994,livecell_phase__train-Huh7_Phase_A11_1_00d16h00m_2.png
14,130.0,100.55634918610404,0.9900803562329176,0.4012345679012346,0.16156014025509338,-1.2883628991672482,22,49,128.5076923076923,1.7984872012382382,livecell_phase__train-Huh7_Phase_A11_1_00d16h00m_2.png
15,54.0,37.79898987322333,0.9744591731369902,0.7941176470588235,0.4749449078526557,-0.9227385670693553,11,15,128.61111111111111,1.4065543223524621,livecell_phase__train-Huh7_Phase_A11_1_00d16h00m_2.png
16,25.0,13.449747468305832,0.9909183180764185,0.11961722488038277,1.7366872361783816,0.9203324488332105,27,38,128.0,7.652450587883597,livecell_phase__train-Huh7_Phase_A11_1_00d16h00m_2.png
17,4.0,4.0,0.0,1.0,3.141592653589793,-0.7853981633974483,2,2,128.25,1.0897247358851685,livecell_phase__train-Huh7_Phase_A11_1_00d16h00m_2.png
18,89.0,54.49137802864845,0.9882297478631689,0.6846153846153846,0.3766554786860998,-0.7052018914103094,23,20,129.42696629213484,4.534233432355298,livecell_phase__train-Huh7_Phase_A11_1_00d16h00m_2.png
19,30.0,24.31370849898476,0.9549779083216702,0.8108108108108109,0.6377180472976856,-0.5876851298347288,9,8,130.26666666666668,4.682829154356251,livecell_phase__train-Huh7_Phase_A11_1_00d16h00m_2.png
20,156.0,78.84062043356595,0.9838692842230324,0.6872246696035242,0.31538017934434504,0.8794118578927964,25,30,128.23717948717947,14.327270115684438,livecell_phase__train-Huh7_Phase_A11_1_00d16h00m_2.png
22,20.0,16.44974746830583,0.9990564825632371,0.10362694300518134,0.9287982518850465,-1.2479656363443337,17,48,120.1,9.170059977993601,livecell_phase__train-Huh7_Phase_A11_1_00d16h00m_2.png
23,123.0,85.69848480983501,0.9982333709934673,0.5061728395061729,0.2104595747548188,0.9741391879767247,31,48,129.0650406504065,2.0431914992023104,livecell_phase__train-Huh7_Phase_A11_1_00d16h00m_2.png
24,85.0,51.83452377915607,0.9783825555985124,0.7327586206896551,0.39754890718365454,0.8944860039072347,16,20,132.65882352941176,9.774580407635343,livecell_phase__train-Huh7_Phase_A11_1_00d16h00m_2.png
25,76.0,47.45584412271571,0.9736256140758854,0.4198895027624309,0.42407634741355005,0.41303746095278854,34,14,128.3421052631579,2.337073246036743,livecell_phase__train-Huh7_Phase_A11_1_00d16h00m_2.png
26,14.0,13.0,0.9740666327117372,0.9333333333333333,1.0410011159824166,1.5134263736713671,2,8,116.21428571428571,20.623075049317837,livecell_phase__train-Huh7_Phase_A11_1_00d16h00m_2.png
27,11.0,9.414213562373096,0.9711143195042059,0.6111111111111112,1.5596762428619324,-0.5102051895590527,8,5,126.63636363636364,6.094300277125225,livecell_phase__train-Huh7_Phase_A11_1_00d16h00m_2.png
28,85.0,50.62741699796952,0.9743632675026834,0.7391304347826086,0.41673238264005463,1.0087198405966409,15,18,129.24705882352941,8.798269726088781,livecell_phase__train-Huh7_Phase_A11_1_00d16h00m_2.png
29,16.0,12.0,0.0,1.0,1.3962634015954636,-0.7853981633974483,4,4,131.0,5.208166663999915,livecell_phase__train-Huh7_Phase_A11_1_00d16h00m_2.png
30,7.0,4.0,0.9997055710798283,0.06542056074766354,5.497787143782138,-0.6925544091191992,38,31,129.28571428571428,1.905952009160905,livecell_phase__train-Huh7_Phase_A11_1_00d16h00m_2.png
31,86.0,58.04163056034262,0.9930300482610515,0.2,0.32079611946662734,1.0674259398983326,29,46,128.19767441860466,3.25940416670037,livecell_phase__train-Huh7_Phase_A11_1_00d16h00m_2.png
32,179.0,101.9827560572969,0.9933524716338544,0.6485507246376812,0.21627653648030803,-0.9122056089505876,28,38,129.34078212290504,5.886359713201357,livecell_phase__train-Huh7_Phase_A11_1_00d16h00m_2.png
33,17.0,17.65685424949238,0.9805039915935688,0.7727272727272727,0.685223298618051,-0.6504533351345956,8,7,132.41176470588235,7.195250259551634,livecell_phase__train-Huh7_Phase_A11_1_00d16h00m_2.png
34,50.0,29.556349186104047,0.9334799559496215,0.8771929824561403,0.719247383700627,0.8066656453991942,10,10,131.96,9.171608364948867,livecell_phase__train-Huh7_Phase_A11_1_00d16h00m_2.png
35,8.0,7.414213562373095,0.6123724356957945,1.0,1.8288145488861385,-0.7853981633974483,3,3,90.5,18.734993995195193,livecell_phase__train-Huh7_Phase_A11_1_00d16h00m_2.png
36,8.0,8.414213562373096,0.9185586535436918,1.0,1.4199491418576702,0.0,5,2,136.5,7.968688725254614,livecell_phase__train-Huh7_Phase_A11_1_00d16h00m_2.png
37,16.0,11.071067811865476,0.9894167419664065,0.1391304347826087,1.6404040199635543,1.0370172989927389,16,24,127.125,2.7128168017763383,livecell_phase__train-Huh7_Phase_A11_1_00d16h00m_2.png
38,3.0,0.0,0.9868613207214115,0.6,0.0,-0.6396697661585148,4,3,127.0,0.816496580927726,livecell_phase__train-Huh7_Phase_A11_1_00d16h00m_2.png
39,19.0,11.82842712474619,0.7634858964092569,0.07630522088353414,1.7065124770275983,-0.20631884659599195,23,16,133.3684210526316,11.041598503247853,livecell_phase__train-Huh7_Phase_A11_1_00d16h00m_2.png
40,38.0,28.14213562373095,0.9706758360340279,0.7916666666666666,0.602947303547946,-0.8237181285629394,9,12,128.05263157894737,1.4132338507471107,livecell_phase__train-Huh7_Phase_A11_1_00d16h00m_2.png
41,213.0,100.84062043356595,0.9871899048015073,0.5803814713896458,0.2632197360816385,0.36151780249808324,41,22,128.37089201877933,3.281545732850719,livecell_phase__train-Huh7_Phase_A11_1_00d16h00m_2.png
42,49.0,37.520815280171306,0.9925336893518424,0.45794392523364486,0.43738250854187005,-0.76603966605385,22,20,125.65306122448979,5.453143711950964,livecell_phase__train-Huh7_Phase_A11_1_00d16h00m_2.png
43,105.0,76.6923881554251,0.995947920869556,0.3322784810126582,0.2243337622134853,-1.4119783404332236,14,58,130.01904761904763,6.1921316467809175,livecell_phase__train-Huh7_Phase_A11_1_00d16h00m_2.png
44,32.0,27.48528137423857,0.9626523694181033,0.0906515580736544,0.532303678899282,-0.1615333447309587,45,13,128.03125,7.572501134862906,livecell_phase__train-Huh7_Phase_A11_1_00d16h00m_2.png
45,15.0,11.414213562373096,0.4898979485566357,1.0,1.446802115179039,0.7853981633974483,4,4,134.13333333333333,19.414313162086252,livecell_phase__train-Huh7_Phase_A11_1_00d16h00m_2.png
46,77.0,51.00609665440987,0.9677497912072088,0.5167785234899329,0.3719258893167701,0.876645379960932,18,22,129.5064935064935,2.6853299230099044,livecell_phase__train-Huh7_Phase_A11_1_00d16h00m_2.png
47,63.0,52.86396103067893,0.9917541885149289,0.2971698113207547,0.28328984785262457,-0.6198993845581663,35,27,128.53968253968253,2.1663032429668725,livecell_phase__train-Huh7_Phase_A11_1_00d16h00m_2.png
48,62.0,45.970562748477136,0.9943668913915585,0.5740740740740741,0.3686734925207372,0.7275521989077869,23,21,127.20967741935483,2.572416315916485,livecell_phase__train-Huh7_Phase_A11_1_00d16h00m_2.png
49,154.0,71.00609665440987,0.9837186803640388,0.8020833333333334,0.38383034494100365,-1.3225094170206064,12,31,128.6038961038961,10.36503790607639,livecell_phase__train-Huh7_Phase_A11_1_00d16h00m_2.png
50,48.0,37.48528137423857,0.987936919150968,0.3609022556390977,0.4292690241792864,0.3445391636848132,28,11,132.20833333333334,8.388877391456433,livecell_phase__train-Huh7_Phase_A11_1_00d16h00m_2.png
51,3.0,1.0,1.0,1.0,37.69911184307752,0.0,3,1,151.33333333333334,14.290634073484012,livecell_phase__train-Huh7_Phase_A11_1_00d16h00m_2.png
52,29.0,22.72792206135785,0.9592962255239159,0.8529411764705882,0.7054859987394146,0.767943092483782,10,8,135.93103448275863,16.04934424373729,livecell_phase__train-Huh7_Phase_A11_1_00d16h00m_2.png
53,35.0,30.035533905932738,0.9774370574812845,0.47297297297297297,0.48753656799737144,-0.7243039684372189,14,13,129.85714285714286,16.032365224566135,livecell_phase__train-Huh7_Phase_A11_1_00d16h00m_2.png
54,24.0,21.071067811865476,0.9463003195985722,0.7058823529411765,0.6792787304526231,0.6246355072648704,9,7,139.33333333333334,11.62492532831454,livecell_phase__train-Huh7_Phase_A11_1_00d16h00m_2.png
55,4.0,1.0,0.9885620129788547,0.2,50.26548245743669,0.4286173176815784,10,6,133.0,4.949747468305833,livecell_phase__train-Huh7_Phase_A11_1_00d16h00m_2.png
56,83.0,50.077164466275356,0.9808551677977994,0.7685185185185185,0.41591874785790345,-0.6245073121517248,21,14,128.67469879518072,2.5700238325037192,livecell_phase__train-Huh7_Phase_A11_1_00d16h00m_2.png
57,106.0,70.66295090390226,0.9769189107789098,0.24367816091954023,0.2667670522015521,1.2008112581558352,20,47,129.69811320754718,5.036039570259729,livecell_phase__train-Huh7_Phase_A11_1_00d16h00m_2.png
58,131.0,89.25483399593904,0.9967234333478314,0.6238095238095238,0.20664155748047683,0.988780962945384,24,38,129.58778625954199,6.749464472969117,livecell_phase__train-Huh7_Phase_A11_1_00d16h00m_2.png
59,73.0,54.520815280171306,0.9890161485860363,0.35436893203883496,0.30860861196563344,-1.2765168620436265,18,38,128.05479452054794,0.8257899656493992,livecell_phase__train-Huh7_Phase_A11_1_00d16h00m_2.png
60,4.0,4.0,0.0,1.0,3.141592653589793,-0.7853981633974483,2,2,127.5,2.29128784747792,livecell_phase__train-Huh7_Phase_A11_1_00d16h00m_2.png
61,18.0,15.242640687119284,0.9796492409367867,0.6206896551724138,0.9735582576112825,1.203683456829064,5,11,128.38888888888889,1.6034299655179793,livecell_phase__train-Huh7_Phase_A11_1_00d16h00m_2.png
62,183.0,97.46194077712559,0.9937400222983348,0.7176470588235294,0.24209780011084223,-1.1705660920933567,19,43,129.28961748633878,7.84747018970276,livecell_phase__train-Huh7_Phase_A11_1_00d16h00m_2.png
63,128.0,65.11269837220809,0.9845983036572468,0.7901234567901234,0.3793922424960425,1.072171196505688,16,26,127.6171875,11.27505619009696,livecell_phase__train-Huh7_Phase_A11_1_00d16h00m_2.png
64,78.0,64.42031021678298,0.9941031048092441,0.3035019455252918,0.23618855166918587,-0.9441073382662143,30,35,128.69230769230768,2.3441563585926968,livecell_phase__train-Huh7_Phase_A11_1_00d16h00m_2.png
65,3.0,1.0,1.0,1.0,37.69911184307752,0.0,3,1,128.66666666666666,0.4714045207910317,livecell_phase__train-Huh7_Phase_A11_1_00d16h00m_2.png
66,1.0,0.0,0,1.0,0.0,-0.7853981633974483,1,1,137.0,0.0,livecell_phase__train-Huh7_Phase_A11_1_00d16h00m_2.png
67,73.0,56.17766952966369,0.9923613211000817,0.5,0.2906733970265224,-1.0740855648646574,18,28,128.93150684931507,4.457804506377145,livecell_phase__train-Huh7_Phase_A11_1_00d16h00m_2.png
68,40.0,34.55634918610404,0.9964098570648954,0.49382716049382713,0.42093413701798726,-0.7173132903877871,22,19,128.0,1.4832396974191326,livecell_phase__train-Huh7_Phase_A11_1_00d16h00m_2.png
69,113.0,72.87005768508881,0.9929062765339282,0.6848484848484848,0.26741765791397853,-1.16589049265404,14,35,130.61946902654867,29.941038987437807,livecell_phase__train-Huh7_Phase_A11_1_00d16h00m_2.png
70,171.0,122.21320343559643,0.9631419188655366,0.2361878453038674,0.1438698260748981,1.5308020030014162,19,59,130.78947368421052,6.1189099345650755,livecell_phase__train-Huh7_Phase_A11_1_00d16h00m_2.png
71,5.0,5.207106781186548,0.816496580927726,1.0,2.3173247538676778,-1.2490457723982544,2,3,130.8,1.32664991614216,livecell_phase__train-Huh7_Phase_A11_1_00d16h00m_2.png
72,92.0,57.698484809834994,0.9895458762894066,0.7479674796747967,0.347271285208175,1.0943028895314715,13,24,129.25,2.925246180647247,livecell_phase__train-Huh7_Phase_A11_1_00d16h00m_2.png
73,140.0,73.83452377915606,0.9855639666880599,0.7486631016042781,0.32271484495745767,-1.2639368936042426,11,36,131.20714285714286,7.677887012687268,livecell_phase__train-Huh7_Phase_A11_1_00d16h00m_2.png
74,8.0,6.0,0.9493969122522126,0.5714285714285714,2.792526803190927,-0.8223676822264184,5,5,139.25,24.283482040267618,livecell_phase__train-Huh7_Phase_A11_1_00d16h00m_2.png
75,62.0,49.3492424049175,0.9907490568087958,0.4246575342465753,0.3199193978715159,0.4407858126834274,31,17,132.30645161290323,6.762297542559799,livecell_phase__train-Huh7_Phase_A11_1_00d16h00m_2.png
76,18.0,15.621320343559644,0.8855764627169319,0.782608695652174,0.9269299015470711,0.6871910604494371,6,6,130.27777777777777,7.636211652060315,livecell_phase__train-Huh7_Phase_A11_1_00d16h00m_2.png
77,26.0,24.242640687119284,0.9965508560143507,0.18181818181818182,0.5559341627740406,1.012615372319639,20,33,126.03846153846153,24.342872545921573,livecell_phase__train-Huh7_Phase_A11_1_00d16h00m_2.png
78,94.0,68.35533905932738,0.9944511520740716,0.6666666666666666,0.2528091764686355,-1.0379791502173374,18,32,128.09574468085106,1.3996135404002445,livecell_phase__train-Huh7_Phase_A11_1_00d16h00m_2.png
79,183.0,89.25483399593904,0.9811380935075176,0.5700934579439252,0.2886672138849409,0.7534763980734809,30,28,128.2568306010929,3.528904040265529,livecell_phase__train-Huh7_Phase_A11_1_00d16h00m_2.png
80,80.0,46.14213562373095,0.9752803759391971,0.8421052631578947,0.4721766083384638,-0.15389052018875157,21,7,130.4625,4.347251286732802,livecell_phase__train-Huh7_Phase_A11_1_00d16h00m_2.png
81,81.0,49.17766952966369,0.9804556887859324,0.7297297297297297,0.4208806839149584,-1.183515012244864,9,25,128.06172839506172,2.8386472130761216,livecell_phase__train-Huh7_Phase_A11_1_00d16h00m_2.png
1,30.0,25.242640687119284,0.9919188777062581,0.46153846153846156,0.5916454757740294,1.1300077816555842,10,19,121.6,16.1236885771629,livecell_phase__train-Huh7_Phase_A11_1_00d16h00m_4.png
3,59.0,50.31370849898476,0.9838360417219034,0.28095238095238095,0.2928796636431386,1.28922802747883,12,37,129.23728813559322,4.299542675920618,livecell_phase__train-Huh7_Phase_A11_1_00d16h00m_4.png
4,7.0,6.0,0.9614092233077123,0.875,2.443460952792061,-0.16781927516380463,5,2,125.14285714285714,4.015276949301485,livecell_phase__train-Huh7_Phase_A11_1_00d16h00m_4.png
5,2.0,0.0,1.0,0.2,0.0,-0.9097531579442097,8,10,126.0,27.0,livecell_phase__train-Huh7_Phase_A11_1_00d16h00m_4.png
6,67.0,54.520815280171306,0.992883869346802,0.5193798449612403,0.2832435205711978,0.7502980983564097,23,21,128.4179104477612,14.729551222486752,livecell_phase__train-Huh7_Phase_A11_1_00d16h00m_4.png
7,2.0,0.0,1.0,1.0,0.0,0.0,2,1,131.0,2.0,livecell_phase__train-Huh7_Phase_A11_1_00d16h00m_4.png
9,3.0,3.414213562373095,0.816496580927726,1.0,3.2340725067158833,-0.7853981633974483,2,2,128.33333333333334,2.494438257849294,livecell_phase__train-Huh7_Phase_A11_1_00d16h00m_4.png
10,19.0,19.242640687119284,0.9875387618143746,0.5757575757575758,0.6448135039205833,0.8890630172907747,9,10,132.1578947368421,6.799869641898614,livecell_phase__train-Huh7_Phase_A11_1_00d16h00m_4.png
11,52.0,41.62741699796952,0.9889400466275278,0.7428571428571429,0.37709804474318614,-0.9033379322995029,14,17,128.21153846153845,3.977516322364317,livecell_phase__train-Huh7_Phase_A11_1_00d16h00m_4.png
13,189.0,129.66904755831214,0.9943076461865105,0.34870848708487084,0.14125343780644567,0.9001082229582532,45,52,127.98941798941799,2.4901699183208854,livecell_phase__train-Huh7_Phase_A11_1_00d16h00m_4.png
15,4.0,4.0,0.0,1.0,3.141592653589793,-0.7853981633974483,2,2,128.75,0.82915619758885,livecell_phase__train-Huh7_Phase_A11_1_00d16h00m_4.png
16,11.0,1.2071067811865475,0.8682508530249806,0.10377358490566038,94.8661268636659,0.24911250857949693,16,11,122.18181818181819,15.741191948735716,livecell_phase__train-Huh7_Phase_A11_1_00d16h00m_4.png
17,58.0,37.59188309203678,0.9718633686084132,0.7532467532467533,0.5157624198155263,0.7796262827749816,15,12,128.8448275862069,8.180721079713363,livecell_phase__train-Huh7_Phase_A11_1_00d16h00m_4.png
18,4.0,3.414213562373095,0.9913406845149985,0.5,4.312096675621178,0.8313212265298171,5,5,122.75,1.479019945774904,livecell_phase__train-Huh7_Phase_A11_1_00d16h00m_4.png
19,2.0,0.0,1.0,1.0,0.0,0.0,2,1,126.5,0.5,livecell_phase__train-Huh7_Phase_A11_1_00d16h00m_4.png
21,2.0,0.0,1.0,1.0,0.0,1.5707963267948966,1,2,130.5,1.5,livecell_phase__train-Huh7_Phase_A11_1_00d16h00m_4.png
22,48.0,32.7634559672906,0.9928223393689061,0.3333333333333333,0.5619163767497816,-1.1503313185813004,17,37,128.58333333333334,7.359328924720122,livecell_phase__train-Huh7_Phase_A11_1_00d16h00m_4.png
23,2.0,0.0,1.0,0.5,0.0,-1.1071487177940904,2,3,136.5,0.5,livecell_phase__train-Huh7_Phase_A11_1_00d16h00m_4.png
24,8.0,7.207106781186548,0.9367974532459178,0.42105263157894735,1.9354320909169331,0.8797482268164994,6,7,122.625,6.243746871871088,livecell_phase__train-Huh7_Phase_A11_1_00d16h00m_4.png
25,14.0,6.621320343559642,0.9884060371414496,0.3333333333333333,4.012810951384142,0.5700400122886897,14,9,126.21428571428571,26.70253752369017,livecell_phase__train-Huh7_Phase_A11_1_00d16h00m_4.png
27,34.0,26.899494936611664,0.9783100270059544,0.7391304347826086,0.5904736603006497,0.8988887617486906,9,12,128.47058823529412,1.666897331212324,livecell_phase__train-Huh7_Phase_A11_1_00d16h00m_4.png
28,14.0,10.621320343559642,0.9896676122499657,0.4117647058823529,1.5594838609362693,0.9300696393659768,9,12,129.42857142857142,2.0253495541082605,livecell_phase__train-Huh7_Phase_A11_1_00d16h00m_4.png
29,37.0,24.27817459305202,0.940516877917788,0.6727272727272727,0.7888229320017233,0.5307194630891985,11,9,136.16216216216216,14.516558138550598,livecell_phase__train-Huh7_Phase_A11_1_00d16h00m_4.png
30,12.0,11.0,0.9836836187139119,0.6,1.2462516311761163,0.7202924419152501,9,8,138.16666666666666,8.581310441237333,livecell_phase__train-Huh7_Phase_A11_1_00d16h00m_4.png
31,21.0,19.449747468305834,0.9750828477643185,0.5675675675675675,0.6975915719191275,-1.1190922301758792,7,11,128.61904761904762,2.0581126461880292,livecell_phase__train-Huh7_Phase_A11_1_00d16h00m_4.png
32,25.0,20.86396103067893,0.9855316401198861,0.6578947368421053,0.721699404462419,-0.8588624291137846,10,11,127.72,1.0007996802557444,livecell_phase__train-Huh7_Phase_A11_1_00d16h00m_4.png
33,44.0,30.48528137423857,0.9957282459775368,0.32116788321167883,0.594952268540228,-0.40581200162849584,33,16,128.5,2.0834848429756074,livecell_phase__train-Huh7_Phase_A11_1_00d16h00m_4.png
34,10.0,7.621320343559642,0.9958395537395357,0.13513513513513514,2.1634627946917386,0.2189757706873524,31,9,128.5,2.0124611797498106,livecell_phase__train-Huh7_Phase_A11_1_00d16h00m_4.png
35,1.0,0.0,0,1.0,0.0,-0.7853981633974483,1,1,66.0,0.0,livecell_phase__train-Huh7_Phase_A11_1_00d16h00m_4.png
36,6.0,1.0,0.9911722516295759,0.17647058823529413,75.39822368615503,1.2874946665409313,5,16,138.5,9.322910847297997,livecell_phase__train-Huh7_Phase_A11_1_00d16h00m_4.png
37,14.0,10.207106781186548,0.8790150472554781,0.7,1.6886225454418358,1.2891381960489126,4,7,125.28571428571429,19.778879685984567,livecell_phase__train-Huh7_Phase_A11_1_00d16h00m_4.png
38,7.0,6.414213562373096,0.965078007921161,0.7777777777777778,2.138065828789302,-1.1256587757310557,3,5,139.57142857142858,7.384484561897193,livecell_phase__train-Huh7_Phase_A11_1_00d16h00m_4.png
39,13.0,9.207106781186548,0.997139047117918,0.23636363636363636,1.9271115589339074,0.6146196402165904,21,15,133.15384615384616,4.912247704950647,livecell_phase__train-Huh7_Phase_A11_1_00d16h00m_4.png
40,6.0,6.414213562373095,0.48795003647426666,0.8571428571428571,1.8326278532479736,0.46364760900080604,3,3,131.83333333333334,11.349253524155479,livecell_phase__train-Huh7_Phase_A11_1_00d16h00m_4.png
42,8.0,7.414213562373095,0.6123724356957945,1.0,1.8288145488861385,-0.7853981633974483,3,3,113.875,52.44386880274948,livecell_phase__train-Huh7_Phase_A11_1_00d16h00m_4.png
43,63.0,41.17766952966369,0.9837716686579621,0.4883720930232558,0.46690323793542937,-0.7471111688794151,20,21,128.26984126984127,2.040901988627991,livecell_phase__train-Huh7_Phase_A11_1_00d16h00m_4.png
44,25.0,19.82842712474619,0.937767878655839,0.6097560975609756,0.7990488701022019,0.45077491738728015,10,6,128.72,2.538030732674449,livecell_phase__train-Huh7_Phase_A11_1_00d16h00m_4.png
45,3.0,0.0,0.9927993785439494,0.42857142857142855,0.0,-0.691287410745063,5,4,128.66666666666666,10.338708279513881,livecell_phase__train-Huh7_Phase_A11_1_00d16h00m_4.png
46,54.0,43.72792206135786,0.9955060895618038,0.45,0.35488361081141373,0.5147509680544329,27,17,126.94444444444444,7.32933392624931,livecell_phase__train-Huh7_Phase_A11_1_00d16h00m_4.png
47,13.0,7.414213562373095,0.9808400122458525,0.18571428571428572,2.971823641939975,0.7069898289032236,16,13,129.92307692307693,3.7511339508420334,livecell_phase__train-Huh7_Phase_A11_1_00d16h00m_4.png
48,37.0,25.242640687119284,0.9477238985748786,0.06281833616298811,0.7296960867879697,-1.4179077999757883,19,46,127.54054054054055,16.135565207722994,livecell_phase__train-Huh7_Phase_A11_1_00d16h00m_4.png
49,55.0,41.10660171779821,0.9931996673872856,0.5913978494623656,0.4090245761005674,-0.4354003250598687,24,13,128.78181818181818,2.0510831647596177,livecell_phase__train-Huh7_Phase_A11_1_00d16h00m_4.png
50,5.0,3.414213562373095,0.9887770549185264,0.5555555555555556,5.390120844526472,0.7700184003622137,5,5,108.6,25.271327626383226,livecell_phase__train-Huh7_Phase_A11_1_00d16h00m_4.png
51,1.0,0.0,0,1.0,0.0,-0.7853981633974483,1,1,137.0,0.0,livecell_phase__train-Huh7_Phase_A11_1_00d16h00m_4.png
52,28.0,22.035533905932738,0.9921931450596593,0.3076923076923077,0.7246373916703178,1.1496673473478902,12,24,129.39285714285714,1.6548475483147276,livecell_phase__train-Huh7_Phase_A11_1_00d16h00m_4.png
53,1.0,0.0,0,1.0,0.0,-0.7853981633974483,1,1,134.0,0.0,livecell_phase__train-Huh7_Phase_A11_1_00d16h00m_4.png
54,17.0,14.414213562373096,0.923178019332022,0.7391304347826086,1.0281982982996207,-0.6088121099538284,6,6,128.52941176470588,3.012086379880496,livecell_phase__train-Huh7_Phase_A11_1_00d16h00m_4.png
56,34.0,28.035533905932738,0.9939965495347167,0.4358974358974359,0.5435895743817776,-0.2642263568355005,23,8,136.2058823529412,17.042817034068854,livecell_phase__train-Huh7_Phase_A11_1_00d16h00m_4.png
57,129.0,76.56244584051392,0.9886381729004602,0.6615384615384615,0.2765463792024609,1.0117361441413857,18,31,128.11627906976744,4.375102048823997,livecell_phase__train-Huh7_Phase_A11_1_00d16h00m_4.png
58,6.0,4.621320343559642,0.9833527398977103,0.3,3.530441063725954,-0.6650501463658263,9,8,136.83333333333334,8.513061859414755,livecell_phase__train-Huh7_Phase_A11_1_00d16h00m_4.png
59,22.0,15.035533905932738,0.997450592609783,0.2222222222222222,1.222910956932402,-0.9602866781096843,23,31,129.72727272727272,7.98397154634788,livecell_phase__train-Huh7_Phase_A11_1_00d16h00m_4.png
60,93.0,60.21320343559643,0.986575270719983,0.6241610738255033,0.3223363966238627,1.2820363286028806,11,31,127.61290322580645,9.714231061677863,livecell_phase__train-Huh7_Phase_A11_1_00d16h00m_4.png
61,94.0,57.21320343559643,0.9472381677000727,0.5251396648044693,0.36086535327383423,0.7446530510691881,20,19,129.59574468085106,2.5695398583692577,livecell_phase__train-Huh7_Phase_A11_1_00d16h00m_4.png
62,15.0,11.82842712474619,0.5442225546226341,0.9375,1.347246692390209,-0.1997577469996874,5,4,147.06666666666666,14.134905572926744,livecell_phase__train-Huh7_Phase_A11_1_00d16h00m_4.png
63,28.0,21.65685424949238,0.9771513375946321,0.509090909090909,0.7502001521196195,0.38781944609621477,13,8,128.71428571428572,18.04925234473943,livecell_phase__train-Huh7_Phase_A11_1_00d16h00m_4.png
64,3.0,3.414213562373095,0.816496580927726,1.0,3.2340725067158833,-0.7853981633974483,2,2,151.66666666666666,50.54590872552287,livecell_phase__train-Huh7_Phase_A11_1_00d16h00m_4.png
65,14.0,9.414213562373096,0.996931346290067,0.14893617021276595,1.985042490915187,-0.9785044078891854,24,35,128.57142857142858,8.740008873109959,livecell_phase__train-Huh7_Phase_A11_1_00d16h00m_4.png
66,4.0,0.0,0.9939569809406941,0.3076923076923077,0.0,0.5723323097239621,8,5,131.0,5.522680508593631,livecell_phase__train-Huh7_Phase_A11_1_00d16h00m_4.png
67,7.0,4.207106781186548,0.9871823237253052,0.6363636363636364,4.969821996501846,1.380543138238714,2,7,140.71428571428572,3.4934340744678525,livecell_phase__train-Huh7_Phase_A11_1_00d16h00m_4.png
68,5.0,5.414213562373095,0.9380831519646858,1.0,2.143429006056056,0.7853981633974483,3,3,132.0,64.47945409198189,livecell_phase__train-Huh7_Phase_A11_1_00d16h00m_4.png
69,22.0,21.27817459305202,0.993085293265623,0.5116279069767442,0.6106098540791846,0.7986978493387791,13,13,127.5909090909091,2.3482893369253617,livecell_phase__train-Huh7_Phase_A11_1_00d16h00m_4.png
70,7.0,4.0,0.9981614471593792,0.20588235294117646,5.497787143782138,0.653347736425269,16,12,131.71428571428572,7.045044574821687,livecell_phase__train-Huh7_Phase_A11_1_00d16h00m_4.png
71,13.0,10.621320343559642,0.9502498622983931,0.38235294117647056,1.4480921565836788,-1.5363417635845502,4,13,124.23076923076923,37.56461888154831,livecell_phase__train-Huh7_Phase_A11_1_00d16h00m_4.png
72,124.0,65.07716446627535,0.9828454242713435,0.7469879518072289,0.367937714105497,-0.4336673250961322,28,13,128.3790322580645,2.8499936104497814,livecell_phase__train-Huh7_Phase_A11_1_00d16h00m_4.png
73,38.0,27.449747468305834,0.9379052718062852,0.7169811320754716,0.633748221915986,1.400384741932154,5,13,128.47368421052633,24.438684651167794,livecell_phase__train-Huh7_Phase_A11_1_00d16h00m_4.png
74,1.0,0.0,0,1.0,0.0,-0.7853981633974483,1,1,124.0,0.0,livecell_phase__train-Huh7_Phase_A11_1_00d16h00m_4.png
75,30.0,24.65685424949238,0.9692275614325043,0.7142857142857143,0.6200915064650736,-1.0745359107699153,7,12,134.96666666666667,9.89101724911155,livecell_phase__train-Huh7_Phase_A11_1_00d16h00m_4.png
76,3.0,0.0,0.9868613207214115,0.6,0.0,-0.6396697661585148,4,3,129.66666666666666,44.00252518006464,livecell_phase__train-Huh7_Phase_A11_1_00d16h00m_4.png
77,54.0,46.89949493661166,0.9889216153608231,0.4090909090909091,0.3085086122883112,-0.9456408785690883,20,24,129.2037037037037,4.576022976622699,livecell_phase__train-Huh7_Phase_A11_1_00d16h00m_4.png
78,1.0,0.0,0,1.0,0.0,-0.7853981633974483,1,1,123.0,0.0,livecell_phase__train-Huh7_Phase_A11_1_00d16h00m_4.png
79,3.0,0.0,0.9990585246205559,0.5,0.0,0.6324587276950222,5,4,127.66666666666667,1.699673171197595,livecell_phase__train-Huh7_Phase_A11_1_00d16h00m_4.png
80,15.0,13.621320343559642,0.9936682872522689,0.42857142857142855,1.0159274843902364,1.062059808737307,8,15,128.4,4.409081537009721,livecell_phase__train-Huh7_Phase_A11_1_00d16h00m_4.png
81,48.0,32.3492424049175,0.9555797934204027,0.8135593220338984,0.5763985410164821,0.5719803702676428,12,9,124.20833333333333,29.724399582759542,livecell_phase__train-Huh7_Phase_A11_1_00d16h00m_4.png
82,2.0,0.0,1.0,0.6666666666666666,0.0,0.0,3,1,128.0,0.0,livecell_phase__train-Huh7_Phase_A11_1_00d16h00m_4.png
83,1.0,0.0,0,1.0,0.0,-0.7853981633974483,1,1,137.0,0.0,livecell_phase__train-Huh7_Phase_A11_1_00d16h00m_4.png
84,5.0,4.0,0.9901475429766743,0.3333333333333333,3.9269908169872414,-0.6055446636049701,8,6,131.6,2.0591260281974,livecell_phase__train-Huh7_Phase_A11_1_00d16h00m_4.png
85,7.0,6.621320343559642,0.6430787000116572,0.875,2.006405475692071,1.2606715838034859,3,4,128.14285714285714,3.440455593940656,livecell_phase__train-Huh7_Phase_A11_1_00d16h00m_4.png
86,19.0,14.621320343559644,0.9392791477041685,0.13380281690140844,1.116838252247889,1.4866067830365037,10,25,119.63157894736842,23.95656272312297,livecell_phase__train-Huh7_Phase_A11_1_00d16h00m_4.png
87,8.0,5.207106781186548,0.998508672447473,0.18604651162790697,3.7077196061882844,0.5219352573274272,19,12,131.625,4.0600954422279285,livecell_phase__train-Huh7_Phase_A11_1_00d16h00m_4.png
88,45.0,36.31370849898476,0.9849703895800374,0.6164383561643836,0.42882606188502526,0.9882254734536592,12,18,129.04444444444445,2.0865234834320896,livecell_phase__train-Huh7_Phase_A11_1_00d16h00m_4.png
89,1.0,0.0,0,1.0,0.0,-0.7853981633974483,1,1,127.0,0.0,livecell_phase__train-Huh7_Phase_A11_1_00d16h00m_4.png
90,1.0,0.0,0,1.0,0.0,-0.7853981633974483,1,1,138.0,0.0,livecell_phase__train-Huh7_Phase_A11_1_00d16h00m_4.png
91,6.0,4.0,1.0,1.0,4.71238898038469,1.5707963267948966,1,6,105.33333333333333,24.073960113690383,livecell_phase__train-Huh7_Phase_A11_1_00d16h00m_4.png
92,140.0,69.66295090390226,0.955128703918657,0.6896551724137931,0.3625218315429824,-0.49950624427724205,25,17,127.41428571428571,7.833978841546351,livecell_phase__train-Huh7_Phase_A11_1_00d16h00m_4.png
93,25.0,19.106601717798213,0.9357323686704725,0.8333333333333334,0.8605635977329642,1.0143270457385745,6,9,152.24,30.717135283095654,livecell_phase__train-Huh7_Phase_A11_1_00d16h00m_4.png
94,53.0,41.31370849898476,0.9792502290545869,0.6883116883116883,0.3902090807232238,1.3009787406367794,7,19,130.83018867924528,3.6432198544414485,livecell_phase__train-Huh7_Phase_A11_1_00d16h00m_4.png
95,12.0,10.414213562373096,0.9859153314660327,0.46153846153846156,1.3903948523206067,-0.7028238246901349,9,9,146.75,36.48772624687193,livecell_phase__train-Huh7_Phase_A11_1_00d16h00m_4.png
96,30.0,22.692388155425117,0.9443691647209513,0.6666666666666666,0.7321005136066968,-0.6028772849198355,12,9,132.66666666666666,21.182277707765255,livecell_phase__train-Huh7_Phase_A11_1_00d16h00m_4.png
97,76.0,60.45584412271571,0.9908903420284796,0.5547445255474452,0.2613044930919774,0.8988096475672249,18,24,128.32894736842104,1.9083484034129783,livecell_phase__train-Huh7_Phase_A11_1_00d16h00m_4.png
98,67.0,48.89949493661167,0.9915018732191294,0.6320754716981132,0.3521080220968464,-1.2105687567741505,10,27,129.32835820895522,5.4042218424517525,livecell_phase__train-Huh7_Phase_A11_1_00d16h00m_4.png
99,11.0,9.035533905932738,0.8468413944019118,0.9166666666666666,1.6931479507424014,-1.3389725222944935,3,5,127.81818181818181,1.79990817029303,livecell_phase__train-Huh7_Phase_A11_1_00d16h00m_4.png
100,22.0,18.071067811865476,0.9527792865681974,0.5116279069767442,0.8465739753712007,-1.2463470901289238,6,13,130.13636363636363,10.252695674555122,livecell_phase__train-Huh7_Phase_A11_1_00d16h00m_4.png
101,1.0,0.0,0,1.0,0.0,-0.7853981633974483,1,1,114.0,0.0,livecell_phase__train-Huh7_Phase_A11_1_00d16h00m_4.png
102,147.0,82.25483399593904,0.909525392347252,0.30561330561330563,0.2730262086393609,-1.0714487106445825,25,38,129.02721088435374,4.954137387562795,livecell_phase__train-Huh7_Phase_A11_1_00d16h00m_4.png
103,36.0,23.899494936611667,0.9279611187564757,0.8780487804878049,0.7920177567467468,-0.43071017912814236,10,6,123.41666666666667,31.602896315932117,livecell_phase__train-Huh7_Phase_A11_1_00d16h00m_4.png
104,27.0,19.071067811865476,0.9485558603652696,0.627906976744186,0.9328753281440607,1.461717447402569,4,15,115.07407407407408,42.85542095959556,livecell_phase__train-Huh7_Phase_A11_1_00d16h00m_4.png
105,87.0,47.248737341529164,0.9646630704474797,0.7073170731707317,0.489720971652516,0.5843075492311478,22,14,129.13793103448276,9.436018561559443,livecell_phase__train-Huh7_Phase_A11_1_00d16h00m_4.png
106,1.0,0.0,0,1.0,0.0,-0.7853981633974483,1,1,103.0,0.0,livecell_phase__train-Huh7_Phase_A11_1_00d16h00m_4.png
107,83.0,51.72792206135786,0.9860651197789883,0.664,0.3897964598965916,1.3005118623441112,10,31,128.53012048192772,4.805462126637182,livecell_phase__train-Huh7_Phase_A11_1_00d16h00m_4.png
108,10.0,9.0,0.9563728019160792,0.9090909090909091,1.5514037795505151,0.10509129333108475,6,2,122.7,14.913416778190033,livecell_phase__train-Huh7_Phase_A11_1_00d16h00m_4.png
109,4.0,2.0,1.0,1.0,12.566370614359172,1.5707963267948966,1,4,129.75,32.251937926270415,livecell_phase__train-Huh7_Phase_A11_1_00d16h00m_4.png
110,10.0,9.0,0.9789397217344012,0.8333333333333334,1.5514037795505151,-1.4570951526537124,2,7,127.4,39.07480006346801,livecell_phase__train-Huh7_Phase_A11_1_00d16h00m_4.png
111,4.0,1.0,0.9676974005017309,0.4444444444444444,50.26548245743669,0.711858985703247,5,4,127.25,1.0897247358851685,livecell_phase__train-Huh7_Phase_A11_1_00d16h00m_4.png
112,4.0,2.414213562373095,0.9851714310094161,0.6666666666666666,8.624193351242356,-0.39269908169872414,4,2,131.5,8.200609733428363,livecell_phase__train-Huh7_Phase_A11_1_00d16h00m_4.png
114,28.0,21.621320343559645,0.9695773232109777,0.9333333333333333,0.752668035356585,-1.4853718764499864,3,11,124.39285714285714,21.793411989003673,livecell_phase__train-Huh7_Phase_A11_1_00d16h00m_4.png
115,1.0,0.0,0,1.0,0.0,-0.7853981633974483,1,1,130.0,0.0,livecell_phase__train-Huh7_Phase_A11_1_00d16h00m_4.png
116,3.0,1.0,1.0,1.0,37.69911184307752,1.5707963267948966,1,3,132.66666666666666,7.039570693980958,livecell_phase__train-Huh7_Phase_A11_1_00d16h00m_4.png
117,86.0,62.935028842544405,0.9941999146167746,0.6231884057971014,0.272849677083296,0.2691366434731,31,10,131.72093023255815,7.858710413752727,livecell_phase__train-Huh7_Phase_A11_1_00d16h00m_4.png
118,22.0,19.071067811865476,0.9624765299085463,0.7586206896551724,0.7601206377470124,-0.5603977566202212,9,6,136.0,9.448424592106733,livecell_phase__train-Huh7_Phase_A11_1_00d16h00m_4.png
119,7.0,6.414213562373095,0.915157020786942,0.7777777777777778,2.1380658287893026,0.39269908169872425,5,3,131.28571428571428,14.791061834908326,livecell_phase__train-Huh7_Phase_A11_1_00d16h00m_4.png
120,23.0,19.65685424949238,0.952803062970012,0.7419354838709677,0.7480138945164968,-1.438742007515085,4,10,130.91304347826087,33.15171061686254,livecell_phase__train-Huh7_Phase_A11_1_00d16h00m_4.png
121,25.0,23.27817459305202,0.9788985081915051,0.6756756756756757,0.579765048771196,0.13158113330120283,13,4,129.44,8.414653884741783,livecell_phase__train-Huh7_Phase_A11_1_00d16h00m_4.png
122,100.0,70.5269119345812,0.991543670311374,0.6756756756756757,0.2526388450182246,-1.2210028893412959,14,30,129.08,4.4624656861425835,livecell_phase__train-Huh7_Phase_A11_1_00d16h00m_4.png
123,2.0,0.0,1.0,1.0,0.0,1.5707963267948966,1,2,149.0,5.0,livecell_phase__train-Huh7_Phase_A11_1_00d16h00m_4.png
124,17.0,17.207106781186546,0.9924232274764387,0.6538461538461539,0.7215112013198209,-1.5686668677789999,2,13,132.0,25.552713681145264,livecell_phase__train-Huh7_Phase_A11_1_00d16h00m_4.png
125,57.0,44.7634559672906,0.9854275912479603,0.5757575757575758,0.35746827278056564,0.5322910360461282,24,14,131.64912280701753,6.0131179058647035,livecell_phase__train-Huh7_Phase_A11_1_00d16h00m_4.png
126,7.0,6.207106781186548,0.9260857774688946,0.7,2.2831238497444226,-0.5384274789376577,4,4,133.14285714285714,20.766928182146945,livecell_phase__train-Huh7_Phase_A11_1_00d16h00m_4.png
127,70.0,49.42031021678297,0.9866636035961035,0.7368421052631579,0.36016123731726435,-0.41350238531158945,23,11,128.7,3.591060328888153,livecell_phase__train-Huh7_Phase_A11_1_00d16h00m_4.png
128,17.0,12.621320343559642,0.9598821132730597,0.68,1.3410630784211335,-0.15558662171207813,11,3,133.52941176470588,10.392970741344836,livecell_phase__train-Huh7_Phase_A11_1_00d16h00m_4.png
129,13.0,10.207106781186548,0.7980178384023576,0.056768558951965066,1.5680066493388476,-1.286539290889924,20,26,136.07692307692307,19.37667725131879,livecell_phase__train-Huh7_Phase_A11_1_00d16h00m_4.png
130,10.0,9.207106781186548,0.99513341013299,0.7142857142857143,1.4823935068722365,1.5219725084701907,2,9,110.9,34.98128070840175,livecell_phase__train-Huh7_Phase_A11_1_00d16h00m_4.png
131,9.0,8.207106781186548,0.8468413944019119,0.9,1.6790831580707237,-0.23182380450040305,4,3,126.66666666666667,2.309401076758503,livecell_phase__train-Huh7_Phase_A11_1_00d16h00m_4.png
132,43.0,27.44974746830583,0.982176537504372,0.5119047619047619,0.7171361458523002,1.3809825761815768,7,26,128.46511627906978,1.0195493124085104,livecell_phase__train-Huh7_Phase_A11_1_00d16h00m_4.png
133,26.0,19.899494936611667,0.906423176020196,0.896551724137931,0.8250857838024523,-0.6484881695887927,7,7,127.76923076923077,19.78792890065847,livecell_phase__train-Huh7_Phase_A11_1_00d16h00m_4.png
134,17.0,14.621320343559642,0.9930029394233248,0.2537313432835821,0.999276330958638,0.32963863882446076,24,9,128.64705882352942,1.7469696946961761,livecell_phase__train-Huh7_Phase_A11_1_00d16h00m_4.png
135,76.0,37.9350288425444,0.9206562225268748,0.8636363636363636,0.6636553795397147,0.2946255951952675,15,8,125.65789473684211,18.616314740443002,livecell_phase__train-Huh7_Phase_A11_1_00d16h00m_4.png
136,46.0,34.071067811865476,0.9754076175017466,0.5111111111111111,0.49796200387219125,1.4242914817020718,5,23,119.97826086956522,26.99958866871444,livecell_phase__train-Huh7_Phase_A11_1_00d16h00m_4.png
137,33.0,24.82842712474619,0.9625047336806217,0.6875,0.6727061342996961,-1.5604211827831052,4,12,128.36363636363637,42.61797755665189,livecell_phase__train-Huh7_Phase_A11_1_00d16h00m_4.png
138,51.0,31.17766952966369,0.9703877129820563,0.7183098591549296,0.6593146734331645,0.7164027839995408,13,14,128.90196078431373,10.39089892497518,livecell_phase__train-Huh7_Phase_A11_1_00d16h00m_4.png
139,40.0,30.863961030678926,0.9795561303939384,0.13651877133105803,0.527675015345685,1.0003724528567093,28,40,128.225,5.293805342095609,livecell_phase__train-Huh7_Phase_A11_1_00d16h00m_4.png
140,42.0,35.72792206135786,0.9934150681115116,0.5060240963855421,0.41346965123463103,0.8511767758321553,17,22,127.83333333333333,1.6171207020749456,livecell_phase__train-Huh7_Phase_A11_1_00d16h00m_4.png
141,6.0,4.0,1.0,1.0,4.71238898038469,0.0,6,1,130.16666666666666,2.6718699236468995,livecell_phase__train-Huh7_Phase_A11_1_00d16h00m_4.png
142,38.0,26.65685424949238,0.9785011469434642,0.7450980392156863,0.6720098918208268,1.272757645071219,5,16,122.5,30.917334602895,livecell_phase__train-Huh7_Phase_A11_1_00d16h00m_4.png
143,11.0,8.82842712474619,0.8567111043472119,0.6875,1.7735191258349552,-0.5535743588970452,6,5,133.9090909090909,6.639476231458259,livecell_phase__train-Huh7_Phase_A11_1_00d16h00m_4.png
144,37.0,23.071067811865476,0.7265730043096513,0.9024390243902439,0.8735267254261581,-0.7360956029743237,7,8,128.45945945945945,35.24401010606575,livecell_phase__train-Huh7_Phase_A11_1_00d16h00m_4.png
145,9.0,8.0,0.0,1.0,1.7671458676442586,-0.7853981633974483,3,3,130.44444444444446,8.486736201745916,livecell_phase__train-Huh7_Phase_A11_1_00d16h00m_4.png
1,45.0,40.520815280171306,0.9866066038130386,0.39473684210526316,0.34440228817877083,-0.8505728654417136,18,19,127.86666666666666,1.4696938456699071,livecell_phase__train-Huh7_Phase_A11_1_01d08h00m_2.png
2,152.0,87.7401153701776,0.9933825610558153,0.7203791469194313,0.24811730180866298,0.6439252639036321,34,27,128.51315789473685,1.6818960247967611,livecell_phase__train-Huh7_Phase_A11_1_01d08h00m_2.png
3,10.0,7.0,0.9862342196050936,0.43478260869565216,2.564565431501872,0.47780504434146137,10,6,127.8,7.95989949685296,livecell_phase__train-Huh7_Phase_A11_1_01d08h00m_2.png
4,2.0,0.0,1.0,0.18181818181818182,0.0,1.3258176636680326,3,9,130.0,1.0,livecell_phase__train-Huh7_Phase_A11_1_01d08h00m_2.png
5,30.0,26.414213562373092,0.9749648341831494,0.6818181818181818,0.5403258546182992,1.2597542572197407,5,13,127.9,1.2206555615733703,livecell_phase__train-Huh7_Phase_A11_1_01d08h00m_2.png
6,243.0,107.53910524340094,0.9881799660336301,0.5510204081632653,0.26404825407754706,0.6783419646934132,45,40,128.10699588477365,1.7035645357764058,livecell_phase__train-Huh7_Phase_A11_1_01d08h00m_2.png
7,8.0,6.0,1.0,1.0,2.792526803190927,1.5707963267948966,1,8,127.75,0.82915619758885,livecell_phase__train-Huh7_Phase_A11_1_01d08h00m_2.png
8,60.0,37.31370849898476,0.9797934652831453,0.3389830508474576,0.5415322003401726,-1.258186301479672,16,33,128.13333333333333,1.407914138796192,livecell_phase__train-Huh7_Phase_A11_1_01d08h00m_2.png
9,25.0,25.828427124746188,0.9791579927923559,0.5555555555555556,0.47092739293885205,1.2901238114509308,6,14,129.76,4.338478996146,livecell_phase__train-Huh7_Phase_A11_1_01d08h00m_2.png
10,116.0,84.76955262170046,0.9968982378802648,0.5714285714285714,0.20285609964954912,-0.9652851487094996,27,39,127.97413793103448,1.9628498234075096,livecell_phase__train-Huh7_Phase_A11_1_01d08h00m_2.png
11,62.0,35.3492424049175,0.8890191992647024,0.7654320987654321,0.6235069983110896,-0.9071055396659483,10,14,128.03225806451613,6.385385890113515,livecell_phase__train-Huh7_Phase_A11_1_01d08h00m_2.png
12,184.0,97.49747468305833,0.9917572095078732,0.6411149825783972,0.24324333711635007,-0.6517716218168076,42,29,128.32608695652175,1.6392515236094658,livecell_phase__train-Huh7_Phase_A11_1_01d08h00m_2.png
13,90.0,55.73401871576773,0.9922491201739696,0.3157894736842105,0.36409243489002946,0.6719617152231688,53,42,128.06666666666666,1.4590712418826193,livecell_phase__train-Huh7_Phase_A11_1_01d08h00m_2.png
14,63.0,50.21320343559643,0.9912233622760315,0.6363636363636364,0.31398908834867906,-0.9961897487103576,15,21,129.0793650793651,1.6837372198318876,livecell_phase__train-Huh7_Phase_A11_1_01d08h00m_2.png
15,91.0,48.62741699796952,0.9705686774708191,0.7711864406779662,0.48360285253407825,0.9027222669328235,16,19,128.86813186813185,14.787289456729935,livecell_phase__train-Huh7_Phase_A11_1_01d08h00m_2.png
16,26.0,9.414213562373096,0.9956375340408401,0.10116731517509728,3.6865074831282043,-0.9315716712675143,34,43,127.3076923076923,3.110394864485497,livecell_phase__train-Huh7_Phase_A11_1_01d08h00m_2.png
17,23.0,17.485281374238568,0.9952604708165674,0.2911392405063291,0.9453496097333655,0.9774345509320682,14,21,136.7391304347826,12.438430598978131,livecell_phase__train-Huh7_Phase_A11_1_01d08h00m_2.png
18,102.0,77.79898987322332,0.9947946693983744,0.5284974093264249,0.21176887004687803,0.4005805041005758,35,18,128.7941176470588,2.3277449968742054,livecell_phase__train-Huh7_Phase_A11_1_01d08h00m_2.png
19,90.0,58.04163056034261,0.9888180116126258,0.5454545454545454,0.3357168692092613,0.6491907596176015,24,20,127.23333333333333,7.8839499406494635,livecell_phase__train-Huh7_Phase_A11_1_01d08h00m_2.png
20,4.0,0.0,0.9029090821383176,0.16666666666666666,0.0,0.5855591288029642,8,6,127.0,1.8708286933869707,livecell_phase__train-Huh7_Phase_A11_1_01d08h00m_2.png
21,5.0,4.0,0.9678372077779888,0.5,3.9269908169872414,0.6202494859828216,5,4,127.6,13.850631754544628,livecell_phase__train-Huh7_Phase_A11_1_01d08h00m_2.png
22,32.0,24.27817459305202,0.9496949407592044,0.6274509803921569,0.6822252384879769,0.9682641732601975,9,11,140.59375,11.648120489482412,livecell_phase__train-Huh7_Phase_A11_1_01d08h00m_2.png
23,33.0,30.899494936611664,0.9937276067630549,0.3793103448275862,0.43433121449019313,-0.7196420331188311,24,21,127.87878787878788,1.1483209285755405,livecell_phase__train-Huh7_Phase_A11_1_01d08h00m_2.png
24,8.0,7.414213562373095,0.6123724356957945,1.0,1.8288145488861385,0.7853981633974483,3,3,129.125,2.0879116360612584,livecell_phase__train-Huh7_Phase_A11_1_01d08h00m_2.png
25,60.0,42.59188309203678,0.9864707451515624,0.7317073170731707,0.41563052037341197,0.5467063479764955,19,11,128.51666666666668,2.7110371119227086,livecell_phase__train-Huh7_Phase_A11_1_01d08h00m_2.png
26,261.0,152.675144212722,0.947009544220104,0.4027777777777778,0.14070634877905222,0.6031754117600557,44,34,128.76628352490422,3.260552156316177,livecell_phase__train-Huh7_Phase_A11_1_01d08h00m_2.png
27,6.0,4.0,0.8885233166386386,0.75,4.71238898038469,-1.1071487177940904,3,4,132.5,7.041543391425869,livecell_phase__train-Huh7_Phase_A11_1_01d08h00m_2.png
28,54.0,35.31370849898476,0.9692345059648071,0.6835443037974683,0.5441479136084523,0.4842033864871352,16,11,132.33333333333334,6.724747000610672,livecell_phase__train-Huh7_Phase_A11_1_01d08h00m_2.png
29,44.0,33.3492424049175,0.9752320695464873,0.7333333333333333,0.4971536079424228,-0.8988431073528902,11,14,128.77272727272728,4.74276308209598,livecell_phase__train-Huh7_Phase_A11_1_01d08h00m_2.png
30,203.0,105.6335136523794,0.975816756441787,0.7048611111111112,0.2286138040899197,-1.1849705792294423,18,38,128.0591133004926,5.817965483437775,livecell_phase__train-Huh7_Phase_A11_1_01d08h00m_2.png
31,172.0,114.08326112068522,0.9971641704714119,0.593103448275862,0.1660712507623888,1.226987527172051,22,51,127.80232558139535,3.371631885069211,livecell_phase__train-Huh7_Phase_A11_1_01d08h00m_2.png
32,45.0,28.31370849898476,0.9439805929355847,0.7377049180327869,0.7053892954058976,-1.0019346800762783,9,13,132.9777777777778,7.652127921591161,livecell_phase__train-Huh7_Phase_A11_1_01d08h00m_2.png
33,30.0,20.485281374238568,0.8943493747077614,0.8571428571428571,0.8983534740877455,0.9112811765593153,7,7,128.36666666666667,1.1100550536897809,livecell_phase__train-Huh7_Phase_A11_1_01d08h00m_2.png
34,9.0,9.207106781186548,0.9294403032006735,1.0,1.3341541561850128,-1.488221988087583,2,5,129.55555555555554,10.16651487439811,livecell_phase__train-Huh7_Phase_A11_1_01d08h00m_2.png
35,34.0,30.27817459305202,0.9571525495117108,0.4473684210526316,0.4660466635818424,-1.133407016728061,9,15,124.6470588235294,8.801344659770415,livecell_phase__train-Huh7_Phase_A11_1_01d08h00m_2.png
36,41.0,33.27817459305203,0.993292040955561,0.3416666666666667,0.4652375166598555,-1.045052706401902,17,29,128.21951219512195,1.1584723987354064,livecell_phase__train-Huh7_Phase_A11_1_01d08h00m_2.png
37,67.0,54.59188309203678,0.988818242412863,0.3401015228426396,0.28250654672875847,0.71989496985965,29,28,129.1492537313433,2.593066134983164,livecell_phase__train-Huh7_Phase_A11_1_01d08h00m_2.png
38,32.0,24.692388155425114,0.9363753890369176,0.7619047619047619,0.6595286282010341,0.7760242617985761,9,9,128.9375,4.175355523784771,livecell_phase__train-Huh7_Phase_A11_1_01d08h00m_2.png
41,16.0,13.207106781186548,0.9182545501729225,0.8421052631578947,1.1526951565190382,1.209524325308958,4,7,122.6875,11.681816800052978,livecell_phase__train-Huh7_Phase_A11_1_01d08h00m_2.png
42,98.0,66.83452377915607,0.9922248086455477,0.44954128440366975,0.2756983861778431,0.6119084728316831,32,25,129.78571428571428,6.441653356024652,livecell_phase__train-Huh7_Phase_A11_1_01d08h00m_2.png
43,5.0,1.0,0.9979385605005973,0.2631578947368421,62.83185307179586,-1.1399130750758346,5,11,127.6,0.8,livecell_phase__train-Huh7_Phase_A11_1_01d08h00m_2.png
44,89.0,48.2842712474619,0.9731573561830719,0.8476190476190476,0.479720755162856,0.4798384896521637,21,11,137.73033707865167,19.469228988700806,livecell_phase__train-Huh7_Phase_A11_1_01d08h00m_2.png
45,31.0,23.65685424949238,0.9489272730631163,0.6888888888888889,0.6960774577349415,0.8525824512153691,8,11,126.0,11.123935251693574,livecell_phase__train-Huh7_Phase_A11_1_01d08h00m_2.png
46,141.0,69.79898987322332,0.9759283501227854,0.47635135135135137,0.36368944865962477,1.511589998298,15,32,123.15602836879432,29.0612665834065,livecell_phase__train-Huh7_Phase_A11_1_01d08h00m_2.png
47,38.0,30.89949493661166,0.9840627211859042,0.6031746031746031,0.5001389742614346,-0.917638889898704,13,13,129.71052631578948,3.425199915309148,livecell_phase__train-Huh7_Phase_A11_1_01d08h00m_2.png
48,13.0,11.621320343559642,0.9803750988214159,0.48148148148148145,1.2096013722018837,-0.499920433276513,10,6,127.07692307692308,18.294436053963086,livecell_phase__train-Huh7_Phase_A11_1_01d08h00m_2.png
49,58.0,39.7634559672906,0.9770840039096235,0.6987951807228916,0.46096676128486086,-1.1287295273533215,10,21,129.58620689655172,2.988682576554545,livecell_phase__train-Huh7_Phase_A11_1_01d08h00m_2.png
50,7.0,1.4142135623730951,0.9980139243914098,0.3333333333333333,43.9822971502571,-0.5819718793544708,13,9,131.14285714285714,6.401530429259451,livecell_phase__train-Huh7_Phase_A11_1_01d08h00m_2.png
51,46.0,36.242640687119284,0.9888914858660428,0.2,0.44007634891269193,0.38520469429754933,35,16,127.32608695652173,4.520746128423488,livecell_phase__train-Huh7_Phase_A11_1_01d08h00m_2.png
52,3.0,3.414213562373095,0.816496580927726,1.0,3.2340725067158833,-0.7853981633974483,2,2,170.0,7.0710678118654755,livecell_phase__train-Huh7_Phase_A11_1_01d08h00m_2.png
53,2.0,0.0,1.0,1.0,0.0,0.0,2,1,104.5,7.5,livecell_phase__train-Huh7_Phase_A11_1_01d08h00m_2.png
54,1.0,0.0,0,1.0,0.0,-0.7853981633974483,1,1,131.0,0.0,livecell_phase__train-Huh7_Phase_A11_1_01d08h00m_2.png
55,5.0,5.207106781186548,0.816496580927726,1.0,2.3173247538676778,-1.2490457723982544,2,3,132.8,5.844655678480983,livecell_phase__train-Huh7_Phase_A11_1_01d08h00m_2.png
56,60.0,38.384776310850235,0.9773982215978632,0.8,0.511732601888676,-0.6104539622406372,16,11,127.63333333333334,1.6529435024289914,livecell_phase__train-Huh7_Phase_A11_1_01d08h00m_2.png
57,146.0,74.46194077712559,0.9836829335952803,0.6697247706422018,0.3308979044613205,-1.0573415271319473,23,27,128.53424657534248,2.2088377392598764,livecell_phase__train-Huh7_Phase_A11_1_01d08h00m_2.png
58,21.0,14.82842712474619,0.8054461593960613,0.9545454545454546,1.2001595477065283,0.27607649522775185,6,4,130.38095238095238,4.715488062162716,livecell_phase__train-Huh7_Phase_A11_1_01d08h00m_2.png
59,68.0,44.79898987322333,0.9901189229047221,0.6296296296296297,0.42577713314428406,-0.7202364446897379,20,17,130.51470588235293,4.009153669889559,livecell_phase__train-Huh7_Phase_A11_1_01d08h00m_2.png
60,131.0,91.42640687119285,0.9958974755547482,0.5981735159817352,0.19694177857105963,0.6696827810339699,37,30,129.24427480916032,3.271649216562749,livecell_phase__train-Huh7_Phase_A11_1_01d08h00m_2.png
61,29.0,21.692388155425117,0.9699289019075089,0.6744186046511628,0.7744495433994735,1.1278191257325143,6,13,134.0344827586207,8.75916370839091,livecell_phase__train-Huh7_Phase_A11_1_01d08h00m_2.png
62,87.0,54.55634918610404,0.981392224668396,0.6397058823529411,0.3673148747304577,0.4481395625831012,24,14,127.98850574712644,4.595085462849033,livecell_phase__train-Huh7_Phase_A11_1_01d08h00m_2.png
63,26.0,17.65685424949238,0.9543542433997366,0.6046511627906976,1.0479885743570192,0.726914077530703,9,10,133.80769230769232,14.943532768312622,livecell_phase__train-Huh7_Phase_A11_1_01d08h00m_2.png
64,95.0,54.18376618407356,0.9821195807041346,0.8407079646017699,0.40662595125702133,0.8859983131177105,17,20,128.3684210526316,2.1911430882626073,livecell_phase__train-Huh7_Phase_A11_1_01d08h00m_2.png
65,118.0,69.21320343559643,0.9903396998518659,0.7712418300653595,0.3095379987996596,0.2886640942290224,32,10,129.02542372881356,2.125159473205619,livecell_phase__train-Huh7_Phase_A11_1_01d08h00m_2.png
66,10.0,8.82842712474619,0.6123724356957946,1.0,1.612290114395414,0.0,4,3,138.4,15.200000000000001,livecell_phase__train-Huh7_Phase_A11_1_01d08h00m_2.png
67,51.0,34.69238815542512,0.981502909021126,0.3923076923076923,0.5324902331573835,0.9602975604801471,18,20,129.80392156862746,36.15002487339102,livecell_phase__train-Huh7_Phase_A11_1_01d08h00m_2.png
68,6.0,5.0,0.9252741613028527,0.8571428571428571,3.015928947446201,1.3450697810186194,2,4,121.16666666666667,14.769525682596882,livecell_phase__train-Huh7_Phase_A11_1_01d08h00m_2.png
69,159.0,80.94112549695427,0.9888828869462793,0.7293577981651376,0.304977998768666,0.36713872240410445,35,17,128.46540880503144,4.202095724835072,livecell_phase__train-Huh7_Phase_A11_1_01d08h00m_2.png
70,32.0,27.656854249492383,0.9743073144407665,0.6808510638297872,0.5257197350686573,-0.9715973867358254,9,12,127.71875,3.6931894667752965,livecell_phase__train-Huh7_Phase_A11_1_01d08h00m_2.png
71,113.0,79.1543289325507,0.9967271085500278,0.7793103448275862,0.22664125421644268,-0.8407397000906287,26,30,128.01769911504425,1.0303560763063988,livecell_phase__train-Huh7_Phase_A11_1_01d08h00m_2.png
72,41.0,26.48528137423857,0.9191660614640028,0.7192982456140351,0.7344877187801329,-0.684710068478631,11,10,154.78048780487805,31.08957334049076,livecell_phase__train-Huh7_Phase_A11_1_01d08h00m_2.png
73,73.0,44.83452377915607,0.9715748171539402,0.7448979591836735,0.45636003191747876,-0.797362388989615,16,14,133.42465753424656,12.818990416318913,livecell_phase__train-Huh7_Phase_A11_1_01d08h00m_2.png
74,47.0,38.89949493661167,0.989331815966457,0.5595238095238095,0.3903190938118928,0.5174887864623093,19,12,133.36170212765958,4.269762721569679,livecell_phase__train-Huh7_Phase_A11_1_01d08h00m_2.png
1,64.0,58.9350288425444,0.9985112963830447,0.35359116022099446,0.2315489613236322,0.5559265787536545,43,26,127.765625,1.826388063740836,livecell_phase__train-Huh7_Phase_A11_1_01d12h00m_1.png
2,28.0,24.621320343559642,0.9915807757612084,0.417910447761194,0.5804238077281514,1.0676651056215212,10,18,133.92857142857142,7.454282428953993,livecell_phase__train-Huh7_Phase_A11_1_01d12h00m_1.png
3,66.0,43.21320343559643,0.9765187917106019,0.7333333333333333,0.4441410093798639,1.1167396813087402,10,18,128.07575757575756,1.019664324750984,livecell_phase__train-Huh7_Phase_A11_1_01d12h00m_1.png
4,7.0,4.414213562373095,0.9976851785887806,0.3888888888888889,4.5144123203071596,-0.7124789255795735,10,8,126.42857142857143,14.568627181693671,livecell_phase__train-Huh7_Phase_A11_1_01d12h00m_1.png
7,91.0,55.66295090390226,0.9853134992108306,0.7647058823529411,0.3690785484758125,1.0920632432822854,12,24,130.1868131868132,7.511035233826435,livecell_phase__train-Huh7_Phase_A11_1_01d12h00m_1.png
8,62.0,36.17766952966369,0.9627148574151532,0.8611111111111112,0.5952787490587816,1.0765512928224759,9,16,128.93548387096774,4.92809905031746,livecell_phase__train-Huh7_Phase_A11_1_01d12h00m_1.png
9,80.0,56.2842712474619,0.9900200209385973,0.7476635514018691,0.3173406860778663,0.9682054055416616,15,23,128.65,7.090662874513214,livecell_phase__train-Huh7_Phase_A11_1_01d12h00m_1.png
10,151.0,99.36143571373725,0.9940511978011506,0.6371308016877637,0.19219898726988477,-0.8048861780010228,35,35,130.25165562913907,8.723279764037928,livecell_phase__train-Huh7_Phase_A11_1_01d12h00m_1.png
11,67.0,44.89949493661166,0.9834329433491406,0.7127659574468085,0.4176396808422254,0.21631805606733548,23,8,129.40298507462686,19.65376398684291,livecell_phase__train-Huh7_Phase_A11_1_01d12h00m_1.png
12,1.0,0.0,0,1.0,0.0,-0.7853981633974483,1,1,130.0,0.0,livecell_phase__train-Huh7_Phase_A11_1_01d12h00m_1.png
13,151.0,105.29036790187178,0.9951657550011944,0.24237560192616373,0.17116285619455499,0.5940145590278861,62,43,127.74834437086092,2.7044690584348023,livecell_phase__train-Huh7_Phase_A11_1_01d12h00m_1.png
14,10.0,6.0,0.9939522840888145,0.2631578947368421,3.490658503988659,0.7925102744967402,12,13,132.5,5.333854141237834,livecell_phase__train-Huh7_Phase_A11_1_01d12h00m_1.png
15,2.0,0.0,1.0,1.0,0.0,0.7853981633974483,2,2,132.0,10.0,livecell_phase__train-Huh7_Phase_A11_1_01d12h00m_1.png
17,68.0,34.97056274847714,0.9098793345449381,0.9315068493150684,0.6987366680637918,0.9483845107903741,10,13,128.14705882352942,1.7427556431794764,livecell_phase__train-Huh7_Phase_A11_1_01d12h00m_1.png
18,4.0,0.0,0.9969727979146908,0.04878048780487805,0.0,0.31535380434311167,34,12,130.25,5.494315243958978,livecell_phase__train-Huh7_Phase_A11_1_01d12h00m_1.png
19,9.0,6.414213562373095,0.9931854897718819,0.4090909090909091,2.7489417798719606,1.1768314250156682,5,10,124.11111111111111,9.218874894529574,livecell_phase__train-Huh7_Phase_A11_1_01d12h00m_1.png
20,179.0,86.66904755831214,0.9919077921513261,0.771551724137931,0.2994572603994588,1.0782648103082257,21,37,128.3296089385475,5.314443833073426,livecell_phase__train-Huh7_Phase_A11_1_01d12h00m_1.png
21,17.0,14.207106781186548,0.9738515483750523,0.5483870967741935,1.0583943093054415,0.30356123664525486,13,5,127.76470588235294,1.6987681268463117,livecell_phase__train-Huh7_Phase_A11_1_01d12h00m_1.png
22,4.0,2.0,1.0,1.0,12.566370614359172,0.0,4,1,116.25,16.753730927766508,livecell_phase__train-Huh7_Phase_A11_1_01d12h00m_1.png
24,1.0,0.0,0,1.0,0.0,-0.7853981633974483,1,1,128.0,0.0,livecell_phase__train-Huh7_Phase_A11_1_01d12h00m_1.png
25,45.0,23.899494936611664,0.7156414788210124,0.9183673469387755,0.9900221959334338,0.19140925586024096,9,7,128.0888888888889,9.15501616534096,livecell_phase__train-Huh7_Phase_A11_1_01d12h00m_1.png
26,5.0,2.0,0.9955569968850977,0.2,15.707963267948966,1.0390792373675202,8,14,142.4,10.365326815879952,livecell_phase__train-Huh7_Phase_A11_1_01d12h00m_1.png
27,212.0,101.81118318204308,0.9925556297237207,0.762589928057554,0.2570128016639692,-1.0776234474526984,26,40,129.0990566037736,5.291021146279887,livecell_phase__train-Huh7_Phase_A11_1_01d12h00m_1.png
28,2.0,0.0,1.0,0.2857142857142857,0.0,-1.1071487177940904,3,5,143.0,1.0,livecell_phase__train-Huh7_Phase_A11_1_01d12h00m_1.png
29,1.0,0.0,0,1.0,0.0,-0.7853981633974483,1,1,126.0,0.0,livecell_phase__train-Huh7_Phase_A11_1_01d12h00m_1.png
30,10.0,1.0,0.9891452796386933,0.10101010101010101,125.66370614359172,0.9771520602858349,16,24,127.2,1.5362291495737215,livecell_phase__train-Huh7_Phase_A11_1_01d12h00m_1.png
31,36.0,22.899494936611667,0.9650926001325161,0.42857142857142855,0.8627015080273571,0.8694309748219037,16,18,127.83333333333333,3.730504880933232,livecell_phase__train-Huh7_Phase_A11_1_01d12h00m_1.png
32,5.0,3.414213562373095,0.9444348716052978,0.7142857142857143,5.390120844526472,1.0172219678978514,3,4,123.4,6.216108107168021,livecell_phase__train-Huh7_Phase_A11_1_01d12h00m_1.png
33,36.0,25.86396103067893,0.9916166616246102,0.5070422535211268,0.6762733762061348,0.980601685247625,16,20,128.63888888888889,1.336512413746601,livecell_phase__train-Huh7_Phase_A11_1_01d12h00m_1.png
34,13.0,11.621320343559642,0.9861978404792322,0.5909090909090909,1.2096013722018837,-0.8036548857708865,9,8,130.23076923076923,1.671196998646187,livecell_phase__train-Huh7_Phase_A11_1_01d12h00m_1.png
35,5.0,1.4142135623730951,0.9969667300599873,0.07692307692307693,31.415926535897924,0.4874879149660898,29,17,126.8,0.7483314773547882,livecell_phase__train-Huh7_Phase_A11_1_01d12h00m_1.png
36,22.0,21.207106781186546,0.9898176932656244,0.3333333333333333,0.6147091795905231,-1.552190137021167,4,19,130.0,12.486356190221827,livecell_phase__train-Huh7_Phase_A11_1_01d12h00m_1.png
37,1.0,0.0,0,1.0,0.0,-0.7853981633974483,1,1,134.0,0.0,livecell_phase__train-Huh7_Phase_A11_1_01d12h00m_1.png
38,101.0,74.14823227814082,0.9955146727380626,0.6516129032258065,0.23084986999887705,0.5162102208634315,32,20,128.3960396039604,2.692414014625964,livecell_phase__train-Huh7_Phase_A11_1_01d12h00m_1.png
39,101.0,61.2842712474619,0.9729768596877981,0.31076923076923074,0.337935008942406,-1.179764157848963,19,37,127.16831683168317,3.0117568535926407,livecell_phase__train-Huh7_Phase_A11_1_01d12h00m_1.png
40,61.0,41.3492424049175,0.9789162686408595,0.6421052631578947,0.4483370039449717,0.7084701317087971,16,14,127.27868852459017,10.968107488832777,livecell_phase__train-Huh7_Phase_A11_1_01d12h00m_1.png
41,83.0,59.62741699796952,0.9887772068442295,0.535483870967742,0.29335666742115696,0.8889735879695354,21,25,127.09638554216868,4.606476472306296,livecell_phase__train-Huh7_Phase_A11_1_01d12h00m_1.png
42,9.0,9.035533905932738,0.9911058995054252,0.5625,1.3853028687892377,-1.029886918783774,5,8,133.44444444444446,15.30512703574351,livecell_phase__train-Huh7_Phase_A11_1_01d12h00m_1.png
43,21.0,13.65685424949238,0.9157823208739173,0.84,1.414906721688199,0.9112431492765417,6,7,135.0,11.727054597118984,livecell_phase__train-Huh7_Phase_A11_1_01d12h00m_1.png
44,68.0,46.49137802864845,0.9854306874792509,0.8192771084337349,0.395342895341988,-0.8125307825569473,17,17,130.2941176470588,7.95586876154107,livecell_phase__train-Huh7_Phase_A11_1_01d12h00m_1.png
45,3.0,0.0,0.9912266368853596,0.3,0.0,-0.9708438078037795,5,7,155.66666666666666,3.299831645537222,livecell_phase__train-Huh7_Phase_A11_1_01d12h00m_1.png
46,2.0,0.0,1.0,1.0,0.0,0.0,2,1,158.5,8.5,livecell_phase__train-Huh7_Phase_A11_1_01d12h00m_1.png
47,9.0,4.035533905932738,0.9975568190238095,0.23076923076923078,6.944650152859389,-1.2165064552015454,9,20,132.0,5.270462766947299,livecell_phase__train-Huh7_Phase_A11_1_01d12h00m_1.png
48,8.0,7.414213562373095,0.8132023904621251,0.006334125098970704,1.8288145488861385,-0.3048774003959722,53,50,128.75,1.5612494995995996,livecell_phase__train-Huh7_Phase_A11_1_01d12h00m_1.png
49,114.0,74.66295090390226,0.9933182124761071,0.5728643216080402,0.2569830115542124,1.1544871851518894,18,37,128.2017543859649,1.6499857764480161,livecell_phase__train-Huh7_Phase_A11_1_01d12h00m_1.png
50,3.0,3.414213562373095,0.816496580927726,1.0,3.2340725067158833,-0.7853981633974483,2,2,122.66666666666667,18.00617178142601,livecell_phase__train-Huh7_Phase_A11_1_01d12h00m_1.png
51,76.0,43.384776310850235,0.9715548577488284,0.5390070921985816,0.5073979767099999,0.5495838846515773,25,14,128.23684210526315,2.163503622007061,livecell_phase__train-Huh7_Phase_A11_1_01d12h00m_1.png
52,42.0,33.10660171779821,0.9867444119733269,0.6086956521739131,0.4815373141660969,-1.0282766773241432,11,19,131.61904761904762,5.810304397207483,livecell_phase__train-Huh7_Phase_A11_1_01d12h00m_1.png
53,3.0,0.0,0.9926272953435652,0.375,0.0,0.7320303270728804,5,5,128.66666666666666,0.4714045207910317,livecell_phase__train-Huh7_Phase_A11_1_01d12h00m_1.png
54,5.0,4.207106781186548,0.9586907114045357,0.8333333333333334,3.5498728546441756,0.19025318855618245,4,2,129.2,1.7204650534085253,livecell_phase__train-Huh7_Phase_A11_1_01d12h00m_1.png
55,1.0,0.0,0,1.0,0.0,-0.7853981633974483,1,1,144.0,0.0,livecell_phase__train-Huh7_Phase_A11_1_01d12h00m_1.png
56,8.0,6.207106781186548,0.9855764658198084,0.7272727272727273,2.609284399707912,-1.250291616996046,3,7,131.875,5.441449714919729,livecell_phase__train-Huh7_Phase_A11_1_01d12h00m_1.png
57,6.0,4.0,0.9779948634026921,0.5,4.71238898038469,-0.8534276246148838,5,5,129.33333333333334,8.498365855987975,livecell_phase__train-Huh7_Phase_A11_1_01d12h00m_1.png
58,145.0,83.59797974644665,0.9818714663597197,0.6016597510373444,0.2607271765914773,-1.0353249088782546,23,29,128.31724137931033,1.456038310768533,livecell_phase__train-Huh7_Phase_A11_1_01d12h00m_1.png
59,75.0,50.45584412271571,0.9909151750023089,0.7142857142857143,0.3702100249208905,-0.5394630054963858,23,14,129.76,3.019227274209965,livecell_phase__train-Huh7_Phase_A11_1_01d12h00m_1.png
60,23.0,22.414213562373096,0.990318271543067,0.5609756097560976,0.5752951184181364,-1.1694908964031203,6,14,129.04347826086956,1.9666405005041117,livecell_phase__train-Huh7_Phase_A11_1_01d12h00m_1.png
61,16.0,14.242640687119284,0.9599225164802359,0.64,0.9911715106160013,0.7129919142779788,8,6,128.3125,1.4017288432503627,livecell_phase__train-Huh7_Phase_A11_1_01d12h00m_1.png
62,42.0,30.899494936611667,0.9629814135166421,0.8076923076923077,0.5527851820784276,-1.0961518000812602,8,13,129.28571428571428,5.062870041905528,livecell_phase__train-Huh7_Phase_A11_1_01d12h00m_1.png
63,24.0,17.65685424949238,0.8865437371000483,0.9230769230769231,0.9673740686372484,1.1485253013230772,5,7,128.20833333333334,8.256205578566679,livecell_phase__train-Huh7_Phase_A11_1_01d12h00m_1.png
64,100.0,70.97056274847714,0.9824245139852594,0.4149377593360996,0.24949012822040914,1.1200887301384979,20,35,127.07,4.164744890146333,livecell_phase__train-Huh7_Phase_A11_1_01d12h00m_1.png
65,7.0,4.414213562373095,0.9881836141528176,0.07608695652173914,4.5144123203071596,-1.0576740174754666,16,27,130.42857142857142,7.816779440173975,livecell_phase__train-Huh7_Phase_A11_1_01d12h00m_1.png
66,4.0,3.414213562373095,0.9932646988186119,0.4444444444444444,4.312096675621178,-0.7044794477782369,6,5,133.5,1.118033988749895,livecell_phase__train-Huh7_Phase_A11_1_01d12h00m_1.png
68,29.0,19.899494936611667,0.8987616779007952,1.0,0.9202879896258123,0.4809494658981075,9,5,124.65517241379311,15.225377775889482,livecell_phase__train-Huh7_Phase_A11_1_01d12h00m_1.png
69,47.0,31.69238815542512,0.9108196211480306,0.7230769230769231,0.5880277061683101,-0.25877439909598643,11,7,126.42553191489361,10.222513079142368,livecell_phase__train-Huh7_Phase_A11_1_01d12h00m_1.png
70,36.0,33.86396103067892,0.9947684884533587,0.32432432432432434,0.3944907763841095,0.6353418939786628,25,19,128.72222222222223,2.2926344757737054,livecell_phase__train-Huh7_Phase_A11_1_01d12h00m_1.png
72,53.0,35.621320343559645,0.9882706826749527,0.7361111111111112,0.5248868681848907,1.494134417757847,4,22,124.0754716981132,23.899829522249636,livecell_phase__train-Huh7_Phase_A11_1_01d12h00m_1.png
73,1.0,0.0,0,1.0,0.0,-0.7853981633974483,1,1,139.0,0.0,livecell_phase__train-Huh7_Phase_A11_1_01d12h00m_1.png
74,5.0,5.207106781186548,0.816496580927726,1.0,2.3173247538676778,-1.2490457723982544,2,3,127.8,0.7483314773547882,livecell_phase__train-Huh7_Phase_A11_1_01d12h00m_1.png
75,131.0,66.21320343559643,0.9770142491504774,0.7891566265060241,0.3754844533080875,-1.3714123710600739,9,31,129.27480916030535,3.731551945961931,livecell_phase__train-Huh7_Phase_A11_1_01d12h00m_1.png
76,5.0,4.207106781186548,0.9586907114045355,0.8333333333333334,3.5498728546441756,-1.380543138238714,2,4,123.8,15.829087149927505,livecell_phase__train-Huh7_Phase_A11_1_01d12h00m_1.png
78,152.0,79.76955262170047,0.9898327987997474,0.7755102040816326,0.3001781932101393,0.4510097123425747,35,17,128.32894736842104,3.8281786169855905,livecell_phase__train-Huh7_Phase_A11_1_01d12h00m_1.png
79,14.0,11.035533905932738,0.9328824180940386,0.7,1.4446119424982908,-0.9164249165343793,6,6,127.57142857142857,15.859716650838942,livecell_phase__train-Huh7_Phase_A11_1_01d12h00m_1.png
80,49.0,36.31370849898477,0.989361774116541,0.11395348837209303,0.46694393405258283,0.8779824421259409,29,41,128.3673469387755,2.6395259125264885,livecell_phase__train-Huh7_Phase_A11_1_01d12h00m_1.png
81,10.0,10.414213562373096,0.9507271070197145,1.0,1.1586623769338389,1.4483069952314644,2,6,131.5,6.756478372643548,livecell_phase__train-Huh7_Phase_A11_1_01d12h00m_1.png
82,141.0,81.14823227814084,0.956424643587796,0.34057971014492755,0.2690734513450856,1.467193922925589,14,49,127.98581560283688,1.0651528415803828,livecell_phase__train-Huh7_Phase_A11_1_01d12h00m_1.png
83,11.0,11.414213562373096,0.9947965892331013,0.39285714285714285,1.060988217797962,0.8513032258060511,9,10,133.0909090909091,8.979315072629634,livecell_phase__train-Huh7_Phase_A11_1_01d12h00m_1.png
84,14.0,12.242640687119284,0.787947705710214,1.0,1.1737826689577704,-0.9597836651894017,4,5,138.14285714285714,22.264183738709587,livecell_phase__train-Huh7_Phase_A11_1_01d12h00m_1.png
85,26.0,22.035533905932738,0.9797167946616978,0.5531914893617021,0.6728775779795808,-0.44056600555493247,15,7,129.73076923076923,3.6114954531722763,livecell_phase__train-Huh7_Phase_A11_1_01d12h00m_1.png
86,19.0,15.449747468305832,0.9255171791996749,0.8636363636363636,1.000277948522869,-1.179747404121416,4,8,139.94736842105263,9.827317909038994,livecell_phase__train-Huh7_Phase_A11_1_01d12h00m_1.png
87,16.0,16.0,0.9759000729485332,1.0,0.7853981633974483,1.5707963267948966,2,8,127.6875,5.021438414438636,livecell_phase__train-Huh7_Phase_A11_1_01d12h00m_1.png
88,46.0,33.17766952966369,0.9760491534969233,0.7796610169491526,0.5251410180073509,-0.6278489604693026,15,9,129.56521739130434,4.523620010148872,livecell_phase__train-Huh7_Phase_A11_1_01d12h00m_1.png
89,22.0,15.071067811865476,0.7386897096864313,1.0,1.217151102948507,0.6438502707477005,6,5,126.5,23.83418095547195,livecell_phase__train-Huh7_Phase_A11_1_01d12h00m_1.png
90,40.0,30.071067811865476,0.9636102000639379,0.7692307692307693,0.5558686167874555,-1.185067846690366,7,14,128.8,7.523961722390672,livecell_phase__train-Huh7_Phase_A11_1_01d12h00m_1.png
91,108.0,67.5269119345812,0.9911341888981826,0.4909090909090909,0.2976321492684652,-1.073111065054924,23,46,128.17592592592592,2.1509201463546974,livecell_phase__train-Huh7_Phase_A11_1_01d12h00m_1.png
92,19.0,18.414213562373092,0.9806821952832918,0.6333333333333333,0.7041369157643126,0.6127346778201901,9,7,129.3684210526316,2.366666016412328,livecell_phase__train-Huh7_Phase_A11_1_01d12h00m_1.png
93,18.0,16.414213562373096,0.8938912097009223,0.3333333333333333,0.8395415790353619,-1.432532065440741,6,11,138.33333333333334,29.9833287011299,livecell_phase__train-Huh7_Phase_A11_1_01d12h00m_1.png
94,11.0,9.414213562373096,0.8720558266594505,0.9166666666666666,1.5596762428619324,-0.3039009980569801,5,3,131.0909090909091,13.069426818165054,livecell_phase__train-Huh7_Phase_A11_1_01d12h00m_1.png
95,10.0,9.207106781186548,0.9525463158747395,0.5555555555555556,1.4823935068722365,0.4522859285799856,8,5,129.4,1.5620499351813308,livecell_phase__train-Huh7_Phase_A11_1_01d12h00m_1.png
96,87.0,56.00609665440988,0.9830610796425717,0.6796875,0.3485447179032779,1.197888264569221,10,25,127.0,16.5007836804488,livecell_phase__train-Huh7_Phase_A11_1_01d12h00m_1.png
1,5.0,4.207106781186548,0.9586907114045355,0.8333333333333334,3.5498728546441756,-1.380543138238714,2,4,131.2,8.611620056644394,livecell_phase__train-Huh7_Phase_A11_1_01d12h00m_2.png
2,59.0,33.97056274847714,0.9537003349645022,0.8082191780821918,0.6424752365556752,-0.753847573461923,14,12,127.35593220338983,19.531602129833477,livecell_phase__train-Huh7_Phase_A11_1_01d12h00m_2.png
3,11.0,9.414213562373096,0.9864930211961045,0.6470588235294118,1.5596762428619324,1.08925220427951,5,8,129.45454545454547,2.2305171175245997,livecell_phase__train-Huh7_Phase_A11_1_01d12h00m_2.png
4,30.0,21.899494936611667,0.9927290136041852,0.2803738317757009,0.7860730751299299,-0.7716760392888561,23,22,127.96666666666667,1.6629959577688567,livecell_phase__train-Huh7_Phase_A11_1_01d12h00m_2.png
5,20.0,17.621320343559642,0.9881000980208876,0.5555555555555556,0.8093995652932132,1.2295204247879195,6,14,131.55,17.197310836290654,livecell_phase__train-Huh7_Phase_A11_1_01d12h00m_2.png
6,101.0,64.8050865276332,0.9897407173278175,0.7426470588235294,0.30221293468014915,0.6441229746816839,25,18,128.5742574257426,1.84737723987421,livecell_phase__train-Huh7_Phase_A11_1_01d12h00m_2.png
7,9.0,7.0,1.0,1.0,2.308108888351685,1.5707963267948966,1,9,128.11111111111111,0.8748897637790901,livecell_phase__train-Huh7_Phase_A11_1_01d12h00m_2.png
8,18.0,11.449747468305834,0.9951683059412999,0.3,1.7254030160547142,-0.7098714680264402,17,17,128.61111111111111,0.8906233078822999,livecell_phase__train-Huh7_Phase_A11_1_01d12h00m_2.png
9,31.0,25.035533905932738,0.9721778230224175,0.6595744680851063,0.6215239130554046,1.2239998967580483,6,14,129.29032258064515,5.286584044889824,livecell_phase__train-Huh7_Phase_A11_1_01d12h00m_2.png
10,39.0,30.727922061357855,0.9769370744903808,0.8125,0.519048673917364,-0.892708172947332,10,13,127.23076923076923,1.6711969986461872,livecell_phase__train-Huh7_Phase_A11_1_01d12h00m_2.png
11,30.0,5.82842712474619,0.9950301056017903,0.09584664536741214,11.097582375130811,-0.6232058416525977,47,31,128.13333333333333,1.4079141387961915,livecell_phase__train-Huh7_Phase_A11_1_01d12h00m_2.png
12,28.0,19.071067811865476,0.8716179408397309,0.9333333333333333,0.9674262662234704,1.0087114682008789,6,7,124.25,11.67605914437132,livecell_phase__train-Huh7_Phase_A11_1_01d12h00m_2.png
13,243.0,138.08326112068522,0.9919993720069227,0.4362657091561939,0.16015262710428665,1.0929660371719838,35,63,128.2880658436214,1.5526896760887279,livecell_phase__train-Huh7_Phase_A11_1_01d12h00m_2.png
14,138.0,71.59797974644667,0.986424699290661,0.770949720670391,0.338288640025456,-0.6009679643617533,26,20,128.46376811594203,2.408196812608714,livecell_phase__train-Huh7_Phase_A11_1_01d12h00m_2.png
15,5.0,1.0,0.9989776004913431,0.14705882352941177,62.83185307179586,1.133994292897831,9,18,129.2,0.4,livecell_phase__train-Huh7_Phase_A11_1_01d12h00m_2.png
16,40.0,26.556349186104043,0.9765770732402518,0.3125,0.7127432521687898,-1.0417673047114888,15,25,128.325,1.0341058939973218,livecell_phase__train-Huh7_Phase_A11_1_01d12h00m_2.png
17,116.0,85.83452377915606,0.9971192885214867,0.30851063829787234,0.19785355104444052,-1.2238068899951697,27,60,129.1293103448276,2.6539826039947547,livecell_phase__train-Huh7_Phase_A11_1_01d12h00m_2.png
18,126.0,76.56244584051393,0.9834124248426434,0.6528497409326425,0.2701150680582175,-0.6483923459784287,28,21,128.61111111111111,1.5377380947260753,livecell_phase__train-Huh7_Phase_A11_1_01d12h00m_2.png
19,81.0,49.87005768508881,0.9890088952485645,0.7232142857142857,0.4092749289295238,0.8105501336247921,17,20,132.02469135802468,4.760888257826008,livecell_phase__train-Huh7_Phase_A11_1_01d12h00m_2.png
20,55.0,27.556349186104043,0.9943123685215085,0.1791530944625407,0.9101839956900596,-1.0264688943847726,35,48,128.47272727272727,1.475306383643694,livecell_phase__train-Huh7_Phase_A11_1_01d12h00m_2.png
21,92.0,66.87005768508881,0.9867498471432008,0.34074074074074073,0.2585439000337278,0.9246944170610228,34,37,127.98913043478261,4.848788654681639,livecell_phase__train-Huh7_Phase_A11_1_01d12h00m_2.png
22,55.0,38.242640687119284,0.9772953412183095,0.8208955223880597,0.47258159900715685,1.4865593821150795,5,18,128.07272727272726,2.8721518411022613,livecell_phase__train-Huh7_Phase_A11_1_01d12h00m_2.png
23,70.0,44.87005768508881,0.9799377716148504,0.8536585365853658,0.4369126793975425,-0.8478735744000301,14,17,124.95714285714286,6.908453856969558,livecell_phase__train-Huh7_Phase_A11_1_01d12h00m_2.png
24,1.0,0.0,0,1.0,0.0,-0.7853981633974483,1,1,125.0,0.0,livecell_phase__train-Huh7_Phase_A11_1_01d12h00m_2.png
25,43.0,37.14213562373095,0.9970211661767954,0.24157303370786518,0.391691887373796,0.8647515958969915,36,40,128.2325581395349,1.1378725416488433,livecell_phase__train-Huh7_Phase_A11_1_01d12h00m_2.png
26,139.0,87.5685424949238,0.9948750597473386,0.6465116279069767,0.22778673081990958,0.8025980179810385,31,32,128.46762589928056,3.237154266472442,livecell_phase__train-Huh7_Phase_A11_1_01d12h00m_2.png
27,115.0,82.18376618407356,0.9972409131126124,0.5897435897435898,0.21396149577633808,-1.0297606832719024,25,40,128.18260869565216,1.342176096109547,livecell_phase__train-Huh7_Phase_A11_1_01d12h00m_2.png
29,7.0,4.0,0.9423375191511797,0.23333333333333334,5.497787143782138,0.9505468408120752,7,9,131.85714285714286,3.3986792152486625,livecell_phase__train-Huh7_Phase_A11_1_01d12h00m_2.png
30,6.0,6.0,0.7905694150420949,1.0,2.0943951023931953,1.5707963267948966,2,3,128.5,1.5,livecell_phase__train-Huh7_Phase_A11_1_01d12h00m_2.png
31,12.0,10.621320343559642,0.7296733002578295,0.9230769230769231,1.336700452231088,0.5985347534146717,4,4,129.66666666666666,8.478731561317936,livecell_phase__train-Huh7_Phase_A11_1_01d12h00m_2.png
32,66.0,47.38477631085024,0.9794962479398687,0.5739130434782609,0.369382341528139,-0.7103010326311568,16,18,128.6818181818182,2.6466622256417836,livecell_phase__train-Huh7_Phase_A11_1_01d12h00m_2.png
33,59.0,35.242640687119284,0.9868991362013183,0.41843971631205673,0.5969321794037447,0.11173781328718796,36,8,129.67796610169492,4.212333295865972,livecell_phase__train-Huh7_Phase_A11_1_01d12h00m_2.png
35,32.0,22.31370849898476,0.9564184097017617,0.7111111111111111,0.8076372322901079,-0.9435547328367484,9,12,133.6875,9.237956686951936,livecell_phase__train-Huh7_Phase_A11_1_01d12h00m_2.png
36,117.0,77.66904755831213,0.9934518070608174,0.7048192771084337,0.2437248247286212,0.6415387907439554,30,23,131.4957264957265,7.435907260038701,livecell_phase__train-Huh7_Phase_A11_1_01d12h00m_2.png
37,373.0,170.23759005323592,0.9939334998242048,0.5968,0.1617363994110323,-0.6528722406710911,64,51,128.12868632707776,1.3987959743110172,livecell_phase__train-Huh7_Phase_A11_1_01d12h00m_2.png
38,124.0,72.6335136523794,0.9847008325089347,0.62,0.29536391900900116,0.815491390695304,27,27,128.13709677419354,1.2847409517935515,livecell_phase__train-Huh7_Phase_A11_1_01d12h00m_2.png
39,5.0,3.2071067811865475,0.9813924293080768,0.7142857142857143,6.108759510826579,-0.2050636702707455,5,2,128.0,1.4142135623730951,livecell_phase__train-Huh7_Phase_A11_1_01d12h00m_2.png
40,14.0,11.414213562373096,0.769840872300275,0.875,1.3503486408337697,-1.1632501252927177,4,5,130.28571428571428,5.3908463611752016,livecell_phase__train-Huh7_Phase_A11_1_01d12h00m_2.png
41,36.0,26.31370849898476,0.9642704868152279,0.75,0.6533535364569277,0.7281640714534181,10,10,141.08333333333334,16.40524137111199,livecell_phase__train-Huh7_Phase_A11_1_01d12h00m_2.png
42,172.0,124.80508652763321,0.9895946136710612,0.23118279569892472,0.1387630188382129,0.3500639258920834,65,26,128.46511627906978,3.6796033482472903,livecell_phase__train-Huh7_Phase_A11_1_01d12h00m_2.png
43,26.0,18.242640687119284,0.8302671179945346,0.896551724137931,0.9817655835924428,-0.7780754546641382,6,7,156.19230769230768,33.66694250673024,livecell_phase__train-Huh7_Phase_A11_1_01d12h00m_2.png
44,31.0,23.692388155425117,0.9441055820736592,0.775,0.6939910659013521,1.0620936779496937,7,10,138.70967741935485,13.397625086576273,livecell_phase__train-Huh7_Phase_A11_1_01d12h00m_2.png
45,13.0,8.0,0.9787584055653648,0.15853658536585366,2.552544031041707,1.0906326409219849,12,23,128.46153846153845,4.068932663211752,livecell_phase__train-Huh7_Phase_A11_1_01d12h00m_2.png
46,111.0,80.9350288425444,0.9859856620598619,0.25754060324825984,0.21294124610127918,0.5157490890873154,43,34,129.32432432432432,4.999391246116938,livecell_phase__train-Huh7_Phase_A11_1_01d12h00m_2.png
47,44.0,30.106601717798213,0.9548148461993715,0.6984126984126984,0.6100129656537616,0.9020041065516442,10,12,136.97727272727272,14.195851885103677,livecell_phase__train-Huh7_Phase_A11_1_01d12h00m_2.png
48,85.0,58.31980515339464,0.9914332258636858,0.7391304347826086,0.31404845491990313,-0.9772749057150187,17,24,128.47058823529412,1.5075358569074206,livecell_phase__train-Huh7_Phase_A11_1_01d12h00m_2.png
49,52.0,42.384776310850235,0.9872145726680127,0.6341463414634146,0.36374197178539835,0.7013820389932645,17,14,127.88461538461539,1.5646804312929226,livecell_phase__train-Huh7_Phase_A11_1_01d12h00m_2.png
50,21.0,15.242640687119286,0.9814495335858684,0.20192307692307693,1.1358179672131627,1.1914241604205864,10,23,128.8095238095238,14.821538534684832,livecell_phase__train-Huh7_Phase_A11_1_01d12h00m_2.png
51,86.0,53.42031021678297,0.9730510354420379,0.41346153846153844,0.37870017333522726,0.3513096114000544,34,10,131.12790697674419,4.604842020944725,livecell_phase__train-Huh7_Phase_A11_1_01d12h00m_2.png
52,26.0,19.935028842544405,0.9709522772268778,0.6842105263157895,0.8221469979159588,0.8114076202195533,9,11,138.03846153846155,12.577393545658293,livecell_phase__train-Huh7_Phase_A11_1_01d12h00m_2.png
53,65.0,40.384776310850235,0.972186797372621,0.7647058823529411,0.5008271421607423,0.4468609426274287,16,10,129.2923076923077,11.345921770768667,livecell_phase__train-Huh7_Phase_A11_1_01d12h00m_2.png
54,37.0,28.82842712474619,0.9830589217116579,0.2868217054263566,0.559460838780676,-1.2738749298997956,10,26,129.2972972972973,3.0122709836901933,livecell_phase__train-Huh7_Phase_A11_1_01d12h00m_2.png
55,47.0,31.278174593052025,0.9894819158615442,0.3700787401574803,0.6037052086916093,1.5064107643319247,6,30,128.12765957446808,5.560564112193347,livecell_phase__train-Huh7_Phase_A11_1_01d12h00m_2.png
56,19.0,11.82842712474619,0.9885366621106229,0.3333333333333333,1.7065124770275983,1.1345744307299173,9,19,130.1578947368421,8.060711460663851,livecell_phase__train-Huh7_Phase_A11_1_01d12h00m_2.png
57,217.0,109.39087296526012,0.9543667853083121,0.5549872122762148,0.2278806353475383,-0.5174277517975392,38,19,128.57603686635946,3.050266583276881,livecell_phase__train-Huh7_Phase_A11_1_01d12h00m_2.png
58,4.0,4.0,0.0,1.0,3.141592653589793,-0.7853981633974483,2,2,126.5,3.640054944640259,livecell_phase__train-Huh7_Phase_A11_1_01d12h00m_2.png
59,3.0,3.414213562373095,0.816496580927726,1.0,3.2340725067158833,-0.7853981633974483,2,2,129.0,40.422765862815474,livecell_phase__train-Huh7_Phase_A11_1_01d12h00m_2.png
60,52.0,36.48528137423857,0.9829915088359317,0.6582278481012658,0.4908827917962214,-1.2889041152052967,7,20,127.46153846153847,2.762813076318149,livecell_phase__train-Huh7_Phase_A11_1_01d12h00m_2.png
61,132.0,79.29036790187178,0.9936535396723098,0.7252747252747253,0.2638413918318219,-0.8421853411449346,27,32,129.37121212121212,2.2710473589337017,livecell_phase__train-Huh7_Phase_A11_1_01d12h00m_2.png
62,3.0,3.414213562373095,0.816496580927726,1.0,3.2340725067158833,-0.7853981633974483,2,2,133.0,3.7416573867739413,livecell_phase__train-Huh7_Phase_A11_1_01d12h00m_2.png
63,88.0,56.90559159102154,0.9881152920326728,0.5866666666666667,0.3414936644912578,-0.5222324818551369,28,21,130.36363636363637,2.331512473314938,livecell_phase__train-Huh7_Phase_A11_1_01d12h00m_2.png
64,44.0,28.31370849898476,0.9792583174332998,0.5176470588235295,0.6897139777302108,-0.6865084031624734,18,16,126.93181818181819,2.3490590695843934,livecell_phase__train-Huh7_Phase_A11_1_01d12h00m_2.png
65,44.0,31.656854249492383,0.9728334699160519,0.8,0.5517305437155574,1.4175867324650802,5,15,128.29545454545453,2.6335211949588566,livecell_phase__train-Huh7_Phase_A11_1_01d12h00m_2.png
66,37.0,28.44974746830583,0.9762808090515523,0.5692307692307692,0.5744533369310428,1.0585144962761435,10,16,140.94594594594594,17.986400186606375,livecell_phase__train-Huh7_Phase_A11_1_01d12h00m_2.png
67,1.0,0.0,0,1.0,0.0,-0.7853981633974483,1,1,134.0,0.0,livecell_phase__train-Huh7_Phase_A11_1_01d12h00m_2.png
68,39.0,28.727922061357855,0.9475674377714379,0.7959183673469388,0.5938353451453325,-0.6963882565608873,10,9,125.12820512820512,6.198343398118512,livecell_phase__train-Huh7_Phase_A11_1_01d12h00m_2.png
69,141.0,76.76345596729058,0.9881198009199008,0.734375,0.3006906604138548,-1.561737785416535,6,37,128.00709219858157,16.36442103900575,livecell_phase__train-Huh7_Phase_A11_1_01d12h00m_2.png
70,132.0,71.42031021678298,0.9881348175274941,0.7374301675977654,0.32519235770704613,0.3205356421934486,33,11,129.0681818181818,3.5402302223934834,livecell_phase__train-Huh7_Phase_A11_1_01d12h00m_2.png
1,36.0,31.520815280171306,0.993111614156316,0.5142857142857142,0.455320790283601,-1.1383646739677475,10,21,132.22222222222223,8.416620828624723,livecell_phase__train-Huh7_Phase_A11_1_02d04h00m_4.png
2,35.0,24.935028842544405,0.9650998885343379,0.6481481481481481,0.7073887660510287,0.9337019746318014,11,13,126.0,6.122557822161771,livecell_phase__train-Huh7_Phase_A11_1_02d04h00m_4.png
5,11.0,10.414213562373096,0.9946824454121705,0.3793103448275862,1.2745286146272226,1.2701425155573915,5,13,128.45454545454547,0.7820295697311479,livecell_phase__train-Huh7_Phase_A11_1_02d04h00m_4.png
6,53.0,43.48528137423857,0.9924762698370644,0.292817679558011,0.35220958003747754,0.7428455034719037,27,24,128.83018867924528,5.0234763917768905,livecell_phase__train-Huh7_Phase_A11_1_02d04h00m_4.png
7,22.0,17.65685424949238,0.9748865513412298,0.7096774193548387,0.8867595629174776,0.8189726674348399,9,9,129.77272727272728,4.699437279483752,livecell_phase__train-Huh7_Phase_A11_1_02d04h00m_4.png
9,1.0,0.0,0,1.0,0.0,-0.7853981633974483,1,1,132.0,0.0,livecell_phase__train-Huh7_Phase_A11_1_02d04h00m_4.png
10,38.0,35.69238815542512,0.9920224135009225,0.5,0.37483682106616084,-0.8519531914344223,16,17,129.0,5.496410311811653,livecell_phase__train-Huh7_Phase_A11_1_02d04h00m_4.png
12,2.0,0.0,1.0,0.2,0.0,-0.7188299996216245,9,8,132.0,6.0,livecell_phase__train-Huh7_Phase_A11_1_02d04h00m_4.png
13,1.0,0.0,0,1.0,0.0,-0.7853981633974483,1,1,105.0,0.0,livecell_phase__train-Huh7_Phase_A11_1_02d04h00m_4.png
14,5.0,0.0,0.9842621195219068,0.14285714285714285,0.0,-0.5273141819511933,13,9,128.6,2.727636339397171,livecell_phase__train-Huh7_Phase_A11_1_02d04h00m_4.png
15,4.0,1.0,0.9676974005017309,0.4444444444444444,50.26548245743669,-0.8589373410916495,4,5,122.25,9.832980219648569,livecell_phase__train-Huh7_Phase_A11_1_02d04h00m_4.png
16,41.0,30.72792206135785,0.9754024768497317,0.5466666666666666,0.545666554631075,-0.7699500191206263,15,13,127.65853658536585,1.0026734044436325,livecell_phase__train-Huh7_Phase_A11_1_02d04h00m_4.png
17,45.0,32.520815280171306,0.979904097384755,0.7142857142857143,0.5346868811918521,-1.2121156150975905,7,18,128.4,2.14372469210847,livecell_phase__train-Huh7_Phase_A11_1_02d04h00m_4.png
18,22.0,20.242640687119284,0.9975249446816031,0.24444444444444444,0.6746805840299982,-1.27582867573602,9,28,126.63636363636364,21.753882526084343,livecell_phase__train-Huh7_Phase_A11_1_02d04h00m_4.png
19,7.0,6.207106781186548,0.7238845965239822,0.875,2.2831238497444226,-1.038947415593617,3,3,126.28571428571429,3.0101867865293537,livecell_phase__train-Huh7_Phase_A11_1_02d04h00m_4.png
20,5.0,5.207106781186548,0.816496580927726,1.0,2.3173247538676778,-1.2490457723982544,2,3,124.6,2.6532998322843198,livecell_phase__train-Huh7_Phase_A11_1_02d04h00m_4.png
21,10.0,8.414213562373096,0.7756469399686634,0.7692307692307693,1.7749364273220878,1.4083437677623372,3,5,128.9,20.270421801235415,livecell_phase__train-Huh7_Phase_A11_1_02d04h00m_4.png
24,36.0,24.520815280171306,0.9850814511242035,0.7058823529411765,0.7523892006935875,0.7461346106416973,13,13,126.72222222222223,4.913762481886468,livecell_phase__train-Huh7_Phase_A11_1_02d04h00m_4.png
25,4.0,0.0,0.9813924293080769,0.3333333333333333,0.0,-0.03991499285611866,7,2,127.5,4.387482193696061,livecell_phase__train-Huh7_Phase_A11_1_02d04h00m_4.png
26,97.0,73.18376618407356,0.986311302834218,0.3619402985074627,0.22758942966891976,-0.7100362451782293,36,24,128.48453608247422,4.339018374573174,livecell_phase__train-Huh7_Phase_A11_1_02d04h00m_4.png
27,5.0,3.414213562373095,0.9918167841376969,0.5,5.390120844526472,0.8144352431789252,5,6,128.0,0.8944271909999159,livecell_phase__train-Huh7_Phase_A11_1_02d04h00m_4.png
28,3.0,0.0,0.9979538301343246,0.2727272727272727,0.0,-0.9204747632531508,6,8,132.33333333333334,10.208928554075703,livecell_phase__train-Huh7_Phase_A11_1_02d04h00m_4.png
30,28.0,22.899494936611664,0.951907814360066,0.8235294117647058,0.6709900617990557,0.9138803586557267,7,9,130.32142857142858,22.492941069570776,livecell_phase__train-Huh7_Phase_A11_1_02d04h00m_4.png
31,12.0,10.414213562373096,0.9911488473295373,0.48,1.3903948523206067,0.7461662557921411,10,9,129.33333333333334,2.6246692913372702,livecell_phase__train-Huh7_Phase_A11_1_02d04h00m_4.png
33,40.0,32.72792206135785,0.9932384220646112,0.5333333333333333,0.4692810213415775,-0.5357924871082838,20,13,128.25,0.8587782018658834,livecell_phase__train-Huh7_Phase_A11_1_02d04h00m_4.png
34,3.0,0.0,0.9990585246205559,0.5,0.0,-0.6324587276950223,5,4,127.66666666666667,0.4714045207910317,livecell_phase__train-Huh7_Phase_A11_1_02d04h00m_4.png
35,22.0,16.621320343559642,0.8037301377717236,0.9166666666666666,1.0006944827171358,1.2463262182338326,5,6,126.95454545454545,9.368599743666328,livecell_phase__train-Huh7_Phase_A11_1_02d04h00m_4.png
36,55.0,36.10660171779821,0.9862200045402746,0.21568627450980393,0.5301506798830855,-0.49173197954298853,33,22,128.1090909090909,2.163101538176793,livecell_phase__train-Huh7_Phase_A11_1_02d04h00m_4.png
38,1.0,0.0,0,1.0,0.0,-0.7853981633974483,1,1,159.0,0.0,livecell_phase__train-Huh7_Phase_A11_1_02d04h00m_4.png
39,18.0,16.44974746830583,0.9252636348453251,0.5294117647058824,0.8359184266965418,0.8650041037330842,8,8,128.11111111111111,1.3286956381223776,livecell_phase__train-Huh7_Phase_A11_1_02d04h00m_4.png
40,138.0,78.32590180780451,0.9926318428125457,0.7263157894736842,0.28266897411547776,0.6918620711036858,28,25,128.31884057971016,2.3281064870758987,livecell_phase__train-Huh7_Phase_A11_1_02d04h00m_4.png
41,179.0,82.94722215136417,0.9890551200115065,0.8136363636363636,0.32693333319794904,-0.8960001877859057,27,31,128.3463687150838,2.093519049185028,livecell_phase__train-Huh7_Phase_A11_1_02d04h00m_4.png
42,7.0,6.0,0.9982071856987853,0.1891891891891892,2.443460952792061,1.5482089647177881,2,24,127.42857142857143,11.133695867656408,livecell_phase__train-Huh7_Phase_A11_1_02d04h00m_4.png
43,231.0,127.9827560572969,0.9924266803966849,0.4081272084805654,0.17722252802060878,-1.0905671106053079,36,55,128.38095238095238,1.795227186573354,livecell_phase__train-Huh7_Phase_A11_1_02d04h00m_4.png
44,1.0,0.0,0,1.0,0.0,-0.7853981633974483,1,1,132.0,0.0,livecell_phase__train-Huh7_Phase_A11_1_02d04h00m_4.png
45,90.0,63.83452377915607,0.9960413658507071,0.379746835443038,0.2775499336723566,-0.528573930768625,47,29,128.44444444444446,1.7770831976466448,livecell_phase__train-Huh7_Phase_A11_1_02d04h00m_4.png
46,4.0,0.0,0.983731125632098,0.5714285714285714,0.0,-0.20407455187754464,5,2,133.75,14.905955185763842,livecell_phase__train-Huh7_Phase_A11_1_02d04h00m_4.png
48,25.0,22.242640687119284,0.9882315836963494,0.45454545454545453,0.635005051696576,1.0142159920898848,10,14,130.84,3.4604046006211466,livecell_phase__train-Huh7_Phase_A11_1_02d04h00m_4.png
49,87.0,61.59188309203678,0.9610970998219344,0.5272727272727272,0.2881921533715338,0.5344603805695334,22,16,128.88505747126436,3.860871461855848,livecell_phase__train-Huh7_Phase_A11_1_02d04h00m_4.png
51,27.0,19.65685424949238,0.9849054319250042,0.46551724137931033,0.8781032674758875,-0.9963049899298911,11,17,130.1851851851852,4.109943110690689,livecell_phase__train-Huh7_Phase_A11_1_02d04h00m_4.png
52,87.0,64.90559159102153,0.9903666897400978,0.45077720207253885,0.2595164496942549,-0.6120400373615156,31,25,127.33333333333333,4.7914355266590265,livecell_phase__train-Huh7_Phase_A11_1_02d04h00m_4.png
53,1.0,0.0,0,1.0,0.0,-0.7853981633974483,1,1,121.0,0.0,livecell_phase__train-Huh7_Phase_A11_1_02d04h00m_4.png
54,8.0,8.414213562373096,0.9325316965091067,1.0,1.4199491418576702,-0.19025318855618245,5,2,131.25,4.408798022137099,livecell_phase__train-Huh7_Phase_A11_1_02d04h00m_4.png
55,22.0,14.65685424949238,0.9361695781561594,0.8461538461538461,1.2869183886403561,-0.7751227645587782,7,7,134.36363636363637,9.043055872001025,livecell_phase__train-Huh7_Phase_A11_1_02d04h00m_4.png
56,8.0,6.0,0.9748761010389735,0.5,2.792526803190927,-0.939096899958859,5,7,141.875,18.093075332844883,livecell_phase__train-Huh7_Phase_A11_1_02d04h00m_4.png
57,29.0,23.242640687119284,0.9886790942312045,0.30526315789473685,0.6745853806510506,1.180204781471479,10,25,130.68965517241378,5.36979706979222,livecell_phase__train-Huh7_Phase_A11_1_02d04h00m_4.png
59,31.0,29.035533905932738,0.996577945260144,0.44285714285714284,0.4620744181762318,-0.029764392572145238,24,4,116.74193548387096,31.535916791284276,livecell_phase__train-Huh7_Phase_A11_1_02d04h00m_4.png
60,12.0,12.621320343559642,0.9921760881553832,0.5217391304347826,0.9466327612384471,-0.8137989521918785,9,9,129.16666666666666,13.673778637312447,livecell_phase__train-Huh7_Phase_A11_1_02d04h00m_4.png
61,8.0,2.621320343559643,0.9826672971282141,0.14814814814814814,14.630516391089104,-0.5184610937982937,15,10,127.25,4.205650960315181,livecell_phase__train-Huh7_Phase_A11_1_02d04h00m_4.png
62,25.0,19.82842712474619,0.892113633573189,0.7575757575757576,0.7990488701022019,-1.0749352980813138,6,8,122.24,25.61137247396164,livecell_phase__train-Huh7_Phase_A11_1_02d04h00m_4.png
63,1.0,0.0,0,1.0,0.0,-0.7853981633974483,1,1,111.0,0.0,livecell_phase__train-Huh7_Phase_A11_1_02d04h00m_4.png
64,131.0,92.2193000900063,0.9940996038967517,0.48698884758364314,0.19356976203144408,-0.8750046423123158,33,35,128.0,2.931794646172928,livecell_phase__train-Huh7_Phase_A11_1_02d04h00m_4.png
65,47.0,36.17766952966369,0.9785259265777414,0.7966101694915254,0.45125969686714096,-0.8759246560343117,12,13,128.38297872340425,2.80996094081555,livecell_phase__train-Huh7_Phase_A11_1_02d04h00m_4.png
66,20.0,15.035533905932738,0.8797709073296937,0.8695652173913043,1.111737233574911,-0.5051352085840193,7,5,131.65,30.27915949956339,livecell_phase__train-Huh7_Phase_A11_1_02d04h00m_4.png
67,14.0,12.82842712474619,0.9940165529969412,0.45161290322580644,1.0690329143946513,0.5733974628059005,12,9,138.78571428571428,10.482492693115722,livecell_phase__train-Huh7_Phase_A11_1_02d04h00m_4.png
70,34.0,27.48528137423857,0.974270779705642,0.6538461538461539,0.5655726588304871,1.0112504820120825,9,14,130.08823529411765,7.224825041882547,livecell_phase__train-Huh7_Phase_A11_1_02d04h00m_4.png
71,4.0,4.0,0.0,1.0,3.141592653589793,-0.7853981633974483,2,2,159.75,23.177305710543667,livecell_phase__train-Huh7_Phase_A11_1_02d04h00m_4.png
72,5.0,1.0,0.832352713956076,0.2777777777777778,62.83185307179586,-1.0659798695416245,5,6,108.2,17.780888616714297,livecell_phase__train-Huh7_Phase_A11_1_02d04h00m_4.png
73,28.0,26.242640687119287,0.9839812811200713,0.5957446808510638,0.5109199101001087,-0.4248258220327269,14,6,129.46428571428572,1.9727092113773539,livecell_phase__train-Huh7_Phase_A11_1_02d04h00m_4.png
74,42.0,36.21320343559643,0.9824039886202763,0.5833333333333334,0.4024623563913099,-0.7313753566872778,16,14,132.0,11.094829340518856,livecell_phase__train-Huh7_Phase_A11_1_02d04h00m_4.png
75,36.0,35.41421356237309,0.992641349193904,0.5625,0.3607091515315266,0.29312501511961947,21,6,128.41666666666666,1.8008485654145256,livecell_phase__train-Huh7_Phase_A11_1_02d04h00m_4.png
76,3.0,3.414213562373095,0.816496580927726,1.0,3.2340725067158833,-0.7853981633974483,2,2,142.0,15.57776192739723,livecell_phase__train-Huh7_Phase_A11_1_02d04h00m_4.png
77,39.0,33.520815280171306,0.9851817070825717,0.5652173913043478,0.4361594890541565,-0.48463821664417106,19,10,130.56410256410257,4.732836043549536,livecell_phase__train-Huh7_Phase_A11_1_02d04h00m_4.png
78,14.0,9.0,0.9968468205734532,0.2692307692307692,2.171965291370721,-1.3251552648809166,7,22,124.42857142857143,15.79201554906912,livecell_phase__train-Huh7_Phase_A11_1_02d04h00m_4.png
79,66.0,48.14213562373095,0.952206608307636,0.532258064516129,0.3578517089210827,-1.0475175264892185,12,18,127.9090909090909,0.9491187735373228,livecell_phase__train-Huh7_Phase_A11_1_02d04h00m_4.png
80,3.0,3.414213562373095,0.816496580927726,1.0,3.2340725067158833,-0.7853981633974483,2,2,148.33333333333334,11.841546445554407,livecell_phase__train-Huh7_Phase_A11_1_02d04h00m_4.png
81,19.0,18.207106781186546,0.9855085026454236,0.6785714285714286,0.7202472129685334,-1.5508538567683163,3,11,128.26315789473685,1.1164843913471802,livecell_phase__train-Huh7_Phase_A11_1_02d04h00m_4.png
82,41.0,33.31370849898477,0.9807770214722414,0.7068965517241379,0.46424555928460876,-1.1094609712785901,9,15,139.8048780487805,16.698502214409533,livecell_phase__train-Huh7_Phase_A11_1_02d04h00m_4.png
83,22.0,19.82842712474619,0.9904529462377422,0.4583333333333333,0.7031630056899375,-0.011331744244783695,16,4,130.72727272727272,5.832369066307433,livecell_phase__train-Huh7_Phase_A11_1_02d04h00m_4.png
84,58.0,48.384776310850235,0.993505603363299,0.5686274509803921,0.3113295775899118,-0.5839248085882807,25,17,128.86206896551724,1.9248669982003945,livecell_phase__train-Huh7_Phase_A11_1_02d04h00m_4.png
85,15.0,10.207106781186548,0.9969134865308485,0.3191489361702128,1.809238441544824,-1.1132459765182166,11,21,135.73333333333332,4.154783053568769,livecell_phase__train-Huh7_Phase_A11_1_02d04h00m_4.png
86,64.0,45.00609665440988,0.9920180112645662,0.5614035087719298,0.3970517741680979,-0.49592227319205673,25,17,129.015625,4.601264050168714,livecell_phase__train-Huh7_Phase_A11_1_02d04h00m_4.png
87,34.0,22.82842712474619,0.9412653946265341,0.9444444444444444,0.8198545319347889,-1.4286220018642484,4,11,126.0,22.252560989428506,livecell_phase__train-Huh7_Phase_A11_1_02d04h00m_4.png
89,2.0,0.0,1.0,1.0,0.0,1.5707963267948966,1,2,114.0,12.0,livecell_phase__train-Huh7_Phase_A11_1_02d04h00m_4.png
90,11.0,11.82842712474619,0.9892146737309918,0.44,0.98798090775282,1.0308662227791192,6,10,133.72727272727272,4.11407581781264,livecell_phase__train-Huh7_Phase_A11_1_02d04h00m_4.png
91,16.0,14.414213562373096,0.9927910589742337,0.5161290322580645,0.9677160454584666,0.3430194192653132,14,5,127.875,0.7806247497997998,livecell_phase__train-Huh7_Phase_A11_1_02d04h00m_4.png
92,3.0,3.414213562373095,0.816496580927726,1.0,3.2340725067158833,0.7853981633974483,2,2,124.66666666666667,1.699673171197595,livecell_phase__train-Huh7_Phase_A11_1_02d04h00m_4.png
93,7.0,6.242640687119286,0.9908316326219712,0.2692307692307692,2.257206160153579,-1.2085373410284381,6,13,126.28571428571429,2.2497165354319457,livecell_phase__train-Huh7_Phase_A11_1_02d04h00m_4.png
94,4.0,0.0,1.0,0.3333333333333333,0.0,0.0,12,1,98.75,19.13602623325961,livecell_phase__train-Huh7_Phase_A11_1_02d04h00m_4.png
95,17.0,14.207106781186548,0.9820252762821784,0.53125,1.0583943093054415,0.3388824460332458,14,5,128.7058823529412,1.6365209109698302,livecell_phase__train-Huh7_Phase_A11_1_02d04h00m_4.png
96,12.0,11.414213562373096,0.9929218127530892,0.32432432432432434,1.1574416921432313,-0.6833452991990754,13,10,128.25,11.684212995890366,livecell_phase__train-Huh7_Phase_A11_1_02d04h00m_4.png
97,3.0,0.0,0.9985585873355826,0.16666666666666666,0.0,0.9704049547859867,9,12,134.33333333333334,1.699673171197595,livecell_phase__train-Huh7_Phase_A11_1_02d04h00m_4.png
98,26.0,19.65685424949238,0.9703823537192672,0.6046511627906976,0.8455809242360399,-0.48381542933666416,13,8,128.34615384615384,3.304336401345123,livecell_phase__train-Huh7_Phase_A11_1_02d04h00m_4.png
1,2.0,0.0,1.0,0.3333333333333333,0.0,-1.3258176636680326,2,5,130.5,1.5,livecell_phase__train-Huh7_Phase_A11_1_02d12h00m_3.png
3,2.0,0.0,1.0,1.0,0.0,0.7853981633974483,2,2,127.5,0.5,livecell_phase__train-Huh7_Phase_A11_1_02d12h00m_3.png
4,133.0,76.31980515339464,0.9916577131316345,0.6855670103092784,0.2869372945336888,0.42516544322878386,35,18,128.3609022556391,1.709497335716549,livecell_phase__train-Huh7_Phase_A11_1_02d12h00m_3.png
5,1.0,0.0,0,1.0,0.0,-0.7853981633974483,1,1,131.0,0.0,livecell_phase__train-Huh7_Phase_A11_1_02d12h00m_3.png
6,16.0,13.621320343559642,0.997745927430995,0.3076923076923077,1.0836559833495856,1.1874665205822652,9,21,128.625,13.64219098972009,livecell_phase__train-Huh7_Phase_A11_1_02d12h00m_3.png
7,4.0,0.0,0.9927802951847756,0.23529411764705882,0.0,-0.7334123874351192,9,8,129.25,25.810608284191986,livecell_phase__train-Huh7_Phase_A11_1_02d12h00m_3.png
8,2.0,0.0,1.0,0.4,0.0,-0.7853981633974483,5,5,134.0,5.0,livecell_phase__train-Huh7_Phase_A11_1_02d12h00m_3.png
9,1.0,0.0,0,1.0,0.0,-0.7853981633974483,1,1,129.0,0.0,livecell_phase__train-Huh7_Phase_A11_1_02d12h00m_3.png
10,53.0,39.72792206135786,0.9963290281958967,0.5247524752475248,0.42198210401460207,0.8287818721803452,23,26,128.60377358490567,2.4054938899104656,livecell_phase__train-Huh7_Phase_A11_1_02d12h00m_3.png
11,5.0,0.0,0.9971257900711682,0.4166666666666667,0.0,-0.5555584754665619,8,5,128.4,3.49857113690718,livecell_phase__train-Huh7_Phase_A11_1_02d12h00m_3.png
13,197.0,81.2842712474619,0.9600686097127306,0.595166163141994,0.37468219632681893,-1.566079745183513,12,43,130.09137055837564,4.1826055864888945,livecell_phase__train-Huh7_Phase_A11_1_02d12h00m_3.png
14,45.0,41.55634918610404,0.9917204966710014,0.5487804878048781,0.32745196737238025,0.5575374708456046,20,14,131.86666666666667,6.090429650963333,livecell_phase__train-Huh7_Phase_A11_1_02d12h00m_3.png
15,3.0,0.0,0.8366843454815829,0.17647058823529413,0.0,-1.4178568910924705,4,7,128.0,0.816496580927726,livecell_phase__train-Huh7_Phase_A11_1_02d12h00m_3.png
16,87.0,50.2842712474619,0.9818605458778447,0.8055555555555556,0.4323792021232215,-0.5192328700088996,20,13,128.79310344827587,3.9599661296429227,livecell_phase__train-Huh7_Phase_A11_1_02d12h00m_3.png
17,12.0,7.8639610306789285,0.9792649926324072,0.23076923076923078,2.4384193985148506,1.0047228548923055,9,16,130.16666666666666,10.581692786233317,livecell_phase__train-Huh7_Phase_A11_1_02d12h00m_3.png
18,17.0,16.035533905932738,0.945429335713952,0.7727272727272727,0.8307912934724146,0.18548160269465466,8,4,125.41176470588235,14.632995847537456,livecell_phase__train-Huh7_Phase_A11_1_02d12h00m_3.png
19,173.0,86.94722215136416,0.9856778063316947,0.5274390243902439,0.2875706402229271,-0.8591802369926101,28,40,127.78034682080924,8.085401523659197,livecell_phase__train-Huh7_Phase_A11_1_02d12h00m_3.png
20,149.0,86.01219330881975,0.9941209083815169,0.7233009708737864,0.2530906422099676,-1.0928707659747903,19,37,128.14093959731542,1.1470425012645435,livecell_phase__train-Huh7_Phase_A11_1_02d12h00m_3.png
21,10.0,7.621320343559642,0.9854617481469551,0.3448275862068966,2.1634627946917386,-0.1127319291419803,12,3,129.2,4.093897898091744,livecell_phase__train-Huh7_Phase_A11_1_02d12h00m_3.png
22,20.0,13.65685424949238,0.9799442672649421,0.24390243902439024,1.347530211131618,0.5265687032254665,22,13,129.0,2.932575659723036,livecell_phase__train-Huh7_Phase_A11_1_02d12h00m_3.png
23,7.0,1.2071067811865475,0.9985271389042415,0.3181818181818182,60.36935345869649,-0.7573377720468601,13,13,128.71428571428572,3.989782869648269,livecell_phase__train-Huh7_Phase_A11_1_02d12h00m_3.png
24,179.0,83.62741699796952,0.9194685448788585,0.48641304347826086,0.3216366493067801,-0.25111419861068796,34,21,131.56983240223462,7.805554924629523,livecell_phase__train-Huh7_Phase_A11_1_02d12h00m_3.png
25,36.0,21.449747468305834,0.8408635044000687,0.9473684210526315,0.9832591526890201,-1.2869756429229438,5,9,129.0,3.6742346141747673,livecell_phase__train-Huh7_Phase_A11_1_02d12h00m_3.png
27,26.0,21.449747468305834,0.9845821693954872,0.6842105263157895,0.7101316102754034,-1.4279888403435592,4,15,145.1153846153846,25.60698060336872,livecell_phase__train-Huh7_Phase_A11_1_02d12h00m_3.png
29,39.0,34.071067811865476,0.99280359432585,0.29770992366412213,0.42218517719598825,-0.5619344982503082,34,24,127.8974358974359,1.0572065706711948,livecell_phase__train-Huh7_Phase_A11_1_02d12h00m_3.png
30,3.0,0.0,0.9737231303459101,0.6,0.0,-1.2767950250211129,2,4,101.66666666666667,36.80881536926839,livecell_phase__train-Huh7_Phase_A11_1_02d12h00m_3.png
31,5.0,4.207106781186548,0.9557961393962537,0.8333333333333334,3.5498728546441756,-0.3664075508932533,4,2,134.0,20.089798406156294,livecell_phase__train-Huh7_Phase_A11_1_02d12h00m_3.png
32,18.0,16.035533905932738,0.9492155488377435,0.8571428571428571,0.8796613695590273,-1.325577433065121,4,8,135.16666666666666,5.047001309908906,livecell_phase__train-Huh7_Phase_A11_1_02d12h00m_3.png
33,102.0,59.11269837220809,0.9826557161745174,0.7669172932330827,0.36681616568731984,-0.8331218634625828,18,20,127.5,11.01224808307265,livecell_phase__train-Huh7_Phase_A11_1_02d12h00m_3.png
34,3.0,0.0,0.9984280683872113,0.15789473684210525,0.0,-0.4363665210351399,14,7,129.66666666666666,3.39934634239519,livecell_phase__train-Huh7_Phase_A11_1_02d12h00m_3.png
35,59.0,40.384776310850235,0.9658170556026516,0.7283950617283951,0.4545969444228276,-0.6969445706219815,15,11,129.10169491525423,2.802510468111128,livecell_phase__train-Huh7_Phase_A11_1_02d12h00m_3.png
37,56.0,41.65685424949238,0.9943719578079564,0.34782608695652173,0.4055318319268436,0.2856766430734283,39,12,128.53571428571428,3.7889137423460535,livecell_phase__train-Huh7_Phase_A11_1_02d12h00m_3.png
38,25.0,19.27817459305202,0.9634677743326012,0.7352941176470589,0.8453139856479854,-1.1954960369591352,5,12,128.12,1.1070682002478438,livecell_phase__train-Huh7_Phase_A11_1_02d12h00m_3.png
39,1.0,0.0,0,1.0,0.0,-0.7853981633974483,1,1,176.0,0.0,livecell_phase__train-Huh7_Phase_A11_1_02d12h00m_3.png
40,51.0,39.69238815542512,0.990728447166479,0.5666666666666667,0.4067856093474859,0.4072929352688007,22,11,128.8235294117647,5.113250308729584,livecell_phase__train-Huh7_Phase_A11_1_02d12h00m_3.png
42,8.0,6.0,0.9986824303021681,0.13559322033898305,2.792526803190927,-1.1080290954470717,13,24,129.25,2.331844763272204,livecell_phase__train-Huh7_Phase_A11_1_02d12h00m_3.png
43,3.0,1.0,1.0,1.0,37.69911184307752,0.0,3,1,143.33333333333334,18.116904322268255,livecell_phase__train-Huh7_Phase_A11_1_02d12h00m_3.png
44,8.0,7.207106781186548,0.9661958385550119,0.7272727272727273,1.9354320909169331,-0.13607294526559366,7,2,118.5,21.840329667841555,livecell_phase__train-Huh7_Phase_A11_1_02d12h00m_3.png
45,81.0,48.04163056034261,0.9757562470087272,0.7788461538461539,0.4410211369577094,0.783287380726935,16,15,128.5185185185185,1.7923783159352384,livecell_phase__train-Huh7_Phase_A11_1_02d12h00m_3.png
46,29.0,24.242640687119284,0.9858980052693288,0.4264705882352941,0.6200804123248914,-0.7978529246472497,12,15,127.89655172413794,1.8633456670491442,livecell_phase__train-Huh7_Phase_A11_1_02d12h00m_3.png
47,11.0,9.414213562373096,0.9356684481992762,0.6875,1.5596762428619324,0.03310073022763023,8,3,134.0,27.77834342858414,livecell_phase__train-Huh7_Phase_A11_1_02d12h00m_3.png
48,51.0,39.242640687119284,0.9944465579401338,0.5730337078651685,0.4161631214253273,0.26974712874534706,26,8,129.8235294117647,4.278106060492332,livecell_phase__train-Huh7_Phase_A11_1_02d12h00m_3.png
50,114.0,59.00609665440987,0.9411906007476342,0.6627906976744186,0.41145367217002193,-1.03523233384952,14,24,133.2982456140351,21.3459104200072,livecell_phase__train-Huh7_Phase_A11_1_02d12h00m_3.png
51,71.0,45.72792206135786,0.969891817906574,0.6173913043478261,0.42668294006420393,-0.47889863543823125,21,13,128.61971830985917,2.158286991470799,livecell_phase__train-Huh7_Phase_A11_1_02d12h00m_3.png
52,21.0,18.414213562373096,0.9932383738249959,0.4666666666666667,0.7782565911079241,1.0171402618768448,9,16,132.04761904761904,9.959327719117391,livecell_phase__train-Huh7_Phase_A11_1_02d12h00m_3.png
53,15.0,14.207106781186548,0.9787402127966618,0.9375,0.9338773317400952,-0.0744449738047486,9,2,129.93333333333334,4.508756911709578,livecell_phase__train-Huh7_Phase_A11_1_02d12h00m_3.png
54,1.0,0.0,0,1.0,0.0,-0.7853981633974483,1,1,136.0,0.0,livecell_phase__train-Huh7_Phase_A11_1_02d12h00m_3.png
55,5.0,5.207106781186548,0.816496580927726,1.0,2.3173247538676778,1.2490457723982544,2,3,127.8,1.4696938456699067,livecell_phase__train-Huh7_Phase_A11_1_02d12h00m_3.png
56,76.0,40.10660171779821,0.882982759547698,0.7307692307692307,0.5937337354101037,0.6231033121835245,15,11,129.21052631578948,19.153339539424067,livecell_phase__train-Huh7_Phase_A11_1_02d12h00m_3.png
57,2.0,0.0,1.0,1.0,0.0,1.5707963267948966,1,2,132.5,1.5,livecell_phase__train-Huh7_Phase_A11_1_02d12h00m_3.png
59,78.0,51.45584412271571,0.9771796697125539,0.6724137931034483,0.3701988390771651,0.6438553101444155,20,14,128.7948717948718,11.443684826989116,livecell_phase__train-Huh7_Phase_A11_1_02d12h00m_3.png
60,24.0,19.071067811865476,0.9159002893709681,0.8275862068965517,0.8292225139058318,-0.666480199668723,7,7,129.875,2.91993864090783,livecell_phase__train-Huh7_Phase_A11_1_02d12h00m_3.png
61,18.0,14.035533905932738,0.9839700095613295,0.36,1.1482183780784236,0.7208743108053632,13,12,129.66666666666666,4.630814663149935,livecell_phase__train-Huh7_Phase_A11_1_02d12h00m_3.png
62,13.0,11.207106781186548,0.97842287642213,0.5,1.3006672242497,-0.7759355708775149,8,8,128.15384615384616,2.5067954979692804,livecell_phase__train-Huh7_Phase_A11_1_02d12h00m_3.png
63,25.0,19.65685424949238,0.9379028443779647,0.9259259259259259,0.8130585809961922,0.26431225168819256,9,4,126.52,8.6121774250186,livecell_phase__train-Huh7_Phase_A11_1_02d12h00m_3.png
64,43.0,29.106601717798213,0.9423221909098134,0.8113207547169812,0.6378158583696673,-0.4649749645330465,13,8,131.65116279069767,13.322273220595534,livecell_phase__train-Huh7_Phase_A11_1_02d12h00m_3.png
66,103.0,56.248737341529164,0.9784652927854267,0.7984496124031008,0.40909251439921,-0.4361981942526208,26,12,129.6990291262136,14.917140041528373,livecell_phase__train-Huh7_Phase_A11_1_02d12h00m_3.png
67,39.0,31.86396103067893,0.984165417392028,0.582089552238806,0.48269738552789276,0.5652841265221348,15,11,127.8974358974359,11.831715032270901,livecell_phase__train-Huh7_Phase_A11_1_02d12h00m_3.png
69,3.0,3.414213562373095,0.816496580927726,1.0,3.2340725067158833,-0.7853981633974483,2,2,138.0,8.831760866327848,livecell_phase__train-Huh7_Phase_A11_1_02d12h00m_3.png
70,30.0,29.899494936611664,0.9926622426705354,0.6122448979591837,0.4216998186088871,-0.7229360237776332,16,13,127.93333333333334,5.3099487337973,livecell_phase__train-Huh7_Phase_A11_1_02d12h00m_3.png
71,4.0,4.0,0.0,1.0,3.141592653589793,-0.7853981633974483,2,2,115.25,19.62619423117992,livecell_phase__train-Huh7_Phase_A11_1_02d12h00m_3.png
72,1.0,0.0,0,1.0,0.0,-0.7853981633974483,1,1,137.0,0.0,livecell_phase__train-Huh7_Phase_A11_1_02d12h00m_3.png
73,33.0,24.727922061357855,0.9557505602604102,0.8048780487804879,0.6781855895913274,0.7922253662237341,9,10,129.3939393939394,33.985682719870745,livecell_phase__train-Huh7_Phase_A11_1_02d12h00m_3.png
74,74.0,36.82842712474619,0.9408976356671187,0.9367088607594937,0.6856069969284093,-1.4656165905600662,6,15,127.29729729729729,12.00307362633346,livecell_phase__train-Huh7_Phase_A11_1_02d12h00m_3.png
75,15.0,13.621320343559642,0.9915611705142,0.16129032258064516,1.0159274843902364,1.4797199077841645,5,30,128.06666666666666,28.531775658416745,livecell_phase__train-Huh7_Phase_A11_1_02d12h00m_3.png
76,80.0,39.798989873223334,0.9454603443368189,0.8791208791208791,0.6346813721557325,0.990291859710436,11,15,130.125,3.7695324643780426,livecell_phase__train-Huh7_Phase_A11_1_02d12h00m_3.png
77,12.0,8.207106781186548,0.9781368140832688,0.4444444444444444,2.2387775440942983,0.4607081131915052,10,6,128.41666666666666,11.870540098168332,livecell_phase__train-Huh7_Phase_A11_1_02d12h00m_3.png
78,5.0,4.414213562373095,0.9241763718304448,0.8333333333333334,3.224580228790828,0.0899267498962391,4,2,137.8,7.30479294709987,livecell_phase__train-Huh7_Phase_A11_1_02d12h00m_3.png
79,21.0,16.035533905932738,0.9049527638809103,0.8076923076923077,1.0262715978188652,-0.5600192176135341,8,6,129.0,3.352326839390103,livecell_phase__train-Huh7_Phase_A11_1_02d12h00m_3.png
80,2.0,0.0,1.0,1.0,0.0,0.0,2,1,114.5,6.5,livecell_phase__train-Huh7_Phase_A11_1_02d12h00m_3.png
81,22.0,18.414213562373096,0.9901529063251808,0.3142857142857143,0.81531642877973,-0.8654408781693379,17,17,130.0909090909091,5.4598459094897445,livecell_phase__train-Huh7_Phase_A11_1_02d12h00m_3.png
82,8.0,7.0,0.9422323684941285,0.8888888888888888,2.0516523452014974,-1.419353892607411,2,5,144.75,23.042081069209004,livecell_phase__train-Huh7_Phase_A11_1_02d12h00m_3.png
1,111.0,82.5269119345812,0.9969808602513538,0.3978494623655914,0.20480551805574174,-1.1148711418851045,28,55,128.07207207207207,1.333637657015961,livecell_phase__train-Huh7_Phase_A11_1_03d08h00m_3.png
2,220.0,100.11879502661796,0.990451375605622,0.623229461756374,0.2758044802819649,1.0990863114273668,29,49,128.16363636363636,1.0956714232691274,livecell_phase__train-Huh7_Phase_A11_1_03d08h00m_3.png
3,1.0,0.0,0,1.0,0.0,-0.7853981633974483,1,1,130.0,0.0,livecell_phase__train-Huh7_Phase_A11_1_03d08h00m_3.png
4,3.0,0.0,0.9992399271944917,0.21428571428571427,0.0,1.1342102989325622,5,10,128.33333333333334,0.4714045207910317,livecell_phase__train-Huh7_Phase_A11_1_03d08h00m_3.png
5,10.0,7.621320343559642,0.986349746511249,0.43478260869565216,2.1634627946917386,0.5029011072642113,9,6,120.6,26.11972434770321,livecell_phase__train-Huh7_Phase_A11_1_03d08h00m_3.png
7,1.0,0.0,0,1.0,0.0,-0.7853981633974483,1,1,129.0,0.0,livecell_phase__train-Huh7_Phase_A11_1_03d08h00m_3.png
8,7.0,1.0,0.9985956123118128,0.4117647058823529,87.96459430051421,-0.1931463703637517,12,3,122.57142857142857,12.568181398813012,livecell_phase__train-Huh7_Phase_A11_1_03d08h00m_3.png
10,2.0,0.0,1.0,0.5,0.0,1.2490457723982544,2,4,134.5,2.5,livecell_phase__train-Huh7_Phase_A11_1_03d08h00m_3.png
11,1.0,0.0,0,1.0,0.0,-0.7853981633974483,1,1,137.0,0.0,livecell_phase__train-Huh7_Phase_A11_1_03d08h00m_3.png
12,34.0,29.242640687119284,0.9986640987390695,0.13333333333333333,0.499638165479319,-0.901637117169397,56,73,128.6764705882353,1.5476849549321023,livecell_phase__train-Huh7_Phase_A11_1_03d08h00m_3.png
13,9.0,8.0,0.9944909368248535,0.2903225806451613,1.7671458676442586,-0.16403756813249978,17,4,112.0,24.013884872437167,livecell_phase__train-Huh7_Phase_A11_1_03d08h00m_3.png
14,2.0,0.0,1.0,1.0,0.0,1.5707963267948966,1,2,131.0,1.0,livecell_phase__train-Huh7_Phase_A11_1_03d08h00m_3.png
15,16.0,13.449747468305832,0.9304958981258881,0.48484848484848486,1.111479831154164,-1.001658134335103,7,9,130.6875,6.151409899364535,livecell_phase__train-Huh7_Phase_A11_1_03d08h00m_3.png
16,1.0,0.0,0,1.0,0.0,-0.7853981633974483,1,1,127.0,0.0,livecell_phase__train-Huh7_Phase_A11_1_03d08h00m_3.png
17,1.0,0.0,0,1.0,0.0,-0.7853981633974483,1,1,129.0,0.0,livecell_phase__train-Huh7_Phase_A11_1_03d08h00m_3.png
18,47.0,39.242640687119284,0.9946783674396402,0.4351851851851852,0.3835228766076546,-1.2763203808772183,11,29,126.51063829787235,7.324898780581702,livecell_phase__train-Huh7_Phase_A11_1_03d08h00m_3.png
19,76.0,53.45584412271571,0.9871480396515379,0.6666666666666666,0.334220490711128,0.9411907185170255,17,21,128.19736842105263,3.4105862161731286,livecell_phase__train-Huh7_Phase_A11_1_03d08h00m_3.png
20,1.0,0.0,0,1.0,0.0,-0.7853981633974483,1,1,130.0,0.0,livecell_phase__train-Huh7_Phase_A11_1_03d08h00m_3.png
21,43.0,35.31370849898476,0.985470789702981,0.6231884057971014,0.4333029682437675,0.8778036758083848,13,17,131.1860465116279,6.296015033349447,livecell_phase__train-Huh7_Phase_A11_1_03d08h00m_3.png
22,90.0,77.69238815542512,0.9991220041737414,0.44776119402985076,0.18736800425725467,-1.1179074724485463,26,50,128.12222222222223,1.1721563962560417,livecell_phase__train-Huh7_Phase_A11_1_03d08h00m_3.png
23,4.0,4.0,0.0,1.0,3.141592653589793,-0.7853981633974483,2,2,126.25,5.0682837331783235,livecell_phase__train-Huh7_Phase_A11_1_03d08h00m_3.png
25,22.0,16.071067811865476,0.9200173953676066,0.6470588235294118,1.070392549811525,0.6725664232995442,9,8,136.5909090909091,11.089139203042894,livecell_phase__train-Huh7_Phase_A11_1_03d08h00m_3.png
26,3.0,3.414213562373095,0.816496580927726,1.0,3.2340725067158833,0.7853981633974483,2,2,127.66666666666667,0.4714045207910317,livecell_phase__train-Huh7_Phase_A11_1_03d08h00m_3.png
27,18.0,16.414213562373096,0.995381261096763,0.32727272727272727,0.8395415790353619,1.1436356441335735,9,19,129.0,1.5275252316519468,livecell_phase__train-Huh7_Phase_A11_1_03d08h00m_3.png
30,54.0,49.89949493661166,0.9952196247406729,0.40298507462686567,0.2725281223668865,-0.6432647072575665,28,22,129.0185185185185,1.9952790646807683,livecell_phase__train-Huh7_Phase_A11_1_03d08h00m_3.png
31,5.0,4.414213562373095,0.9857078897093613,0.7142857142857143,3.224580228790828,0.8977537476047697,4,5,128.0,1.0954451150103321,livecell_phase__train-Huh7_Phase_A11_1_03d08h00m_3.png
32,84.0,45.17766952966369,0.973330048239108,0.8,0.5171797376813154,1.1244962905574627,10,21,131.20238095238096,7.517883063711298,livecell_phase__train-Huh7_Phase_A11_1_03d08h00m_3.png
33,6.0,6.0,0.7905694150420949,1.0,2.0943951023931953,1.5707963267948966,2,3,130.0,2.943920288775949,livecell_phase__train-Huh7_Phase_A11_1_03d08h00m_3.png
34,220.0,101.8700576850888,0.9857043465495762,0.5597964376590331,0.26640320212335944,0.08630629289028853,47,10,130.54545454545453,8.764221029157918,livecell_phase__train-Huh7_Phase_A11_1_03d08h00m_3.png
35,3.0,1.0,1.0,1.0,37.69911184307752,0.0,3,1,124.66666666666667,3.2998316455372216,livecell_phase__train-Huh7_Phase_A11_1_03d08h00m_3.png
36,123.0,83.46194077712559,0.9959574811754441,0.38557993730407525,0.22189014644756586,-0.8387943046060046,39,44,127.66666666666667,2.211083193570267,livecell_phase__train-Huh7_Phase_A11_1_03d08h00m_3.png
37,6.0,5.0,0.9252741613028527,0.8571428571428571,3.015928947446201,0.22572654577627713,4,2,110.33333333333333,18.116904322268255,livecell_phase__train-Huh7_Phase_A11_1_03d08h00m_3.png
39,67.0,41.87005768508881,0.9771295486407687,0.788235294117647,0.48026125152283156,-0.812023017102982,15,16,128.62686567164178,7.002847652963228,livecell_phase__train-Huh7_Phase_A11_1_03d08h00m_3.png
40,12.0,9.414213562373096,0.9954079567436152,0.2553191489361702,1.7014649922130174,-0.04277516902343867,23,3,140.33333333333334,15.347819244295117,livecell_phase__train-Huh7_Phase_A11_1_03d08h00m_3.png
41,2.0,0.0,1.0,1.0,0.0,1.5707963267948966,1,2,137.0,10.0,livecell_phase__train-Huh7_Phase_A11_1_03d08h00m_3.png
43,17.0,14.071067811865476,0.7956308675034824,0.9444444444444444,1.0789583326647456,0.6096757663956726,6,5,120.47058823529412,15.571911541803207,livecell_phase__train-Huh7_Phase_A11_1_03d08h00m_3.png
44,5.0,5.207106781186548,0.816496580927726,1.0,2.3173247538676778,-0.3217505543966422,3,2,129.0,27.077666073722085,livecell_phase__train-Huh7_Phase_A11_1_03d08h00m_3.png
45,60.0,40.970562748477136,0.9886592130262593,0.7142857142857143,0.44917673704387273,-0.617265928818238,18,14,128.85,1.661575557515617,livecell_phase__train-Huh7_Phase_A11_1_03d08h00m_3.png
46,15.0,13.035533905932738,0.9430752440565577,0.7142857142857143,1.1092858569501525,-1.271586880055628,4,8,133.93333333333334,7.936973954572079,livecell_phase__train-Huh7_Phase_A11_1_03d08h00m_3.png
47,29.0,22.485281374238568,0.9189284579013337,0.8285714285714286,0.720794076220685,-1.074914751261973,6,10,129.41379310344828,4.437436673695287,livecell_phase__train-Huh7_Phase_A11_1_03d08h00m_3.png
48,7.0,6.207106781186548,0.7238845965239822,0.875,2.2831238497444226,-0.5318489112012798,3,3,131.14285714285714,10.245954901166348,livecell_phase__train-Huh7_Phase_A11_1_03d08h00m_3.png
50,3.0,3.414213562373095,0.816496580927726,1.0,3.2340725067158833,0.7853981633974483,2,2,126.33333333333333,0.4714045207910317,livecell_phase__train-Huh7_Phase_A11_1_03d08h00m_3.png
51,4.0,4.0,0.0,1.0,3.141592653589793,-0.7853981633974483,2,2,127.0,1.5811388300841898,livecell_phase__train-Huh7_Phase_A11_1_03d08h00m_3.png
52,3.0,0.0,0.9939810217011976,0.375,0.0,-1.223427188696545,3,6,129.0,0.816496580927726,livecell_phase__train-Huh7_Phase_A11_1_03d08h00m_3.png
53,60.0,49.520815280171306,0.9929490586861657,0.3973509933774834,0.30745781916272386,-0.4560885142790587,33,18,130.55,5.213524080056918,livecell_phase__train-Huh7_Phase_A11_1_03d08h00m_3.png
54,1.0,0.0,0,1.0,0.0,-0.7853981633974483,1,1,128.0,0.0,livecell_phase__train-Huh7_Phase_A11_1_03d08h00m_3.png
55,11.0,9.207106781186548,0.9812727250680657,0.4782608695652174,1.63063285755946,-0.24893090964511422,12,4,109.9090909090909,8.596558988704782,livecell_phase__train-Huh7_Phase_A11_1_03d08h00m_3.png
56,7.0,6.207106781186548,0.9538059423779469,0.875,2.2831238497444226,-0.2561947301553689,5,2,132.14285714285714,3.7197761617975815,livecell_phase__train-Huh7_Phase_A11_1_03d08h00m_3.png
57,5.0,5.207106781186548,0.816496580927726,1.0,2.3173247538676778,0.3217505543966422,3,2,135.4,2.33238075793812,livecell_phase__train-Huh7_Phase_A11_1_03d08h00m_3.png
58,69.0,55.59188309203678,0.9945668041205593,0.6330275229357798,0.28056673874627935,-0.7362231311959393,21,20,129.17391304347825,3.274656843352281,livecell_phase__train-Huh7_Phase_A11_1_03d08h00m_3.png
59,84.0,47.798989873223334,0.9711619920346323,0.8076923076923077,0.462010358102269,1.124015669972346,10,20,128.35714285714286,4.066831155366362,livecell_phase__train-Huh7_Phase_A11_1_03d08h00m_3.png
61,192.0,100.5918830920368,0.9722861768022145,0.26229508196721313,0.23844335076035875,-0.1681500479620408,64,19,127.53125,4.674739576079792,livecell_phase__train-Huh7_Phase_A11_1_03d08h00m_3.png
62,5.0,4.414213562373095,0.9241763718304448,0.8333333333333334,3.224580228790828,1.4808695768986575,2,4,126.8,4.534313619501853,livecell_phase__train-Huh7_Phase_A11_1_03d08h00m_3.png
63,50.0,27.520815280171306,0.9019642687556684,0.9090909090909091,0.8295780981847245,-1.0145666911815125,8,11,134.76,24.527176763745153,livecell_phase__train-Huh7_Phase_A11_1_03d08h00m_3.png
64,8.0,6.207106781186548,0.9564717644431661,0.5,2.609284399707912,-0.8590141224178274,6,6,132.25,8.089344843681719,livecell_phase__train-Huh7_Phase_A11_1_03d08h00m_3.png
65,97.0,73.04163056034261,0.9933871305978564,0.5480225988700564,0.22847604842854755,0.3439322785504958,38,15,128.05154639175257,3.377826831487652,livecell_phase__train-Huh7_Phase_A11_1_03d08h00m_3.png
66,10.0,8.035533905932738,0.9908882437540637,0.21739130434782608,1.9461682723845912,-0.43542488217956077,20,10,134.7,8.832326986700616,livecell_phase__train-Huh7_Phase_A11_1_03d08h00m_3.png
67,26.0,20.692388155425117,0.9530501942541412,0.8125,0.7630657820716936,1.0979230513687301,5,11,128.30769230769232,3.171619712013585,livecell_phase__train-Huh7_Phase_A11_1_03d08h00m_3.png
68,74.0,51.62741699796952,0.9891163586848469,0.7474747474747475,0.34888378834289974,1.1048609128452698,12,22,128.32432432432432,4.739449472271978,livecell_phase__train-Huh7_Phase_A11_1_03d08h00m_3.png
69,5.0,4.414213562373095,0.9241763718304448,0.8333333333333334,3.224580228790828,0.0899267498962391,4,2,135.0,13.754999091239519,livecell_phase__train-Huh7_Phase_A11_1_03d08h00m_3.png
70,24.0,16.82842712474619,0.7590287481821755,0.9230769230769231,1.0649618563932526,0.4023931577056437,6,5,128.0,2.533114025595111,livecell_phase__train-Huh7_Phase_A11_1_03d08h00m_3.png
71,2.0,0.0,1.0,1.0,0.0,1.5707963267948966,1,2,132.5,1.5,livecell_phase__train-Huh7_Phase_A11_1_03d08h00m_3.png
72,16.0,11.863961030678928,0.9446591645998099,0.7619047619047619,1.4284676965509056,-1.345683528664539,4,8,129.1875,3.4680460997512705,livecell_phase__train-Huh7_Phase_A11_1_03d08h00m_3.png
73,9.0,8.0,0.0,1.0,1.7671458676442586,-0.7853981633974483,3,3,133.11111111111111,4.747969026493666,livecell_phase__train-Huh7_Phase_A11_1_03d08h00m_3.png
74,166.0,107.66904755831214,0.956455287645574,0.267741935483871,0.17994351905072667,0.7522822335871465,43,38,128.15662650602408,2.312782331633113,livecell_phase__train-Huh7_Phase_A11_1_03d08h00m_3.png
1,19.0,11.449747468305832,0.9996324595494671,0.12418300653594772,1.8212587391688653,-1.1290687941943849,25,55,127.42105263157895,1.9819126719750244,livecell_phase__train-Huh7_Phase_A11_1_03d12h00m_3.png
2,106.0,96.21320343559643,0.9948515863365158,0.20463320463320464,0.14389522403280386,0.6741809521608452,59,52,128.0754716981132,1.730405739352453,livecell_phase__train-Huh7_Phase_A11_1_03d12h00m_3.png
3,65.0,46.14213562373095,0.9913611147769076,0.5603448275862069,0.38364349427500183,0.8721077338561434,16,23,128.03076923076924,1.1227607563396271,livecell_phase__train-Huh7_Phase_A11_1_03d12h00m_3.png
4,333.0,75.11269837220809,0.8691136980475371,0.925,0.7416984467881468,-1.4743075129125243,17,29,128.12612612612614,1.8459457261067673,livecell_phase__train-Huh7_Phase_A11_1_03d12h00m_3.png
6,1.0,0.0,0,1.0,0.0,-0.7853981633974483,1,1,147.0,0.0,livecell_phase__train-Huh7_Phase_A11_1_03d12h00m_3.png
8,124.0,73.01219330881976,0.9906446591896504,0.7294117647058823,0.2923080388818889,0.7437430070625315,24,23,128.16935483870967,2.391927870694604,livecell_phase__train-Huh7_Phase_A11_1_03d12h00m_3.png
9,90.0,63.04163056034261,0.9900566902139486,0.7142857142857143,0.2845754939272506,0.4622410111803033,26,14,128.55555555555554,1.6938523555697338,livecell_phase__train-Huh7_Phase_A11_1_03d12h00m_3.png
10,3.0,0.0,0.9997467178168902,0.25,0.0,0.22891686050948218,10,3,136.0,1.4142135623730951,livecell_phase__train-Huh7_Phase_A11_1_03d12h00m_3.png
11,1.0,0.0,0,1.0,0.0,-0.7853981633974483,1,1,129.0,0.0,livecell_phase__train-Huh7_Phase_A11_1_03d12h00m_3.png
12,30.0,23.27817459305202,0.9828344527081281,0.6818181818181818,0.6957180585254351,0.5435145732254018,12,8,137.16666666666666,8.070866675202167,livecell_phase__train-Huh7_Phase_A11_1_03d12h00m_3.png
15,1.0,0.0,0,1.0,0.0,-0.7853981633974483,1,1,129.0,0.0,livecell_phase__train-Huh7_Phase_A11_1_03d12h00m_3.png
16,12.0,1.2071067811865475,0.9991676474818529,0.18461538461538463,103.49032021490827,-0.3361871320421105,32,12,127.25,6.32620212555158,livecell_phase__train-Huh7_Phase_A11_1_03d12h00m_3.png
17,20.0,14.863961030678928,0.9682019809412614,0.6896551724137931,1.137550651721231,-0.3997126497208063,12,5,134.3,7.355949972641195,livecell_phase__train-Huh7_Phase_A11_1_03d12h00m_3.png
18,269.0,130.42640687119285,0.9943806051579113,0.5615866388308977,0.19871519808154647,0.2655650574268854,57,21,129.68401486988847,3.781259434933952,livecell_phase__train-Huh7_Phase_A11_1_03d12h00m_3.png
20,1.0,0.0,0,1.0,0.0,-0.7853981633974483,1,1,129.0,0.0,livecell_phase__train-Huh7_Phase_A11_1_03d12h00m_3.png
21,23.0,17.44974746830583,0.9759314617618057,0.5,0.9492036674237015,-1.1878737024985908,7,14,128.08695652173913,0.9741459348873075,livecell_phase__train-Huh7_Phase_A11_1_03d12h00m_3.png
24,1.0,0.0,0,1.0,0.0,-0.7853981633974483,1,1,129.0,0.0,livecell_phase__train-Huh7_Phase_A11_1_03d12h00m_3.png
25,9.0,6.414213562373095,0.9937438213618032,0.5,2.7489417798719606,-0.3081484686980356,10,4,146.0,8.806563209081938,livecell_phase__train-Huh7_Phase_A11_1_03d12h00m_3.png
27,41.0,38.10660171779821,0.9708198724921999,0.21808510638297873,0.35480789832944504,0.2031256596383352,35,11,128.3170731707317,1.3148128753115662,livecell_phase__train-Huh7_Phase_A11_1_03d12h00m_3.png
28,51.0,29.692388155425117,0.985268762852912,0.10408163265306122,0.7269252953901313,-0.3505499143086433,53,29,127.96078431372548,1.2039279555300983,livecell_phase__train-Huh7_Phase_A11_1_03d12h00m_3.png
29,8.0,1.2071067811865475,0.9992803497557599,0.26666666666666666,68.99354680993885,-0.32038180966536733,20,7,130.375,3.1991209730174317,livecell_phase__train-Huh7_Phase_A11_1_03d12h00m_3.png
30,71.0,51.97056274847714,0.9983936992560261,0.21981424148606812,0.3303340741862703,-1.2227553513486422,25,64,127.87323943661971,1.0737531578899107,livecell_phase__train-Huh7_Phase_A11_1_03d12h00m_3.png
33,1.0,0.0,0,1.0,0.0,-0.7853981633974483,1,1,158.0,0.0,livecell_phase__train-Huh7_Phase_A11_1_03d12h00m_3.png
34,1.0,0.0,0,1.0,0.0,-0.7853981633974483,1,1,133.0,0.0,livecell_phase__train-Huh7_Phase_A11_1_03d12h00m_3.png
35,61.0,46.9350288425444,0.9958714326747451,0.4326241134751773,0.34797297875539307,-1.1759805462454478,19,42,127.8688524590164,1.1519820387384172,livecell_phase__train-Huh7_Phase_A11_1_03d12h00m_3.png
37,4.0,2.0,1.0,1.0,12.566370614359172,0.0,4,1,125.5,8.411301920630361,livecell_phase__train-Huh7_Phase_A11_1_03d12h00m_3.png
38,3.0,1.0,1.0,1.0,37.69911184307752,0.0,3,1,129.33333333333334,3.0912061651652345,livecell_phase__train-Huh7_Phase_A11_1_03d12h00m_3.png
39,40.0,28.449747468305834,0.9779106009853972,0.26666666666666666,0.6210306345200461,0.21018742484873404,31,9,129.25,1.6393596310755,livecell_phase__train-Huh7_Phase_A11_1_03d12h00m_3.png
40,1.0,0.0,0,1.0,0.0,-0.7853981633974483,1,1,134.0,0.0,livecell_phase__train-Huh7_Phase_A11_1_03d12h00m_3.png
41,3.0,3.414213562373095,0.816496580927726,1.0,3.2340725067158833,0.7853981633974483,2,2,151.0,7.118052168020874,livecell_phase__train-Huh7_Phase_A11_1_03d12h00m_3.png
42,10.0,8.621320343559642,0.8663906141587334,0.8333333333333334,1.6906834405153373,-1.4513807270025678,3,5,126.5,9.922197337283713,livecell_phase__train-Huh7_Phase_A11_1_03d12h00m_3.png
43,2.0,0.0,1.0,1.0,0.0,1.5707963267948966,1,2,130.5,0.5,livecell_phase__train-Huh7_Phase_A11_1_03d12h00m_3.png
44,193.0,107.49137802864844,0.9917696485662268,0.6390728476821192,0.20990361201057717,-0.1960991489579201,51,12,128.39378238341968,1.7720813249038756,livecell_phase__train-Huh7_Phase_A11_1_03d12h00m_3.png
46,14.0,12.242640687119284,0.9669657582832418,0.28,1.1737826689577704,-0.2416242867802937,16,6,135.35714285714286,14.499296253154313,livecell_phase__train-Huh7_Phase_A11_1_03d12h00m_3.png
47,24.0,16.82842712474619,0.9873176405457927,0.27586206896551724,1.0649618563932526,0.7083403891665112,21,17,130.375,5.006766255112509,livecell_phase__train-Huh7_Phase_A11_1_03d12h00m_3.png
48,8.0,8.0,0.9805806756909202,0.5,1.5707963267948966,0.6435011087932844,6,5,128.75,1.5612494995995996,livecell_phase__train-Huh7_Phase_A11_1_03d12h00m_3.png
49,1.0,0.0,0,1.0,0.0,-0.7853981633974483,1,1,128.0,0.0,livecell_phase__train-Huh7_Phase_A11_1_03d12h00m_3.png
50,2.0,0.0,1.0,1.0,0.0,0.0,2,1,136.0,2.0,livecell_phase__train-Huh7_Phase_A11_1_03d12h00m_3.png
51,7.0,6.0,0.9614092233077123,0.875,2.443460952792061,1.402977051631092,2,5,131.0,1.5118578920369088,livecell_phase__train-Huh7_Phase_A11_1_03d12h00m_3.png
52,1.0,0.0,0,1.0,0.0,-0.7853981633974483,1,1,128.0,0.0,livecell_phase__train-Huh7_Phase_A11_1_03d12h00m_3.png
53,17.0,14.828427124746192,0.9939554420926238,0.425,0.9715577290957609,0.39036887220435623,15,7,131.2941176470588,23.738191382323258,livecell_phase__train-Huh7_Phase_A11_1_03d12h00m_3.png
54,1.0,0.0,0,1.0,0.0,-0.7853981633974483,1,1,159.0,0.0,livecell_phase__train-Huh7_Phase_A11_1_03d12h00m_3.png
55,15.0,13.035533905932738,0.9232572917584305,0.6818181818181818,1.1092858569501525,-0.2344415816286068,8,4,115.86666666666666,22.008685154325374,livecell_phase__train-Huh7_Phase_A11_1_03d12h00m_3.png
56,19.0,18.82842712474619,0.9859996754419998,0.5757575757575758,0.6734965594176526,-1.1065363702866813,6,12,128.8421052631579,3.4528883088119424,livecell_phase__train-Huh7_Phase_A11_1_03d12h00m_3.png
57,72.0,55.31370849898477,0.997674897553809,0.21176470588235294,0.29571735097611973,0.4657957906202864,66,34,128.97222222222223,6.068983582808167,livecell_phase__train-Huh7_Phase_A11_1_03d12h00m_3.png
58,72.0,53.31370849898476,0.9866988242321837,0.3444976076555024,0.31832047507302325,0.05836868354407762,34,8,127.375,5.450375878985065,livecell_phase__train-Huh7_Phase_A11_1_03d12h00m_3.png
59,14.0,13.035533905932738,0.65027985955743,0.875,1.035333466486809,-1.0618789643944626,5,5,127.78571428571429,7.320993018403323,livecell_phase__train-Huh7_Phase_A11_1_03d12h00m_3.png
60,3.0,3.414213562373095,0.816496580927726,1.0,3.2340725067158833,-0.7853981633974483,2,2,147.33333333333334,5.436502143433363,livecell_phase__train-Huh7_Phase_A11_1_03d12h00m_3.png
61,19.0,17.48528137423857,0.9844750969386391,0.5588235294117647,0.7809409819536495,-0.985739668856319,9,11,129.73684210526315,1.2070889411768122,livecell_phase__train-Huh7_Phase_A11_1_03d12h00m_3.png
62,61.0,49.692388155425114,0.9868434811831781,0.61,0.31042733835610836,-0.36186195475636784,25,9,133.81967213114754,13.14672333012038,livecell_phase__train-Huh7_Phase_A11_1_03d12h00m_3.png
63,10.0,3.2071067811865475,0.9759783762113251,0.08928571428571429,12.217519021653159,-0.3558329886483479,29,10,131.5,8.891006692158093,livecell_phase__train-Huh7_Phase_A11_1_03d12h00m_3.png
64,4.0,4.621320343559642,0.7905694150420949,1.0,2.3536273758173025,0.0,3,2,136.75,11.321991874224253,livecell_phase__train-Huh7_Phase_A11_1_03d12h00m_3.png
65,5.0,3.414213562373095,0.9924178628779974,0.45454545454545453,5.390120844526472,-0.9009434969953969,5,6,134.4,7.761443164772902,livecell_phase__train-Huh7_Phase_A11_1_03d12h00m_3.png
66,30.0,29.035533905932738,0.992753035684352,0.46875,0.4471687917834501,-0.388981804850105,20,9,137.46666666666667,12.880821229857805,livecell_phase__train-Huh7_Phase_A11_1_03d12h00m_3.png
68,26.0,24.65685424949238,0.973654390325179,0.6341463414634146,0.5374126389363972,-0.37154078439492816,12,6,132.23076923076923,13.454503656361808,livecell_phase__train-Huh7_Phase_A11_1_03d12h00m_3.png
69,172.0,115.04772721475248,0.9976412356365145,0.671875,0.1632985106679859,-1.2044558799923701,19,56,127.99418604651163,1.1128064930472372,livecell_phase__train-Huh7_Phase_A11_1_03d12h00m_3.png
70,5.0,5.207106781186548,0.816496580927726,1.0,2.3173247538676778,-1.2490457723982544,2,3,143.8,15.236797563792727,livecell_phase__train-Huh7_Phase_A11_1_03d12h00m_3.png
71,68.0,35.384776310850235,0.9423742887243836,0.8395061728395061,0.6824736179368073,0.8401543527189591,12,13,128.63235294117646,2.4126164206271135,livecell_phase__train-Huh7_Phase_A11_1_03d12h00m_3.png
72,6.0,3.0,0.9953158249523014,0.21428571428571427,8.377580409572781,-0.41096337902633334,16,7,122.16666666666667,13.309353436169951,livecell_phase__train-Huh7_Phase_A11_1_03d12h00m_3.png
73,6.0,4.0,0.999356896629673,0.13043478260869565,4.71238898038469,-1.4260748034237778,5,26,109.16666666666667,14.276048317218445,livecell_phase__train-Huh7_Phase_A11_1_03d12h00m_3.png
74,7.0,6.82842712474619,0.9985805165291748,0.28,1.8865422955842652,1.002607696921898,9,13,127.85714285714286,1.4568627181693672,livecell_phase__train-Huh7_Phase_A11_1_03d12h00m_3.png
75,12.0,12.414213562373096,0.9634586362097597,1.0,0.9784816498904669,-0.08488913698416924,7,2,131.58333333333334,6.210989364738028,livecell_phase__train-Huh7_Phase_A11_1_03d12h00m_3.png
76,25.0,21.485281374238568,0.9825375022615399,0.23809523809523808,0.680562133727655,0.16520342076973785,20,8,129.68,9.049729277718754,livecell_phase__train-Huh7_Phase_A11_1_03d12h00m_3.png
77,2.0,0.0,1.0,1.0,0.0,1.5707963267948966,1,2,119.5,38.5,livecell_phase__train-Huh7_Phase_A11_1_03d12h00m_3.png
78,93.0,54.87005768508881,0.9806565528547866,0.7560975609756098,0.38817001023163833,-1.238956701399882,12,23,128.16129032258064,1.779756674081771,livecell_phase__train-Huh7_Phase_A11_1_03d12h00m_3.png
79,5.0,5.207106781186548,0.816496580927726,1.0,2.3173247538676778,1.2490457723982544,2,3,131.0,29.68501305372797,livecell_phase__train-Huh7_Phase_A11_1_03d12h00m_3.png
80,128.0,81.07716446627535,0.9941777725773049,0.7441860465116279,0.24469366763150738,-0.3330916550623373,37,13,128.4921875,7.240291013822839,livecell_phase__train-Huh7_Phase_A11_1_03d12h00m_3.png
83,16.0,10.621320343559642,0.9492021716701204,0.64,1.7822672696414505,-0.5277035127376304,9,6,127.375,2.341874249399399,livecell_phase__train-Huh7_Phase_A11_1_03d12h00m_3.png
84,108.0,56.72792206135786,0.9867833944599711,0.6545454545454545,0.4217352168459556,1.4164498335542506,10,38,131.19444444444446,5.647776247622587,livecell_phase__train-Huh7_Phase_A11_1_03d12h00m_3.png
85,31.0,23.035533905932738,0.986645370294374,0.31,0.7341334162733167,-0.6032951230232946,27,20,128.51612903225808,1.948878382837834,livecell_phase__train-Huh7_Phase_A11_1_03d12h00m_3.png
86,153.0,80.73401871576773,0.9835052872479071,0.6455696202531646,0.29497699893655066,-0.2244197228409451,34,14,129.65359477124184,14.83870590583871,livecell_phase__train-Huh7_Phase_A11_1_03d12h00m_3.png
87,13.0,12.207106781186548,0.9737231303459101,0.9285714285714286,1.0962957467581211,-0.09660574192390303,8,2,146.76923076923077,17.61185722156807,livecell_phase__train-Huh7_Phase_A11_1_03d12h00m_3.png
88,6.0,3.414213562373095,0.9979993960940509,0.1111111111111111,6.468145013431767,0.8179661138750738,20,22,129.5,2.5,livecell_phase__train-Huh7_Phase_A11_1_03d12h00m_3.png
89,11.0,9.207106781186548,0.9920471083544526,0.4074074074074074,1.63063285755946,-0.3217505543966422,13,5,124.9090909090909,13.513996417549981,livecell_phase__train-Huh7_Phase_A11_1_03d12h00m_3.png
90,42.0,36.242640687119284,0.7932501655109353,0.09699769053117784,0.4018088403115883,-0.34672702309285997,34,24,131.83333333333334,4.325542446944366,livecell_phase__train-Huh7_Phase_A11_1_03d12h00m_3.png
2,115.0,86.97665940288701,0.9945357611855933,0.3993055555555556,0.19103030004519583,0.9824821990122736,31,44,128.6782608695652,2.0706975345938767,livecell_phase__train-Huh7_Phase_A11_1_03d12h00m_4.png
3,19.0,13.414213562373096,0.9941100994005743,0.21348314606741572,1.3268842295691072,1.2393918897010119,10,26,128.10526315789474,1.3724636642531893,livecell_phase__train-Huh7_Phase_A11_1_03d12h00m_4.png
5,6.0,6.0,0.7905694150420949,1.0,2.0943951023931953,1.5707963267948966,2,3,134.0,4.320493798938574,livecell_phase__train-Huh7_Phase_A11_1_03d12h00m_4.png
6,79.0,57.698484809834994,0.9924404247586606,0.40932642487046633,0.29820034273310686,1.049439320383494,30,44,128.37974683544303,1.528661178678535,livecell_phase__train-Huh7_Phase_A11_1_03d12h00m_4.png
9,4.0,0.0,0.9871328626277763,0.4,0.0,-1.0877879398040387,4,6,129.0,2.23606797749979,livecell_phase__train-Huh7_Phase_A11_1_03d12h00m_4.png
10,1.0,0.0,0,1.0,0.0,-0.7853981633974483,1,1,103.0,0.0,livecell_phase__train-Huh7_Phase_A11_1_03d12h00m_4.png
14,35.0,28.520815280171306,0.9777879007955644,0.7,0.5406970955054519,0.7708347566320587,12,11,135.82857142857142,15.590263837748616,livecell_phase__train-Huh7_Phase_A11_1_03d12h00m_4.png
15,3.0,0.0,0.999222493791646,0.375,0.0,0.5739712003309779,7,5,169.0,4.320493798938574,livecell_phase__train-Huh7_Phase_A11_1_03d12h00m_4.png
16,1.0,0.0,0,1.0,0.0,-0.7853981633974483,1,1,133.0,0.0,livecell_phase__train-Huh7_Phase_A11_1_03d12h00m_4.png
17,6.0,5.207106781186548,0.9758566753264897,0.5454545454545454,2.7807897046412133,-0.5011358895319283,6,4,130.16666666666666,5.3359368645273735,livecell_phase__train-Huh7_Phase_A11_1_03d12h00m_4.png
19,25.0,17.621320343559642,0.9715829932150476,0.23809523809523808,1.0117494566165166,-0.43414690786152327,25,10,127.24,8.59897668330366,livecell_phase__train-Huh7_Phase_A11_1_03d12h00m_4.png
21,1.0,0.0,0,1.0,0.0,-0.7853981633974483,1,1,135.0,0.0,livecell_phase__train-Huh7_Phase_A11_1_03d12h00m_4.png
22,2.0,0.0,1.0,1.0,0.0,-0.7853981633974483,2,2,135.5,1.5,livecell_phase__train-Huh7_Phase_A11_1_03d12h00m_4.png
23,4.0,3.414213562373095,0.9540412227916737,0.6666666666666666,4.312096675621178,-0.3373704711117763,4,2,141.5,7.22841614740048,livecell_phase__train-Huh7_Phase_A11_1_03d12h00m_4.png
24,1.0,0.0,0,1.0,0.0,-0.7853981633974483,1,1,143.0,0.0,livecell_phase__train-Huh7_Phase_A11_1_03d12h00m_4.png
25,17.0,16.414213562373096,0.9927743015266212,0.3269230769230769,0.792900380200064,1.1092179390715133,9,17,131.1764705882353,10.880285972223811,livecell_phase__train-Huh7_Phase_A11_1_03d12h00m_4.png
27,12.0,10.0,0.9985387704887302,0.24489795918367346,1.5079644737231006,-0.43606825103671676,21,10,141.08333333333334,22.035797895444787,livecell_phase__train-Huh7_Phase_A11_1_03d12h00m_4.png
28,7.0,7.414213562373095,0.9882146096324299,0.5,1.6002127302753713,-0.8265421582847893,6,6,128.14285714285714,3.3986792152486625,livecell_phase__train-Huh7_Phase_A11_1_03d12h00m_4.png
31,89.0,71.17766952966369,0.9870893658502926,0.2899022801302932,0.22075591135594033,1.344078424601643,14,51,127.79775280898876,1.191541115963455,livecell_phase__train-Huh7_Phase_A11_1_03d12h00m_4.png
32,11.0,4.0,0.9938877663194667,0.16923076923076924,8.63937979737193,-0.47768714369644133,20,11,129.45454545454547,6.597019111464268,livecell_phase__train-Huh7_Phase_A11_1_03d12h00m_4.png
33,41.0,33.31370849898476,0.9725953607066523,0.3942307692307692,0.4642455592846089,0.4922675660147948,19,13,129.85365853658536,4.630550594716789,livecell_phase__train-Huh7_Phase_A11_1_03d12h00m_4.png
35,66.0,44.798989873223334,0.9836562168995782,0.6804123711340206,0.4132542762870991,-0.46524240193208416,22,13,130.8030303030303,9.712877576561105,livecell_phase__train-Huh7_Phase_A11_1_03d12h00m_4.png
36,5.0,1.2071067811865475,0.9887828577643443,0.4166666666666667,43.12096675621178,-0.4536203002086828,7,4,141.4,21.22828302053654,livecell_phase__train-Huh7_Phase_A11_1_03d12h00m_4.png
37,1.0,0.0,0,1.0,0.0,-0.7853981633974483,1,1,109.0,0.0,livecell_phase__train-Huh7_Phase_A11_1_03d12h00m_4.png
38,4.0,1.0,0.9913641806046255,0.5714285714285714,50.26548245743669,-1.3146015966395277,2,5,137.0,12.90348790056394,livecell_phase__train-Huh7_Phase_A11_1_03d12h00m_4.png
39,16.0,13.449747468305832,0.9336158563256028,0.8421052631578947,1.111479831154164,-0.8518150927266761,5,7,128.6875,2.61530949411346,livecell_phase__train-Huh7_Phase_A11_1_03d12h00m_4.png
40,9.0,7.414213562373095,0.8449471533956633,0.8181818181818182,2.0574163674969057,0.7379223102260701,4,4,118.55555555555556,14.484559680425306,livecell_phase__train-Huh7_Phase_A11_1_03d12h00m_4.png
41,5.0,5.207106781186548,0.816496580927726,1.0,2.3173247538676778,0.3217505543966422,3,2,131.4,1.624807680927192,livecell_phase__train-Huh7_Phase_A11_1_03d12h00m_4.png
43,61.0,48.384776310850235,0.9942247791961031,0.3112244897959184,0.3274328316031831,1.0174710964377824,23,33,128.08196721311475,3.0637761013045677,livecell_phase__train-Huh7_Phase_A11_1_03d12h00m_4.png
44,3.0,3.414213562373095,0.816496580927726,1.0,3.2340725067158833,0.7853981633974483,2,2,132.33333333333334,8.259674462242577,livecell_phase__train-Huh7_Phase_A11_1_03d12h00m_4.png
45,32.0,26.278174593052025,0.9939285736341732,0.4,0.5823303894922407,-0.6141687795110402,24,17,128.46875,2.715515317117545,livecell_phase__train-Huh7_Phase_A11_1_03d12h00m_4.png
46,2.0,0.0,1.0,1.0,0.0,1.5707963267948966,1,2,135.5,0.5,livecell_phase__train-Huh7_Phase_A11_1_03d12h00m_4.png
47,38.0,27.242640687119284,0.9601909518257972,0.8636363636363636,0.6434207401138164,0.1226094336478959,13,5,121.21052631578948,23.578712404844335,livecell_phase__train-Huh7_Phase_A11_1_03d12h00m_4.png
48,12.0,10.82842712474619,0.9605378627684039,0.2,1.2860574036336336,1.5604618813692854,6,13,127.91666666666667,5.544642058379924,livecell_phase__train-Huh7_Phase_A11_1_03d12h00m_4.png
49,35.0,27.82842712474619,0.9642926054458555,0.7954545454545454,0.5679375548726396,1.5127255133549016,4,14,137.5142857142857,23.430592247342457,livecell_phase__train-Huh7_Phase_A11_1_03d12h00m_4.png
50,5.0,4.0,0.9985169797564211,0.14705882352941177,3.9269908169872414,1.546410917622178,2,22,101.6,22.63271967749347,livecell_phase__train-Huh7_Phase_A11_1_03d12h00m_4.png
51,6.0,5.207106781186548,0.9719260872655838,0.5454545454545454,2.7807897046412133,0.5727956539076391,6,4,119.66666666666667,20.885933597094056,livecell_phase__train-Huh7_Phase_A11_1_03d12h00m_4.png
52,30.0,22.449747468305834,0.9677034663360542,0.4411764705882353,0.7480113686726422,1.4192187535055576,5,17,120.63333333333334,26.98824847142837,livecell_phase__train-Huh7_Phase_A11_1_03d12h00m_4.png
53,37.0,22.44974746830583,0.9572650714602404,0.39361702127659576,0.9225473546962591,-0.20598138888826675,24,9,129.43243243243242,10.632791046316287,livecell_phase__train-Huh7_Phase_A11_1_03d12h00m_4.png
54,92.0,55.04163056034261,0.9713199168169404,0.6764705882352942,0.3816059251649732,1.0219617932485665,14,23,128.29347826086956,8.74212446008488,livecell_phase__train-Huh7_Phase_A11_1_03d12h00m_4.png
55,31.0,20.82842712474619,0.8781419816358552,0.96875,0.8979633421237251,-0.11112067033981968,9,4,126.58064516129032,11.437838148848355,livecell_phase__train-Huh7_Phase_A11_1_03d12h00m_4.png
56,6.0,6.0,0.7905694150420949,1.0,2.0943951023931953,0.0,3,2,159.0,18.092355660149213,livecell_phase__train-Huh7_Phase_A11_1_03d12h00m_4.png
57,56.0,43.97056274847714,0.9912038205456561,0.5045045045045045,0.36397691799929266,0.8269467748417629,18,22,128.64285714285714,1.171515676204052,livecell_phase__train-Huh7_Phase_A11_1_03d12h00m_4.png
58,3.0,1.2071067811865475,0.97372313034591,0.75,25.872580053727066,-0.4913968616236646,3,2,126.0,0.816496580927726,livecell_phase__train-Huh7_Phase_A11_1_03d12h00m_4.png
59,2.0,0.0,1.0,0.3333333333333333,0.0,0.9272952180016122,4,5,121.0,2.0,livecell_phase__train-Huh7_Phase_A11_1_03d12h00m_4.png
60,21.0,17.242640687119284,0.9979862646346441,0.22105263157894736,0.887608806270552,0.29660392537298264,28,11,127.38095238095238,4.325739028257434,livecell_phase__train-Huh7_Phase_A11_1_03d12h00m_4.png
61,48.0,36.828427124746185,0.9893936223560861,0.24615384615384617,0.44471805206167114,-1.1848096052928994,17,41,127.27083333333333,10.197507014243998,livecell_phase__train-Huh7_Phase_A11_1_03d12h00m_4.png
62,4.0,2.414213562373095,0.9851714310094161,0.6666666666666666,8.624193351242356,-0.39269908169872414,4,2,125.75,1.7853571071357126,livecell_phase__train-Huh7_Phase_A11_1_03d12h00m_4.png
63,82.0,45.55634918610404,0.9747025824201366,0.7321428571428571,0.49650758806396667,-0.31596256436577147,24,10,128.0731707317073,13.536563392643119,livecell_phase__train-Huh7_Phase_A11_1_03d12h00m_4.png
64,6.0,5.414213562373095,0.8164965809277259,1.0,2.5721148072672673,-0.7853981633974483,3,3,128.0,1.1547005383792515,livecell_phase__train-Huh7_Phase_A11_1_03d12h00m_4.png
65,5.0,0.0,0.9997307508526936,0.29411764705882354,0.0,-1.3443342470608002,4,14,117.0,27.611591768675705,livecell_phase__train-Huh7_Phase_A11_1_03d12h00m_4.png
66,1.0,0.0,0,1.0,0.0,-0.7853981633974483,1,1,103.0,0.0,livecell_phase__train-Huh7_Phase_A11_1_03d12h00m_4.png
67,52.0,42.7634559672906,0.9846914815956821,0.65,0.3573284668151638,-0.4800240938008559,19,10,127.96153846153847,8.327344988422961,livecell_phase__train-Huh7_Phase_A11_1_03d12h00m_4.png
68,18.0,17.414213562373096,0.974329136247061,0.8571428571428571,0.7458897458547821,-1.5025367064888595,3,9,130.94444444444446,20.01241898372725,livecell_phase__train-Huh7_Phase_A11_1_03d12h00m_4.png
69,3.0,3.414213562373095,0.816496580927726,1.0,3.2340725067158833,0.7853981633974483,2,2,144.33333333333334,1.699673171197595,livecell_phase__train-Huh7_Phase_A11_1_03d12h00m_4.png
70,12.0,10.207106781186548,0.9747219763517337,0.75,1.4473907532358592,-1.4111720895213438,3,8,126.33333333333333,21.522597943143904,livecell_phase__train-Huh7_Phase_A11_1_03d12h00m_4.png
71,3.0,3.414213562373095,0.816496580927726,1.0,3.2340725067158833,0.7853981633974483,2,2,133.33333333333334,5.436502143433363,livecell_phase__train-Huh7_Phase_A11_1_03d12h00m_4.png
72,48.0,37.071067811865476,0.9963829313705695,0.47058823529411764,0.4389154917326732,1.1463151705955743,12,29,130.41666666666666,8.693468173800886,livecell_phase__train-Huh7_Phase_A11_1_03d12h00m_4.png
73,14.0,14.414213562373096,0.9892983877355483,0.45161290322580644,0.8467515397761582,-1.1337008328979892,6,12,137.5,9.904904989808982,livecell_phase__train-Huh7_Phase_A11_1_03d12h00m_4.png
74,32.0,25.27817459305202,0.9611888656800679,0.4266666666666667,0.629315493545258,0.9147654122144234,12,14,130.03125,10.339500637724242,livecell_phase__train-Huh7_Phase_A11_1_03d12h00m_4.png
75,2.0,0.0,1.0,1.0,0.0,1.5707963267948966,1,2,133.5,0.5,livecell_phase__train-Huh7_Phase_A11_1_03d12h00m_4.png
76,24.0,21.65685424949238,0.9762900025728248,0.6153846153846154,0.6430287018168168,-0.6990446071670281,11,9,123.45833333333333,10.661375640861529,livecell_phase__train-Huh7_Phase_A11_1_03d12h00m_4.png
77,67.0,47.62741699796952,0.9870217731201694,0.6979166666666666,0.3711680703354776,-0.6539336472376341,18,16,128.22388059701493,1.1038723634089906,livecell_phase__train-Huh7_Phase_A11_1_03d12h00m_4.png
78,2.0,0.0,1.0,0.08695652173913043,0.0,0.4993467216801301,23,13,137.5,1.5,livecell_phase__train-Huh7_Phase_A11_1_03d12h00m_4.png
79,1.0,0.0,0,1.0,0.0,-0.7853981633974483,1,1,132.0,0.0,livecell_phase__train-Huh7_Phase_A11_1_03d12h00m_4.png
80,80.0,41.31370849898476,0.9587232159621,0.9411764705882353,0.5889948388275076,-1.4257611411792417,6,19,136.3625,26.816619730122586,livecell_phase__train-Huh7_Phase_A11_1_03d12h00m_4.png
81,1.0,0.0,0,1.0,0.0,-0.7853981633974483,1,1,126.0,0.0,livecell_phase__train-Huh7_Phase_A11_1_03d12h00m_4.png
82,38.0,22.242640687119284,0.8683413041532775,0.95,0.9652076785787953,1.4614777929069966,5,9,126.86842105263158,9.531584759799443,livecell_phase__train-Huh7_Phase_A11_1_03d12h00m_4.png
83,43.0,36.89949493661166,0.9891687100959958,0.38392857142857145,0.3968601352466019,0.6196728361690075,21,15,128.7906976744186,13.488251803794023,livecell_phase__train-Huh7_Phase_A11_1_03d12h00m_4.png
84,99.0,74.73401871576775,0.9957956038056461,0.5722543352601156,0.2227452162273957,-1.0709766924597575,20,32,128.2929292929293,1.622148003887334,livecell_phase__train-Huh7_Phase_A11_1_03d12h00m_4.png
85,2.0,0.0,1.0,1.0,0.0,1.5707963267948966,1,2,136.5,5.5,livecell_phase__train-Huh7_Phase_A11_1_03d12h00m_4.png
86,7.0,6.207106781186548,0.9538059423779468,0.875,2.2831238497444226,1.3146015966395277,2,5,134.71428571428572,2.762725657973388,livecell_phase__train-Huh7_Phase_A11_1_03d12h00m_4.png
87,132.0,68.24264068711929,0.9917219673113655,0.9103448275862069,0.35618214724044894,1.5606531909523609,5,32,127.91666666666667,3.794017752603525,livecell_phase__train-Huh7_Phase_A11_1_03d12h00m_4.png
88,57.0,38.970562748477136,0.9706079899701588,0.6705882352941176,0.4716407977666672,0.5019904036938071,18,11,128.59649122807016,3.468452555119651,livecell_phase__train-Huh7_Phase_A11_1_03d12h00m_4.png
89,89.0,63.27817459305202,0.9922589093319744,0.5144508670520231,0.27931353790392954,1.2872972306415071,11,35,127.93258426966293,1.099517287435961,livecell_phase__train-Huh7_Phase_A11_1_03d12h00m_4.png
90,16.0,13.65685424949238,0.87510801192006,0.9411764705882353,1.0780241689052945,-0.4628792653873878,6,4,130.4375,3.807373602629508,livecell_phase__train-Huh7_Phase_A11_1_03d12h00m_4.png
1,28.0,22.071067811865476,0.9907743664021218,0.29473684210526313,0.7223059712491454,1.0121579358226276,13,23,130.46428571428572,7.641438453109013,livecell_phase__train-Huh7_Phase_A11_1_03d16h00m_1.png
2,34.0,16.242640687119284,0.9895878857812217,0.18888888888888888,1.6194796934645759,1.1036941402187455,19,33,132.7941176470588,11.488560580919321,livecell_phase__train-Huh7_Phase_A11_1_03d16h00m_1.png
3,53.0,36.9350288425444,0.9797621588752874,0.6973684210526315,0.48821244817672205,1.0993179152937602,10,17,126.66037735849056,7.625536532255968,livecell_phase__train-Huh7_Phase_A11_1_03d16h00m_1.png
4,90.0,45.21320343559643,0.9603773989263465,0.8490566037735849,0.5532505013402305,1.0641270033579149,11,18,127.97777777777777,0.7450246495217872,livecell_phase__train-Huh7_Phase_A11_1_03d16h00m_1.png
5,1.0,0.0,0,1.0,0.0,-0.7853981633974483,1,1,127.0,0.0,livecell_phase__train-Huh7_Phase_A11_1_03d16h00m_1.png
6,27.0,24.071067811865476,0.9907084791147076,0.3068181818181818,0.5855755236890443,0.6469589157019321,27,21,128.8148148148148,3.4106264987322485,livecell_phase__train-Huh7_Phase_A11_1_03d16h00m_1.png
7,24.0,16.863961030678926,0.9815748008242203,0.5714285714285714,1.0604786408764102,-0.7792361054203932,12,13,127.45833333333333,24.477845709039748,livecell_phase__train-Huh7_Phase_A11_1_03d16h00m_1.png
8,6.0,5.0,0.9252741613028527,0.8571428571428571,3.015928947446201,-1.3450697810186194,2,4,96.83333333333333,16.190703779912994,livecell_phase__train-Huh7_Phase_A11_1_03d16h00m_1.png
9,40.0,38.48528137423857,0.9966331330961701,0.1834862385321101,0.33937552837925444,0.6415154582522832,44,31,126.7,4.975942121849891,livecell_phase__train-Huh7_Phase_A11_1_03d16h00m_1.png
11,8.0,7.414213562373095,0.7884053195431427,0.8888888888888888,1.8288145488861385,-0.13607294526559366,4,3,128.0,0.7071067811865476,livecell_phase__train-Huh7_Phase_A11_1_03d16h00m_1.png
13,110.0,61.2842712474619,0.9921622487816333,0.24774774774774774,0.36804802954123433,0.5442075628427325,47,35,128.47272727272727,2.0212916253501727,livecell_phase__train-Huh7_Phase_A11_1_03d16h00m_1.png
14,2.0,0.0,1.0,1.0,0.0,1.5707963267948966,1,2,129.0,0.0,livecell_phase__train-Huh7_Phase_A11_1_03d16h00m_1.png
15,2.0,0.0,1.0,0.13333333333333333,0.0,0.5191461142465229,15,9,128.0,0.0,livecell_phase__train-Huh7_Phase_A11_1_03d16h00m_1.png
16,205.0,99.18986283848344,0.9909532618743989,0.7321428571428571,0.2618358721288573,0.6331509752799259,38,29,128.57073170731707,3.9337342714350867,livecell_phase__train-Huh7_Phase_A11_1_03d16h00m_1.png
18,11.0,8.207106781186548,0.9802292123694556,0.5,2.0522127487531066,1.0956382466405619,5,10,139.45454545454547,11.2279168015478,livecell_phase__train-Huh7_Phase_A11_1_03d16h00m_1.png
19,17.0,15.414213562373096,0.9820029015757085,0.37777777777777777,0.8991166535678458,0.5385749628576326,15,10,130.52941176470588,8.239914670166574,livecell_phase__train-Huh7_Phase_A11_1_03d16h00m_1.png
20,182.0,88.42640687119285,0.986268731381142,0.6408450704225352,0.29249422486693577,1.0027600832330281,24,33,129.25274725274724,5.354659892326724,livecell_phase__train-Huh7_Phase_A11_1_03d16h00m_1.png
21,1.0,0.0,0,1.0,0.0,-0.7853981633974483,1,1,129.0,0.0,livecell_phase__train-Huh7_Phase_A11_1_03d16h00m_1.png
22,83.0,49.248737341529164,0.9824740056720282,0.8058252427184466,0.4300290113381699,0.5402294269025759,22,12,128.33734939759037,3.4720123966859044,livecell_phase__train-Huh7_Phase_A11_1_03d16h00m_1.png
23,16.0,11.414213562373096,0.9854663884565015,0.32,1.5432555895243083,0.5733838075250984,13,9,127.875,2.315032397181517,livecell_phase__train-Huh7_Phase_A11_1_03d16h00m_1.png
24,35.0,27.242640687119284,0.9855355667383655,0.813953488372093,0.5926243658943047,1.4917495023655218,3,17,126.8,8.345400786404108,livecell_phase__train-Huh7_Phase_A11_1_03d16h00m_1.png
26,12.0,12.242640687119286,0.9561744958490036,0.8571428571428571,1.0060994305352315,0.5368442036722202,6,4,127.91666666666667,3.3029868637677353,livecell_phase__train-Huh7_Phase_A11_1_03d16h00m_1.png
27,45.0,32.14213562373095,0.9988464170849207,0.19480519480519481,0.5473598266081663,0.9873991751363644,35,56,128.88888888888889,11.647073494558807,livecell_phase__train-Huh7_Phase_A11_1_03d16h00m_1.png
28,43.0,35.44974746830583,0.9848499146789372,0.19724770642201836,0.4299837352377123,0.12080904064197204,45,11,129.74418604651163,3.717294735615298,livecell_phase__train-Huh7_Phase_A11_1_03d16h00m_1.png
29,31.0,27.278174593052025,0.994389147688153,0.43661971830985913,0.5235292467422614,-0.7658981122162296,17,15,128.96774193548387,4.849235862435622,livecell_phase__train-Huh7_Phase_A11_1_03d16h00m_1.png
30,1.0,0.0,0,1.0,0.0,-0.7853981633974483,1,1,132.0,0.0,livecell_phase__train-Huh7_Phase_A11_1_03d16h00m_1.png
31,21.0,16.44974746830583,0.9757353541713026,0.3442622950819672,0.9752381644792989,0.5686197997528832,19,13,128.76190476190476,2.180099646144685,livecell_phase__train-Huh7_Phase_A11_1_03d16h00m_1.png
32,120.0,87.07716446627536,0.9973118175532808,0.44609665427509293,0.19887608092865872,1.2870209771281464,19,50,128.34166666666667,1.3692810360023087,livecell_phase__train-Huh7_Phase_A11_1_03d16h00m_1.png
33,19.0,16.621320343559645,0.965542676681011,0.4523809523809524,0.8642361441647989,0.5113254707032685,11,8,128.47368421052633,1.7582413777357964,livecell_phase__train-Huh7_Phase_A11_1_03d16h00m_1.png
34,1.0,0.0,0,1.0,0.0,-0.7853981633974483,1,1,130.0,0.0,livecell_phase__train-Huh7_Phase_A11_1_03d16h00m_1.png
35,2.0,0.0,1.0,1.0,0.0,0.0,2,1,130.0,2.0,livecell_phase__train-Huh7_Phase_A11_1_03d16h00m_1.png
36,42.0,35.82842712474619,0.9831785679820962,0.6176470588235294,0.4111531940988828,1.247769477711384,6,18,129.1904761904762,7.92896466921272,livecell_phase__train-Huh7_Phase_A11_1_03d16h00m_1.png
37,9.0,6.0,0.8794936149642966,0.6923076923076923,3.141592653589793,-1.0288477793030828,4,5,123.77777777777777,15.704053105826446,livecell_phase__train-Huh7_Phase_A11_1_03d16h00m_1.png
38,27.0,22.27817459305202,0.9783765663795987,0.6428571428571429,0.6836194677675091,-0.9192164263122818,9,10,129.7037037037037,2.1224516713917634,livecell_phase__train-Huh7_Phase_A11_1_03d16h00m_1.png
39,37.0,30.071067811865476,0.9942128952902002,0.4567901234567901,0.5141784705283963,0.9657749741851042,16,24,127.89189189189189,2.0504947825287196,livecell_phase__train-Huh7_Phase_A11_1_03d16h00m_1.png
40,15.0,11.0,1.0,0.9375,1.5578145389701452,0.0,16,1,125.86666666666666,3.343982987729188,livecell_phase__train-Huh7_Phase_A11_1_03d16h00m_1.png
41,84.0,53.90559159102155,0.9916613409810311,0.7058823529411765,0.3632632941359794,-0.6797336623305364,24,18,128.82142857142858,1.7124245849624076,livecell_phase__train-Huh7_Phase_A11_1_03d16h00m_1.png
42,64.0,37.17766952966369,0.9526375106857274,0.8533333333333334,0.5818693919884935,0.5711331540879532,14,11,127.265625,11.810009244677795,livecell_phase__train-Huh7_Phase_A11_1_03d16h00m_1.png
45,2.0,0.0,1.0,1.0,0.0,0.0,2,1,137.0,3.0,livecell_phase__train-Huh7_Phase_A11_1_03d16h00m_1.png
46,23.0,15.242640687119284,0.9177349603919273,0.7419354838709677,1.2439911069477498,0.8208325494562813,7,8,130.34782608695653,6.7218572462764685,livecell_phase__train-Huh7_Phase_A11_1_03d16h00m_1.png
47,11.0,9.82842712474619,0.4315383352117127,0.9166666666666666,1.430983102553298,-0.6110126616054945,4,4,129.1818181818182,3.9730497060749377,livecell_phase__train-Huh7_Phase_A11_1_03d16h00m_1.png
48,96.0,63.07716446627535,0.9924875939538265,0.6114649681528662,0.3032052891468069,0.45897156073226403,30,15,127.94791666666667,1.74624473076434,livecell_phase__train-Huh7_Phase_A11_1_03d16h00m_1.png
49,58.0,30.485281374238568,0.9255475929370992,0.90625,0.7842552630757553,1.4070947215882126,6,13,129.01724137931035,9.68377843632355,livecell_phase__train-Huh7_Phase_A11_1_03d16h00m_1.png
50,18.0,17.035533905932738,0.9629555216932196,0.6428571428571429,0.7794187886695167,0.5785535567580167,9,6,132.5,5.273097339852125,livecell_phase__train-Huh7_Phase_A11_1_03d16h00m_1.png
51,9.0,3.414213562373095,0.9939232853988073,0.20930232558139536,9.70221752014765,1.2875823658140624,6,18,127.77777777777777,6.528191476252614,livecell_phase__train-Huh7_Phase_A11_1_03d16h00m_1.png
52,5.0,5.207106781186548,0.816496580927726,1.0,2.3173247538676778,-1.2490457723982544,2,3,125.2,9.6,livecell_phase__train-Huh7_Phase_A11_1_03d16h00m_1.png
53,3.0,0.0,0.9972501408844711,0.3333333333333333,0.0,0.6211215781217229,7,5,133.0,3.559026084010437,livecell_phase__train-Huh7_Phase_A11_1_03d16h00m_1.png
54,35.0,30.449747468305834,0.9938456103416052,0.4268292682926829,0.4743626842911982,0.8525819785372513,16,18,129.0857142857143,1.902951520611053,livecell_phase__train-Huh7_Phase_A11_1_03d16h00m_1.png
55,21.0,21.621320343559642,0.9944026775837227,0.45652173913043476,0.5645010265174389,1.2584452869639777,6,17,132.95238095238096,9.613859987272297,livecell_phase__train-Huh7_Phase_A11_1_03d16h00m_1.png
56,21.0,21.207106781186546,0.98649159143578,1.0,0.5867678532454994,1.556911008498186,2,11,129.1904761904762,3.318333598130351,livecell_phase__train-Huh7_Phase_A11_1_03d16h00m_1.png
58,3.0,0.0,0.9980700884865294,0.5,0.0,1.306759102581717,2,5,130.33333333333334,0.9428090415820634,livecell_phase__train-Huh7_Phase_A11_1_03d16h00m_1.png
59,46.0,36.55634918610404,0.9872099285409106,0.6133333333333333,0.4325557222032297,0.7237599017882262,19,16,127.0,18.359928009710146,livecell_phase__train-Huh7_Phase_A11_1_03d16h00m_1.png
60,1.0,0.0,0,1.0,0.0,-0.7853981633974483,1,1,146.0,0.0,livecell_phase__train-Huh7_Phase_A11_1_03d16h00m_1.png
61,1.0,0.0,0,1.0,0.0,-0.7853981633974483,1,1,121.0,0.0,livecell_phase__train-Huh7_Phase_A11_1_03d16h00m_1.png
1,16.0,14.414213562373096,0.9863826488179306,0.5,0.9677160454584666,-0.8629876663838604,8,10,127.875,1.165922381636102,livecell_phase__train-Huh7_Phase_A11_1_03d16h00m_3.png
2,5.0,0.0,0.9983745334547831,0.046296296296296294,0.0,-0.5758876829984553,40,26,127.8,0.4,livecell_phase__train-Huh7_Phase_A11_1_03d16h00m_3.png
3,37.0,33.10660171779821,0.9993449985746002,0.17452830188679244,0.42421144343203776,-0.7636357010340112,48,46,125.97297297297297,6.922296472900378,livecell_phase__train-Huh7_Phase_A11_1_03d16h00m_3.png
4,40.0,30.31370849898476,0.9871742213601361,0.6451612903225806,0.5470055279125143,-0.9666956993558827,13,16,128.175,7.883170364770764,livecell_phase__train-Huh7_Phase_A11_1_03d16h00m_3.png
6,13.0,9.621320343559642,0.9724737622778047,0.3170731707317073,1.7647527475721232,0.7445004568209778,11,9,134.84615384615384,7.220123095542964,livecell_phase__train-Huh7_Phase_A11_1_03d16h00m_3.png
7,22.0,16.44974746830583,0.8683549515953525,0.88,1.021678077073551,0.7767664243136545,6,6,129.36363636363637,2.5144212156253323,livecell_phase__train-Huh7_Phase_A11_1_03d16h00m_3.png
8,2.0,0.0,1.0,1.0,0.0,0.0,2,1,127.5,0.5,livecell_phase__train-Huh7_Phase_A11_1_03d16h00m_3.png
9,26.0,24.449747468305834,0.9867994150635879,0.48148148148148145,0.5465557357921198,0.3208498992503313,19,6,132.53846153846155,6.576360749689693,livecell_phase__train-Huh7_Phase_A11_1_03d16h00m_3.png
10,6.0,3.414213562373095,0.9971897730294699,0.35294117647058826,6.468145013431767,0.8194363925264481,9,10,128.33333333333334,1.3743685418725535,livecell_phase__train-Huh7_Phase_A11_1_03d16h00m_3.png
11,108.0,81.04163056034261,0.9965700156731467,0.5510204081632653,0.2066413729072625,0.3690213223125446,42,17,128.37962962962962,16.964951666539193,livecell_phase__train-Huh7_Phase_A11_1_03d16h00m_3.png
12,15.0,13.621320343559642,0.9830068338145316,0.6,1.0159274843902364,-1.1583371307986874,5,11,130.13333333333333,4.224794538067963,livecell_phase__train-Huh7_Phase_A11_1_03d16h00m_3.png
13,75.0,58.73401871576773,0.9947872108482004,0.5859375,0.2732069184597196,0.8947885583379943,24,27,128.4,2.6482698754721605,livecell_phase__train-Huh7_Phase_A11_1_03d16h00m_3.png
14,1.0,0.0,0,1.0,0.0,-0.7853981633974483,1,1,146.0,0.0,livecell_phase__train-Huh7_Phase_A11_1_03d16h00m_3.png
16,1.0,0.0,0,1.0,0.0,-0.7853981633974483,1,1,150.0,0.0,livecell_phase__train-Huh7_Phase_A11_1_03d16h00m_3.png
17,6.0,3.414213562373095,0.9459288117760868,0.15789473684210525,6.468145013431767,-0.3524547225910057,11,6,123.5,18.318933738985283,livecell_phase__train-Huh7_Phase_A11_1_03d16h00m_3.png
18,3.0,1.0,1.0,1.0,37.69911184307752,0.0,3,1,130.66666666666666,1.247219128924647,livecell_phase__train-Huh7_Phase_A11_1_03d16h00m_3.png
20,3.0,1.2071067811865475,0.97372313034591,0.75,25.872580053727066,-0.4913968616236646,3,2,146.0,12.727922061357855,livecell_phase__train-Huh7_Phase_A11_1_03d16h00m_3.png
21,22.0,20.82842712474619,0.9961471485520612,0.16666666666666666,0.6372643073136113,-0.48436989377300715,32,18,123.0909090909091,20.758150843615166,livecell_phase__train-Huh7_Phase_A11_1_03d16h00m_3.png
22,1.0,0.0,0,1.0,0.0,-0.7853981633974483,1,1,125.0,0.0,livecell_phase__train-Huh7_Phase_A11_1_03d16h00m_3.png
23,45.0,43.89949493661167,0.990393505639619,0.17857142857142858,0.29342920053430277,0.6988082841692315,34,37,128.44444444444446,1.8324913891634047,livecell_phase__train-Huh7_Phase_A11_1_03d16h00m_3.png
27,3.0,0.0,0.9939810217011976,0.6,0.0,-0.3473691380983516,4,2,151.33333333333334,9.741092797468305,livecell_phase__train-Huh7_Phase_A11_1_03d16h00m_3.png
28,3.0,3.414213562373095,0.816496580927726,1.0,3.2340725067158833,-0.7853981633974483,2,2,126.33333333333333,1.699673171197595,livecell_phase__train-Huh7_Phase_A11_1_03d16h00m_3.png
29,267.0,167.2020561473032,0.9983700931839743,0.6040723981900452,0.12001565446375041,-1.009752749430961,44,67,127.91760299625469,1.088219633037766,livecell_phase__train-Huh7_Phase_A11_1_03d16h00m_3.png
30,36.0,25.27817459305202,0.9605597168736552,0.8780487804878049,0.7079799302384152,-0.3188604131748114,12,5,130.25,17.031629073253356,livecell_phase__train-Huh7_Phase_A11_1_03d16h00m_3.png
31,8.0,7.207106781186548,0.9334286130501284,0.8,1.9354320909169331,-1.227603702536288,3,5,154.875,22.34635037315937,livecell_phase__train-Huh7_Phase_A11_1_03d16h00m_3.png
32,128.0,96.73401871576773,0.9968017312657045,0.4866920152091255,0.17189425922290938,-0.5557841485740016,50,31,129.5859375,3.123818135886555,livecell_phase__train-Huh7_Phase_A11_1_03d16h00m_3.png
33,30.0,27.449747468305834,0.9838255804653054,0.5263157894736842,0.5003275436178837,-0.6615871298088716,14,10,128.56666666666666,1.4533486237727762,livecell_phase__train-Huh7_Phase_A11_1_03d16h00m_3.png
35,91.0,58.45584412271571,0.9912420342243192,0.6026490066225165,0.33465350952644607,-0.5970536280796722,27,18,127.97802197802197,1.9384939321008183,livecell_phase__train-Huh7_Phase_A11_1_03d16h00m_3.png
36,1.0,0.0,0,1.0,0.0,-0.7853981633974483,1,1,83.0,0.0,livecell_phase__train-Huh7_Phase_A11_1_03d16h00m_3.png
39,24.0,16.414213562373096,0.9206174040347176,0.5714285714285714,1.1193887720471491,1.2830176474623514,6,11,123.70833333333333,29.58670755405016,livecell_phase__train-Huh7_Phase_A11_1_03d16h00m_3.png
40,25.0,17.621320343559642,0.9717683222707411,0.43103448275862066,1.0117494566165166,0.08338317187433841,20,5,121.04,26.16024464717408,livecell_phase__train-Huh7_Phase_A11_1_03d16h00m_3.png
41,46.0,29.556349186104043,0.9559495338753295,0.7301587301587301,0.6617075930045769,0.44681259199755435,15,9,126.6304347826087,8.231325889425142,livecell_phase__train-Huh7_Phase_A11_1_03d16h00m_3.png
42,1.0,0.0,0,1.0,0.0,-0.7853981633974483,1,1,127.0,0.0,livecell_phase__train-Huh7_Phase_A11_1_03d16h00m_3.png
43,5.0,5.207106781186548,0.816496580927726,1.0,2.3173247538676778,1.2490457723982544,2,3,128.6,3.3823069050575527,livecell_phase__train-Huh7_Phase_A11_1_03d16h00m_3.png
44,88.0,52.72792206135786,0.9706700106570758,0.08970438328236494,0.39775094742795847,-1.0838229524141787,48,76,127.82954545454545,6.2362969616101855,livecell_phase__train-Huh7_Phase_A11_1_03d16h00m_3.png
45,7.0,6.207106781186548,0.9538059423779469,0.875,2.2831238497444226,0.25619473015536887,5,2,141.0,11.759494644146672,livecell_phase__train-Huh7_Phase_A11_1_03d16h00m_3.png
46,55.0,35.59188309203678,0.9621442994603345,0.8461538461538461,0.545595300765971,0.6915135974496223,12,12,130.0,4.327501903786147,livecell_phase__train-Huh7_Phase_A11_1_03d16h00m_3.png
47,10.0,9.035533905932738,0.8744746321952062,0.9090909090909091,1.5392254097658196,-0.9097531579442097,4,4,133.9,10.251341375644458,livecell_phase__train-Huh7_Phase_A11_1_03d16h00m_3.png
48,6.0,4.0,0.9842776766463824,0.46153846153846156,4.71238898038469,-0.8585328104355789,5,6,129.83333333333334,3.5316033500695148,livecell_phase__train-Huh7_Phase_A11_1_03d16h00m_3.png
49,10.0,9.0,0.9563728019160792,0.9090909090909091,1.5514037795505151,-0.10509129333108477,6,2,125.7,10.488565202161828,livecell_phase__train-Huh7_Phase_A11_1_03d16h00m_3.png
50,30.0,22.242640687119284,0.9668055725486581,0.967741935483871,0.762006062035891,-0.05591753846536471,12,3,133.0,7.407203700902701,livecell_phase__train-Huh7_Phase_A11_1_03d16h00m_3.png
51,1.0,0.0,0,1.0,0.0,-0.7853981633974483,1,1,164.0,0.0,livecell_phase__train-Huh7_Phase_A11_1_03d16h00m_3.png
52,3.0,0.0,0.9985596056061696,0.1111111111111111,0.0,-0.09374744663094607,17,3,136.0,2.160246899469287,livecell_phase__train-Huh7_Phase_A11_1_03d16h00m_3.png
53,89.0,63.45584412271571,0.9822038632488057,0.3803418803418803,0.2777516319027235,0.9732274327614487,22,32,128.01123595505618,1.8572323375283897,livecell_phase__train-Huh7_Phase_A11_1_03d16h00m_3.png
54,1.0,0.0,0,1.0,0.0,-0.7853981633974483,1,1,182.0,0.0,livecell_phase__train-Huh7_Phase_A11_1_03d16h00m_3.png
55,4.0,4.414213562373095,0.9241763718304448,1.0,2.5796641830326625,-1.0172219678978514,2,3,130.5,2.958039891549808,livecell_phase__train-Huh7_Phase_A11_1_03d16h00m_3.png
56,148.0,72.04163056034261,0.9863565519477074,0.7474747474747475,0.35834760944743527,0.31067629446156514,31,12,129.1081081081081,3.1195441782742117,livecell_phase__train-Huh7_Phase_A11_1_03d16h00m_3.png
57,2.0,0.0,1.0,1.0,0.0,0.0,2,1,133.5,2.5,livecell_phase__train-Huh7_Phase_A11_1_03d16h00m_3.png
58,72.0,48.90559159102155,0.986450978029194,0.7578947368421053,0.3782904058707078,-0.7038949586071659,22,19,127.44444444444444,3.1041588988219986,livecell_phase__train-Huh7_Phase_A11_1_03d16h00m_3.png
61,96.0,60.17766952966369,0.9737037909372996,0.16080402010050251,0.3331274090319897,-0.03768234126976393,55,19,129.66666666666666,3.144660377352201,livecell_phase__train-Huh7_Phase_A11_1_03d16h00m_3.png
62,35.0,29.621320343559642,0.7824284896415351,0.07157464212678936,0.5012669630697233,0.35177367337042326,39,23,127.71428571428571,1.5959131478593078,livecell_phase__train-Huh7_Phase_A11_1_03d16h00m_3.png
63,1.0,0.0,0,1.0,0.0,-0.7853981633974483,1,1,129.0,0.0,livecell_phase__train-Huh7_Phase_A11_1_03d16h00m_3.png
64,7.0,3.414213562373095,0.9917774512004975,0.3684210526315789,7.546169182337061,-0.7937585881688507,8,8,117.42857142857143,14.211234417652443,livecell_phase__train-Huh7_Phase_A11_1_03d16h00m_3.png
65,1.0,0.0,0,1.0,0.0,-0.7853981633974483,1,1,129.0,0.0,livecell_phase__train-Huh7_Phase_A11_1_03d16h00m_3.png
66,36.0,24.035533905932738,0.979908636339902,0.5217391304347826,0.7830776295653327,1.5678671870550884,4,25,135.63888888888889,31.879245057436645,livecell_phase__train-Huh7_Phase_A11_1_03d16h00m_3.png
67,8.0,6.0,0.9587067092086624,0.5,2.792526803190927,0.669465832972754,6,5,130.875,8.099961419661208,livecell_phase__train-Huh7_Phase_A11_1_03d16h00m_3.png
69,2.0,0.0,1.0,1.0,0.0,0.0,2,1,159.0,1.0,livecell_phase__train-Huh7_Phase_A11_1_03d16h00m_3.png
70,4.0,2.0,1.0,1.0,12.566370614359172,1.5707963267948966,1,4,126.25,1.7853571071357126,livecell_phase__train-Huh7_Phase_A11_1_03d16h00m_3.png
71,63.0,60.03553390593274,0.9962819519599014,0.1863905325443787,0.21965123982801177,-0.14491379701232676,62,13,128.71428571428572,1.7313960916855085,livecell_phase__train-Huh7_Phase_A11_1_03d16h00m_3.png
72,27.0,25.207106781186546,0.9802822887945769,0.39705882352941174,0.5339832397254375,-0.3006352848339343,19,7,137.62962962962962,14.601238273587795,livecell_phase__train-Huh7_Phase_A11_1_03d16h00m_3.png
73,8.0,9.242640687119284,0.9252211110160062,0.6153846153846154,1.1768136879086513,0.6201751696932379,5,4,126.75,11.355064949175764,livecell_phase__train-Huh7_Phase_A11_1_03d16h00m_3.png
74,67.0,41.69238815542512,0.9727861973159115,0.7127659574468085,0.4843631801483796,-0.261162158522138,21,8,133.6417910447761,11.53541140120905,livecell_phase__train-Huh7_Phase_A11_1_03d16h00m_3.png
75,7.0,5.207106781186548,0.9561828874675148,0.7,3.244254655414749,-0.7853981633974483,5,4,127.85714285714286,3.356382892705923,livecell_phase__train-Huh7_Phase_A11_1_03d16h00m_3.png
76,7.0,7.242640687119286,0.7268710698001566,0.875,1.676926484963791,0.1902531885561824,4,3,132.71428571428572,4.681705602335411,livecell_phase__train-Huh7_Phase_A11_1_03d16h00m_3.png
1,103.0,63.31980515339464,0.9871252253701174,0.7202797202797203,0.32282558682489115,-0.384900842613126,26,14,128.9902912621359,14.515137826722782,livecell_phase__train-Huh7_Phase_A11_1_03d16h00m_4.png
2,7.0,6.414213562373095,0.9962893095712766,0.30434782608695654,2.1380658287893026,0.37110298337272873,14,6,132.0,3.3806170189140663,livecell_phase__train-Huh7_Phase_A11_1_03d16h00m_4.png
3,1.0,0.0,0,1.0,0.0,-0.7853981633974483,1,1,132.0,0.0,livecell_phase__train-Huh7_Phase_A11_1_03d16h00m_4.png
4,10.0,6.207106781186548,0.9982756790043017,0.1388888888888889,3.2616054996348898,-0.8581692708016943,22,24,129.5,7.473285756613352,livecell_phase__train-Huh7_Phase_A11_1_03d16h00m_4.png
5,20.0,6.035533905932737,0.9920669622660673,0.17094017094017094,6.899354680993885,0.5083021938040271,28,17,128.0,1.1832159566199232,livecell_phase__train-Huh7_Phase_A11_1_03d16h00m_4.png
6,9.0,8.035533905932738,0.9446049257819616,0.47368421052631576,1.751551445146132,0.15717164123273858,8,3,127.88888888888889,3.541639433446495,livecell_phase__train-Huh7_Phase_A11_1_03d16h00m_4.png
7,3.0,0.0,0.985973300169822,0.23076923076923078,0.0,-0.8516739295457854,6,7,133.0,4.546060565661952,livecell_phase__train-Huh7_Phase_A11_1_03d16h00m_4.png
9,4.0,1.0,0.996833638363074,0.2857142857142857,50.26548245743669,-1.1202176362357672,5,10,127.75,2.0463381929681126,livecell_phase__train-Huh7_Phase_A11_1_03d16h00m_4.png
12,2.0,0.0,1.0,1.0,0.0,0.0,2,1,141.0,1.0,livecell_phase__train-Huh7_Phase_A11_1_03d16h00m_4.png
13,121.0,99.66295090390226,0.9775336597403369,0.09901800327332243,0.15308327697834104,1.0982922013242273,35,65,128.5702479338843,2.2666334532200088,livecell_phase__train-Huh7_Phase_A11_1_03d16h00m_4.png
14,5.0,4.0,0.9959266633137136,0.22727272727272727,3.9269908169872414,-1.0164888305933455,8,12,127.0,14.212670403551895,livecell_phase__train-Huh7_Phase_A11_1_03d16h00m_4.png
17,8.0,8.621320343559642,0.9882866900090174,0.5333333333333333,1.3525467524122698,-0.7121264726377398,7,6,129.625,2.057759704144291,livecell_phase__train-Huh7_Phase_A11_1_03d16h00m_4.png
18,18.0,15.621320343559644,0.9634699783794555,0.6,0.9269299015470711,0.9377188103951355,6,9,135.66666666666666,10.115993936995679,livecell_phase__train-Huh7_Phase_A11_1_03d16h00m_4.png
19,68.0,33.071067811865476,0.9172638440352621,0.9577464788732394,0.7813081257926588,-1.3950454066029336,6,14,129.61764705882354,2.595411175430624,livecell_phase__train-Huh7_Phase_A11_1_03d16h00m_4.png
20,9.0,7.207106781186548,0.9692411464838815,0.6428571428571429,2.1773611022815498,-0.7556713337431199,6,6,128.22222222222223,1.227262335243029,livecell_phase__train-Huh7_Phase_A11_1_03d16h00m_4.png
22,11.0,7.035533905932737,0.9897590327769799,0.2391304347826087,2.792598037485224,-0.5306793226912413,16,10,128.72727272727272,7.640691414345707,livecell_phase__train-Huh7_Phase_A11_1_03d16h00m_4.png
23,8.0,5.0,0.9635041197136116,0.6666666666666666,4.0212385965949355,0.5304815490676065,6,4,138.75,11.997395550701826,livecell_phase__train-Huh7_Phase_A11_1_03d16h00m_4.png
26,16.0,13.414213562373096,0.9872901877516895,0.0599250936329588,1.1173761933213535,-0.4351581764440357,36,19,128.3125,1.8275239396516807,livecell_phase__train-Huh7_Phase_A11_1_03d16h00m_4.png
27,24.0,23.44974746830583,0.9899420417227585,0.5333333333333333,0.54845975517922,-0.4520348902068026,14,7,127.29166666666667,3.2336662199772914,livecell_phase__train-Huh7_Phase_A11_1_03d16h00m_4.png
28,3.0,3.414213562373095,0.816496580927726,1.0,3.2340725067158833,0.7853981633974483,2,2,130.0,3.265986323710904,livecell_phase__train-Huh7_Phase_A11_1_03d16h00m_4.png
29,107.0,81.21320343559643,0.9944847515721091,0.22199170124481327,0.20386391435377596,-0.8807742699544575,43,46,127.80373831775701,6.394272045897248,livecell_phase__train-Huh7_Phase_A11_1_03d16h00m_4.png
31,27.0,19.485281374238568,0.969153853886261,0.675,0.8936351957684221,-0.8023306591337585,11,9,128.40740740740742,1.8907035582370697,livecell_phase__train-Huh7_Phase_A11_1_03d16h00m_4.png
32,1.0,0.0,0,1.0,0.0,-0.7853981633974483,1,1,131.0,0.0,livecell_phase__train-Huh7_Phase_A11_1_03d16h00m_4.png
33,39.0,35.65685424949238,0.9894671330915827,0.4936708860759494,0.385468078911845,0.4108324815379462,20,10,129.17948717948718,5.143438911815637,livecell_phase__train-Huh7_Phase_A11_1_03d16h00m_4.png
35,28.0,21.82842712474619,0.8498740188991263,0.7777777777777778,0.7384532547244176,-1.3533239427882042,5,10,129.21428571428572,23.777776453260397,livecell_phase__train-Huh7_Phase_A11_1_03d16h00m_4.png
36,21.0,14.242640687119284,0.9050076825028975,0.9130434782608695,1.3009126076835018,-1.1834944839351995,4,8,133.28571428571428,14.661718398419668,livecell_phase__train-Huh7_Phase_A11_1_03d16h00m_4.png
37,8.0,2.0,0.9964558600546279,0.25806451612903225,25.132741228718345,-0.233575110823634,18,5,131.625,6.556247020971678,livecell_phase__train-Huh7_Phase_A11_1_03d16h00m_4.png
38,2.0,0.0,1.0,0.125,0.0,-0.4899573262537283,16,9,135.5,3.5,livecell_phase__train-Huh7_Phase_A11_1_03d16h00m_4.png
39,11.0,11.207106781186548,0.9518683762700559,1.0,1.1005645743651304,1.5174284904703288,2,6,140.0,12.489995996796797,livecell_phase__train-Huh7_Phase_A11_1_03d16h00m_4.png
40,98.0,65.76955262170048,0.992323518117357,0.6363636363636364,0.2846991459254647,0.6119950167319094,28,22,128.46938775510205,1.4860170133385737,livecell_phase__train-Huh7_Phase_A11_1_03d16h00m_4.png
41,4.0,1.0,0.996833638363074,0.2857142857142857,50.26548245743669,0.4505786905591295,10,5,129.25,1.299038105676658,livecell_phase__train-Huh7_Phase_A11_1_03d16h00m_4.png
42,1.0,0.0,0,1.0,0.0,-0.7853981633974483,1,1,151.0,0.0,livecell_phase__train-Huh7_Phase_A11_1_03d16h00m_4.png
43,9.0,3.0,0.9977208199832528,0.2727272727272727,12.566370614359172,1.1618239237871113,7,16,127.0,7.133644853010899,livecell_phase__train-Huh7_Phase_A11_1_03d16h00m_4.png
44,52.0,30.242640687119287,0.9500324018775589,0.9122807017543859,0.714453204316366,-1.5691710503521525,5,13,129.73076923076923,18.397444831589002,livecell_phase__train-Huh7_Phase_A11_1_03d16h00m_4.png
45,24.0,21.621320343559642,0.9901221817185676,0.36363636363636365,0.6451440303056444,0.4418396493078258,23,12,136.625,10.59013888797813,livecell_phase__train-Huh7_Phase_A11_1_03d16h00m_4.png
46,1.0,0.0,0,1.0,0.0,-0.7853981633974483,1,1,157.0,0.0,livecell_phase__train-Huh7_Phase_A11_1_03d16h00m_4.png
47,11.0,10.621320343559642,0.9921125364713372,0.3333333333333333,1.2253087478784972,0.4416629531145226,12,8,132.1818181818182,7.271590820298625,livecell_phase__train-Huh7_Phase_A11_1_03d16h00m_4.png
48,76.0,50.73401871576773,0.9912495345388154,0.7238095238095238,0.37104358440309526,-0.5734023604225797,24,17,129.4078947368421,2.5607237442142847,livecell_phase__train-Huh7_Phase_A11_1_03d16h00m_4.png
49,1.0,0.0,0,1.0,0.0,-0.7853981633974483,1,1,134.0,0.0,livecell_phase__train-Huh7_Phase_A11_1_03d16h00m_4.png
50,19.0,13.414213562373096,0.6322808964466017,1.0,1.3268842295691072,-1.3470363392163116,4,5,125.26315789473684,21.227693196594714,livecell_phase__train-Huh7_Phase_A11_1_03d16h00m_4.png
51,34.0,22.44974746830583,0.9346108543464657,0.918918918918919,0.847746217828995,0.030292497451335262,11,4,128.44117647058823,33.89967132971905,livecell_phase__train-Huh7_Phase_A11_1_03d16h00m_4.png
52,87.0,67.04163056034261,0.9924514045286099,0.46774193548387094,0.24324279197251036,1.056794428159474,20,32,127.83908045977012,3.6510856934140374,livecell_phase__train-Huh7_Phase_A11_1_03d16h00m_4.png
53,10.0,6.207106781186548,0.42103901978592684,0.8333333333333334,3.2616054996348898,-1.2914966691231151,4,4,123.9,17.56957597667058,livecell_phase__train-Huh7_Phase_A11_1_03d16h00m_4.png
54,3.0,1.2071067811865475,0.97372313034591,0.75,25.872580053727066,-1.079399465171232,2,3,130.66666666666666,1.699673171197595,livecell_phase__train-Huh7_Phase_A11_1_03d16h00m_4.png
55,32.0,23.44974746830583,0.9585925193866229,0.5333333333333333,0.7312796735722933,-1.2367054269327125,9,16,124.09375,25.219485738957882,livecell_phase__train-Huh7_Phase_A11_1_03d16h00m_4.png
56,1.0,0.0,0,1.0,0.0,-0.7853981633974483,1,1,126.0,0.0,livecell_phase__train-Huh7_Phase_A11_1_03d16h00m_4.png
59,7.0,6.0,0.9525047769808744,0.5,2.443460952792061,-0.6685265729629976,6,5,126.42857142857143,6.161102472242236,livecell_phase__train-Huh7_Phase_A11_1_03d16h00m_4.png
60,45.0,37.935028842544405,0.988522357483128,0.6521739130434783,0.3929538431485151,-0.7467556392302745,15,14,128.75555555555556,2.3204937746145093,livecell_phase__train-Huh7_Phase_A11_1_03d16h00m_4.png
61,6.0,3.414213562373095,0.9960537542875212,0.375,6.468145013431767,-1.0331490997419768,6,9,129.33333333333334,1.8856180831641267,livecell_phase__train-Huh7_Phase_A11_1_03d16h00m_4.png
62,67.0,47.00609665440987,0.9826488964067873,0.6090909090909091,0.38104501838773513,0.7897471329520498,19,18,129.7910447761194,4.723827544442842,livecell_phase__train-Huh7_Phase_A11_1_03d16h00m_4.png
63,54.0,40.31370849898476,0.8597636705075211,0.391304347826087,0.41754003326908995,-0.33530433744187316,17,14,128.66666666666666,2.0457725155024407,livecell_phase__train-Huh7_Phase_A11_1_03d16h00m_4.png
64,24.0,20.449747468305834,0.9882616894036381,0.5,0.7211825454556919,-0.44368571994412875,17,9,130.04166666666666,6.717385197298789,livecell_phase__train-Huh7_Phase_A11_1_03d16h00m_4.png
65,51.0,45.97056274847714,0.9893544148989697,0.3493150684931507,0.30326367933157405,-0.6886854035781036,24,20,128.90196078431373,3.1327173067406395,livecell_phase__train-Huh7_Phase_A11_1_03d16h00m_4.png
66,31.0,25.82842712474619,0.9921779408391541,0.3780487804878049,0.5839499672441765,-0.27183083078653797,22,8,133.93548387096774,7.602781680542848,livecell_phase__train-Huh7_Phase_A11_1_03d16h00m_4.png
67,27.0,25.242640687119284,0.9901669619683178,0.5294117647058824,0.5324809281966265,-0.5436387425397914,16,10,130.44444444444446,4.893936787898943,livecell_phase__train-Huh7_Phase_A11_1_03d16h00m_4.png
68,23.0,18.414213562373096,0.9420153522771989,0.2948717948717949,0.8523762664515359,-0.85780654056588,13,12,129.08695652173913,2.9622706255471,livecell_phase__train-Huh7_Phase_A11_1_03d16h00m_4.png
69,8.0,5.414213562373095,0.9299767883497491,0.6153846153846154,3.4294864096896895,0.011171325100068033,6,3,121.125,27.511077314420096,livecell_phase__train-Huh7_Phase_A11_1_03d16h00m_4.png
71,4.0,4.0,0.0,1.0,3.141592653589793,-0.7853981633974483,2,2,129.75,7.660776723022281,livecell_phase__train-Huh7_Phase_A11_1_03d16h00m_4.png
72,35.0,29.692388155425117,0.9964129270957971,0.24647887323943662,0.4988703007579332,0.7565672048892285,26,27,128.4,3.270648690572385,livecell_phase__train-Huh7_Phase_A11_1_03d16h00m_4.png
73,3.0,3.414213562373095,0.816496580927726,1.0,3.2340725067158833,-0.7853981633974483,2,2,143.0,10.198039027185569,livecell_phase__train-Huh7_Phase_A11_1_03d16h00m_4.png
74,13.0,12.207106781186548,0.9737231303459101,0.9285714285714286,1.0962957467581211,-0.09660574192390302,8,2,133.30769230769232,6.231244046485734,livecell_phase__train-Huh7_Phase_A11_1_03d16h00m_4.png
75,13.0,10.621320343559642,0.8907219151786356,0.9285714285714286,1.4480921565836788,-1.2990026326445683,3,6,122.38461538461539,26.281138195520967,livecell_phase__train-Huh7_Phase_A11_1_03d16h00m_4.png
76,7.0,6.414213562373095,0.9785363013066246,0.4117647058823529,2.1380658287893026,1.1320097263179416,5,9,129.14285714285714,14.67192237310602,livecell_phase__train-Huh7_Phase_A11_1_03d16h00m_4.png
77,16.0,13.414213562373096,0.981691466587626,0.13793103448275862,1.1173761933213535,-1.2307440175059645,12,28,128.875,3.550968177835448,livecell_phase__train-Huh7_Phase_A11_1_03d16h00m_4.png
78,2.0,0.0,1.0,1.0,0.0,0.0,2,1,109.5,7.5,livecell_phase__train-Huh7_Phase_A11_1_03d16h00m_4.png
79,14.0,11.414213562373096,0.6072856123196266,0.9333333333333333,1.3503486408337697,0.9509462017495143,4,4,127.78571428571429,1.1450871101343854,livecell_phase__train-Huh7_Phase_A11_1_03d16h00m_4.png
80,9.0,6.621320343559642,0.955063691560387,0.225,2.5796641830326625,1.4449513409158032,5,12,108.55555555555556,24.617568754002185,livecell_phase__train-Huh7_Phase_A11_1_03d16h00m_4.png
81,8.0,5.0,0.9807608238775132,0.4,4.0212385965949355,-0.96857028033535,7,9,113.0,15.700318468107582,livecell_phase__train-Huh7_Phase_A11_1_03d16h00m_4.png
82,18.0,14.242640687119284,0.8418240129128847,0.9473684210526315,1.1150679494430014,-1.4145268558591877,4,6,127.55555555555556,5.387456854400292,livecell_phase__train-Huh7_Phase_A11_1_03d16h00m_4.png
83,67.0,48.89949493661167,0.9518362787705452,0.5075757575757576,0.3521080220968464,-0.2534586136308044,19,11,128.07462686567163,4.4363270838723246,livecell_phase__train-Huh7_Phase_A11_1_03d16h00m_4.png
84,1.0,0.0,0,1.0,0.0,-0.7853981633974483,1,1,135.0,0.0,livecell_phase__train-Huh7_Phase_A11_1_03d16h00m_4.png
85,37.0,29.520815280171306,0.9727429018811682,0.74,0.5335251462444748,-0.7074131619646555,11,10,135.16216216216216,29.35570621219913,livecell_phase__train-Huh7_Phase_A11_1_03d16h00m_4.png
86,79.0,44.14213562373095,0.9594409739906226,0.7523809523809524,0.5094836761489507,1.4655023199180988,7,18,128.35443037974684,2.5854411012805913,livecell_phase__train-Huh7_Phase_A11_1_03d16h00m_4.png
87,8.0,6.0,1.0,1.0,2.792526803190927,0.0,8,1,129.625,10.111101572034572,livecell_phase__train-Huh7_Phase_A11_1_03d16h00m_4.png
88,8.0,5.0,0.9913690029449176,0.42105263157894735,4.0212385965949355,0.41012734054149097,9,5,129.625,6.081478027585071,livecell_phase__train-Huh7_Phase_A11_1_03d16h00m_4.png
89,1.0,0.0,0,1.0,0.0,-0.7853981633974483,1,1,138.0,0.0,livecell_phase__train-Huh7_Phase_A11_1_03d16h00m_4.png
90,28.0,27.48528137423857,0.990670771502892,0.5283018867924528,0.46576571903687175,-1.0968422252127683,9,16,127.75,1.2137603905690306,livecell_phase__train-Huh7_Phase_A11_1_03d16h00m_4.png
91,4.0,4.0,0.0,1.0,3.141592653589793,-0.7853981633974483,2,2,89.5,51.40282093426391,livecell_phase__train-Huh7_Phase_A11_1_03d16h00m_4.png
92,9.0,7.621320343559642,0.786283935618104,0.9,1.947116515222565,1.4652496601835234,3,4,130.66666666666666,10.873004286866728,livecell_phase__train-Huh7_Phase_A11_1_03d16h00m_4.png
93,35.0,29.520815280171306,0.9702714708572858,0.660377358490566,0.5046859491501787,-0.678869102011473,13,11,129.45714285714286,2.0190925421776864,livecell_phase__train-Huh7_Phase_A11_1_03d16h00m_4.png
94,16.0,12.414213562373096,0.8956572942267459,0.8,1.304642199853956,1.4090233844928086,4,7,125.6875,40.28758920250751,livecell_phase__train-Huh7_Phase_A11_1_03d16h00m_4.png
95,5.0,5.207106781186548,0.816496580927726,1.0,2.3173247538676778,0.3217505543966422,3,2,128.4,14.333178293735134,livecell_phase__train-Huh7_Phase_A11_1_03d16h00m_4.png
96,28.0,20.82842712474619,0.9548879639109749,1.0,0.8110636638536872,1.5707963267948966,3,10,131.57142857142858,7.575470619178773,livecell_phase__train-Huh7_Phase_A11_1_03d16h00m_4.png
97,24.0,22.414213562373096,0.9859520595696765,0.5,0.6003079496537076,0.3343775491116025,16,6,129.58333333333334,11.037499213539673,livecell_phase__train-Huh7_Phase_A11_1_03d16h00m_4.png
1,1.0,0.0,0,1.0,0.0,-0.7853981633974483,1,1,136.0,0.0,livecell_phase__train-Huh7_Phase_A11_1_03d20h00m_1.png
2,84.0,44.935028842544405,0.9773876614549655,0.7636363636363637,0.5227801638173567,1.1824818757998348,11,21,128.77380952380952,1.8794071410458297,livecell_phase__train-Huh7_Phase_A11_1_03d20h00m_1.png
4,330.0,125.7401153701776,0.9851058212212606,0.625,0.26228659486388706,0.29272165999753147,50,24,128.27575757575758,1.6876611578319651,livecell_phase__train-Huh7_Phase_A11_1_03d20h00m_1.png
5,8.0,3.414213562373095,0.9994339081741213,0.24242424242424243,8.624193351242356,1.3082300161911764,7,23,126.125,2.6190408549696205,livecell_phase__train-Huh7_Phase_A11_1_03d20h00m_1.png
6,11.0,10.621320343559642,0.9137173558097591,0.55,1.2253087478784972,0.3217505543966422,7,4,125.9090909090909,11.163695587642728,livecell_phase__train-Huh7_Phase_A11_1_03d20h00m_1.png
7,2.0,0.0,1.0,1.0,0.0,0.7853981633974483,2,2,124.0,1.0,livecell_phase__train-Huh7_Phase_A11_1_03d20h00m_1.png
8,6.0,3.0,0.9880405817325627,0.3157894736842105,8.377580409572781,-1.1619738038785454,5,11,130.66666666666666,1.3743685418725535,livecell_phase__train-Huh7_Phase_A11_1_03d20h00m_1.png
9,65.0,54.86396103067892,0.9994027134344109,0.3217821782178218,0.2713619191683192,1.2693428276106309,20,64,128.04615384615386,0.9353036402197332,livecell_phase__train-Huh7_Phase_A11_1_03d20h00m_1.png
11,51.0,44.14213562373095,0.9882202054708371,0.23943661971830985,0.3289071833366644,0.6291319803599282,30,22,128.37254901960785,1.441143123530428,livecell_phase__train-Huh7_Phase_A11_1_03d20h00m_1.png
12,3.0,0.0,0.9984280683872113,0.23076923076923078,0.0,-0.6707821967589507,9,7,122.33333333333333,12.918548250050733,livecell_phase__train-Huh7_Phase_A11_1_03d20h00m_1.png
13,78.0,41.384776310850235,0.913185449194675,0.5234899328859061,0.5722993365537701,1.0117543943139047,13,23,128.23076923076923,2.978224720400913,livecell_phase__train-Huh7_Phase_A11_1_03d20h00m_1.png
14,10.0,10.414213562373096,0.9823902895921969,0.5882352941176471,1.1586623769338389,0.9455519403750504,5,7,127.9,0.9433981132056604,livecell_phase__train-Huh7_Phase_A11_1_03d20h00m_1.png
15,18.0,13.242640687119284,0.862193801641604,0.9,1.2898320915163313,0.7604880453923513,5,6,127.77777777777777,2.096440251568134,livecell_phase__train-Huh7_Phase_A11_1_03d20h00m_1.png
17,377.0,203.3319984622144,0.9122482547191274,0.26870990734141126,0.11458816266555458,0.6382825623314018,48,49,127.973474801061,1.4473379460242237,livecell_phase__train-Huh7_Phase_A11_1_03d20h00m_1.png
19,6.0,4.0,0.9967548911453931,0.2727272727272727,4.71238898038469,1.0205921624042114,8,12,127.5,2.753785273643051,livecell_phase__train-Huh7_Phase_A11_1_03d20h00m_1.png
20,124.0,63.42031021678298,0.9833971676251617,0.7898089171974523,0.387413566774339,1.2202823751900735,12,33,128.21774193548387,0.9718662116786989,livecell_phase__train-Huh7_Phase_A11_1_03d20h00m_1.png
21,1.0,0.0,0,1.0,0.0,-0.7853981633974483,1,1,127.0,0.0,livecell_phase__train-Huh7_Phase_A11_1_03d20h00m_1.png
22,102.0,48.248737341529164,0.9642175393827748,0.7846153846153846,0.5506024390626382,1.1100039247347049,13,24,127.95098039215686,1.2938576684791103,livecell_phase__train-Huh7_Phase_A11_1_03d20h00m_1.png
23,60.0,41.86396103067893,0.9663189545689579,0.20408163265306123,0.4302099785665681,0.6350602919886662,33,31,128.26666666666668,3.213858878185053,livecell_phase__train-Huh7_Phase_A11_1_03d20h00m_1.png
24,19.0,15.242640687119286,0.9718966178745025,0.5,1.0276448274785757,1.0156739852275767,6,13,128.31578947368422,3.2290235053006247,livecell_phase__train-Huh7_Phase_A11_1_03d20h00m_1.png
25,6.0,0.0,0.9973528969311862,0.2727272727272727,0.0,0.8409121651512803,11,12,128.33333333333334,1.7950549357115015,livecell_phase__train-Huh7_Phase_A11_1_03d20h00m_1.png
26,15.0,12.621320343559642,0.9930524626296174,0.4411764705882353,1.1832909515480587,-0.7870186114510592,11,10,124.8,17.19379733120833,livecell_phase__train-Huh7_Phase_A11_1_03d20h00m_1.png
27,28.0,24.242640687119287,0.9891904728665877,0.56,0.5986983291412742,1.201367511085134,6,17,127.78571428571429,1.9522357669594927,livecell_phase__train-Huh7_Phase_A11_1_03d20h00m_1.png
30,13.0,7.82842712474619,0.9944099348178479,0.3333333333333333,2.6656565324407766,1.1101017864187663,9,17,128.3846153846154,1.820332240953728,livecell_phase__train-Huh7_Phase_A11_1_03d20h00m_1.png
31,169.0,79.66295090390227,0.9878105797148375,0.7444933920704846,0.3346445752750235,-0.24151630054490825,38,12,128.18934911242604,1.6352999985388326,livecell_phase__train-Huh7_Phase_A11_1_03d20h00m_1.png
32,123.0,96.83452377915606,0.9968574942028836,0.3360655737704918,0.16483693602135244,1.29227310760724,23,67,128.5691056910569,1.541202681115159,livecell_phase__train-Huh7_Phase_A11_1_03d20h00m_1.png
33,107.0,74.66295090390226,0.9959024288968743,0.5879120879120879,0.24120335295000636,0.36465485990245294,41,17,129.66355140186917,6.713000255792766,livecell_phase__train-Huh7_Phase_A11_1_03d20h00m_1.png
34,88.0,55.562445840513924,0.9883060849867153,0.7857142857142857,0.35820350097562603,0.615338372840731,22,16,128.0,2.6457513110645907,livecell_phase__train-Huh7_Phase_A11_1_03d20h00m_1.png
35,6.0,5.207106781186548,0.9720309520281837,0.8571428571428571,2.7807897046412133,-0.2557780635851528,5,2,133.5,4.349329450233296,livecell_phase__train-Huh7_Phase_A11_1_03d20h00m_1.png
36,2.0,0.0,1.0,1.0,0.0,1.5707963267948966,1,2,120.5,0.5,livecell_phase__train-Huh7_Phase_A11_1_03d20h00m_1.png
37,42.0,39.41421356237309,0.994689770669152,0.34710743801652894,0.3397452734571029,1.2474491961514695,10,32,128.47619047619048,1.418216439222422,livecell_phase__train-Huh7_Phase_A11_1_03d20h00m_1.png
39,17.0,14.621320343559642,0.9446057208839487,0.8095238095238095,0.999276330958638,1.3461786122064272,4,8,126.88235294117646,1.8749855824128505,livecell_phase__train-Huh7_Phase_A11_1_03d20h00m_1.png
40,6.0,5.207106781186548,0.9552591832157767,0.6666666666666666,2.7807897046412133,0.8780721383952957,4,5,122.66666666666667,13.224556283251582,livecell_phase__train-Huh7_Phase_A11_1_03d20h00m_1.png
41,132.0,71.76955262170047,0.9850000510247253,0.6197183098591549,0.32203517950338395,1.0330709600654637,21,31,128.28030303030303,1.8599217723016541,livecell_phase__train-Huh7_Phase_A11_1_03d20h00m_1.png
42,3.0,1.0,1.0,1.0,37.69911184307752,0.0,3,1,123.33333333333333,7.760297817881877,livecell_phase__train-Huh7_Phase_A11_1_03d20h00m_1.png
43,97.0,62.21320343559642,0.9915036016896209,0.751937984496124,0.3149317668698369,1.2544411645439104,11,30,128.08247422680412,2.7905218929266176,livecell_phase__train-Huh7_Phase_A11_1_03d20h00m_1.png
45,20.0,15.242640687119284,0.7495430941112908,0.9090909090909091,1.0817313973458693,1.2334258556831201,5,6,128.75,12.941696179403998,livecell_phase__train-Huh7_Phase_A11_1_03d20h00m_1.png
46,46.0,34.10660171779821,0.9869774870667242,0.5897435897435898,0.4969249426229259,1.0745080204587565,12,21,127.34782608695652,1.2374129974571921,livecell_phase__train-Huh7_Phase_A11_1_03d20h00m_1.png
47,185.0,107.94722215136416,0.9937900564027765,0.5473372781065089,0.19950723537942677,0.9092013512673082,32,43,128.56216216216217,5.3954611230607705,livecell_phase__train-Huh7_Phase_A11_1_03d20h00m_1.png
48,11.0,9.414213562373096,0.8720558266594505,0.9166666666666666,1.5596762428619324,-1.2668953287379165,3,5,123.0909090909091,22.006009697578463,livecell_phase__train-Huh7_Phase_A11_1_03d20h00m_1.png
49,70.0,42.76345596729059,0.9775238903291311,0.8045977011494253,0.4810190899434898,1.2573616159477004,8,22,131.4857142857143,7.673224051657737,livecell_phase__train-Huh7_Phase_A11_1_03d20h00m_1.png
50,4.0,3.2071067811865475,0.9128709291752769,0.8,4.887007608661263,0.3217505543966422,3,2,131.75,1.7853571071357126,livecell_phase__train-Huh7_Phase_A11_1_03d20h00m_1.png
52,32.0,30.414213562373096,0.9925277154406152,0.3950617283950617,0.4347170360879492,0.351291130240285,25,9,133.75,13.679364020304453,livecell_phase__train-Huh7_Phase_A11_1_03d20h00m_1.png
53,39.0,36.31370849898475,0.9957406463461683,0.20418848167539266,0.3716492536336887,0.8144473414054613,38,40,128.46153846153845,3.0199860234534275,livecell_phase__train-Huh7_Phase_A11_1_03d20h00m_1.png
54,9.0,8.621320343559642,0.9907193472249451,0.42857142857142855,1.5216150964638036,-0.5771788548016524,9,6,133.88888888888889,10.181076612404718,livecell_phase__train-Huh7_Phase_A11_1_03d20h00m_1.png
55,122.0,81.8700576850888,0.9830504719200791,0.47104247104247104,0.22872808921625676,1.170631456926985,19,40,128.25409836065575,3.192104694988528,livecell_phase__train-Huh7_Phase_A11_1_03d20h00m_1.png
56,14.0,11.242640687119286,0.9012456098179924,0.8235294117647058,1.3918782161502878,0.9073451958242849,5,5,127.5,5.081478974809261,livecell_phase__train-Huh7_Phase_A11_1_03d20h00m_1.png
57,8.0,6.621320343559642,0.9949402524037912,0.38095238095238093,2.293034829362367,0.9418216085925916,8,11,127.875,2.4717149916606487,livecell_phase__train-Huh7_Phase_A11_1_03d20h00m_1.png
58,6.0,5.207106781186548,0.9720309520281837,0.8571428571428571,2.7807897046412133,1.3150182632097438,2,5,131.33333333333334,0.9428090415820634,livecell_phase__train-Huh7_Phase_A11_1_03d20h00m_1.png
59,57.0,40.27817459305202,0.9842754952840125,0.6333333333333333,0.44151469159452766,1.3382034460002243,7,21,129.12280701754386,2.602766243951329,livecell_phase__train-Huh7_Phase_A11_1_03d20h00m_1.png
60,5.0,4.0,0.9754262200082646,0.45454545454545453,3.9269908169872414,-0.7853981633974484,5,5,137.8,14.076931483814219,livecell_phase__train-Huh7_Phase_A11_1_03d20h00m_1.png
61,89.0,49.798989873223334,0.9754935150852319,0.8240740740740741,0.4509815796742464,1.139319360835717,11,21,127.25842696629213,6.659500419714057,livecell_phase__train-Huh7_Phase_A11_1_03d20h00m_1.png
62,2.0,0.0,1.0,1.0,0.0,1.5707963267948966,1,2,156.5,1.5,livecell_phase__train-Huh7_Phase_A11_1_03d20h00m_1.png
63,129.0,68.87615433949868,0.9896191768187613,0.5944700460829493,0.3417132297478254,0.5907106361423204,40,28,128.48837209302326,3.6090246037162106,livecell_phase__train-Huh7_Phase_A11_1_03d20h00m_1.png
64,6.0,6.414213562373095,0.8703882797784891,1.0,1.8326278532479736,1.5707963267948966,2,4,125.0,3.2145502536643185,livecell_phase__train-Huh7_Phase_A11_1_03d20h00m_1.png
65,324.0,187.5452018978108,0.9985504220685791,0.48,0.1157558527560091,0.5307261951725609,88,53,128.6141975308642,3.7229579253690175,livecell_phase__train-Huh7_Phase_A11_1_03d20h00m_1.png
66,22.0,18.449747468305834,0.945089072228385,0.7586206896551724,0.8121788814349057,1.330383855366442,5,9,126.63636363636364,3.8910790107332183,livecell_phase__train-Huh7_Phase_A11_1_03d20h00m_1.png
67,50.0,37.970562748477136,0.9912547154040509,0.7352941176470589,0.43579857008110295,0.8984383576315759,13,18,131.86,6.446735608042259,livecell_phase__train-Huh7_Phase_A11_1_03d20h00m_1.png
68,1.0,0.0,0,1.0,0.0,-0.7853981633974483,1,1,129.0,0.0,livecell_phase__train-Huh7_Phase_A11_1_03d20h00m_1.png
69,6.0,6.82842712474619,0.9961811103226518,0.35294117647058826,1.6170362533579417,1.0482192888289943,6,9,124.83333333333333,4.179978734661485,livecell_phase__train-Huh7_Phase_A11_1_03d20h00m_1.png
1,48.0,31.071067811865476,0.9406498857322118,0.75,0.6247967240741044,1.2008867592859254,8,13,129.02083333333334,2.0865600012673706,livecell_phase__train-Huh7_Phase_A11_1_04d00h00m_1.png
3,124.0,85.01219330881976,0.9958999045203369,0.47692307692307695,0.21561010297956706,0.8538340691426296,36,39,127.62096774193549,3.1790461694266905,livecell_phase__train-Huh7_Phase_A11_1_04d00h00m_1.png
4,43.0,30.106601717798213,0.9631199754058369,0.7678571428571429,0.5961490346161762,1.178941700844605,6,16,124.55813953488372,7.088485014055085,livecell_phase__train-Huh7_Phase_A11_1_04d00h00m_1.png
5,49.0,35.17766952966369,0.9869937458075965,0.20851063829787234,0.49759019577009433,0.9404795357682119,25,33,128.08163265306123,2.8200212381156944,livecell_phase__train-Huh7_Phase_A11_1_04d00h00m_1.png
7,184.0,96.77564927611036,0.8027973546168722,0.17374881964117092,0.24688545210924479,-0.07044565945059293,49,31,128.22282608695653,5.090413053644151,livecell_phase__train-Huh7_Phase_A11_1_04d00h00m_1.png
8,207.0,115.22539674441617,0.994019694351403,0.5490716180371353,0.19592226150627923,0.5830162627981262,50,34,128.6086956521739,3.1479648726978438,livecell_phase__train-Huh7_Phase_A11_1_04d00h00m_1.png
9,49.0,43.31370849898477,0.9928543821026689,0.44954128440366975,0.32821256655233344,0.5001466928756046,27,14,128.30612244897958,2.1495522232587074,livecell_phase__train-Huh7_Phase_A11_1_04d00h00m_1.png
10,13.0,9.621320343559642,0.912533627886166,0.65,1.7647527475721232,0.9227116947551831,6,7,136.07692307692307,18.006244807594,livecell_phase__train-Huh7_Phase_A11_1_04d00h00m_1.png
11,43.0,37.14213562373095,0.9988320619989952,0.25,0.391691887373796,0.7282606165300262,35,32,128.6046511627907,3.096431065505719,livecell_phase__train-Huh7_Phase_A11_1_04d00h00m_1.png
12,114.0,57.420310216782966,0.9742857104454986,0.7702702702702703,0.43449386277497126,-1.1920396156914546,10,28,129.2280701754386,1.878012610047244,livecell_phase__train-Huh7_Phase_A11_1_04d00h00m_1.png
13,1.0,0.0,0,1.0,0.0,-0.7853981633974483,1,1,118.0,0.0,livecell_phase__train-Huh7_Phase_A11_1_04d00h00m_1.png
14,4.0,3.414213562373095,0.9606594016383402,0.8,4.312096675621178,-0.8780721383952957,3,3,151.5,8.760707733967616,livecell_phase__train-Huh7_Phase_A11_1_04d00h00m_1.png
15,50.0,38.10660171779821,0.9903795746642503,0.5882352941176471,0.4326925589383477,0.5196150550419267,20,14,129.1,1.9104973174542799,livecell_phase__train-Huh7_Phase_A11_1_04d00h00m_1.png
16,34.0,27.485281374238568,0.9884988803858642,0.6938775510204082,0.5655726588304874,-0.7568666863399499,13,13,128.7058823529412,6.960093862470137,livecell_phase__train-Huh7_Phase_A11_1_04d00h00m_1.png
17,2.0,0.0,1.0,0.5,0.0,1.1071487177940904,2,3,143.0,9.0,livecell_phase__train-Huh7_Phase_A11_1_04d00h00m_1.png
18,140.0,74.66904755831214,0.9890251882496391,0.7253886010362695,0.3155416384428508,0.8592538149311768,24,25,127.92142857142858,3.0215130011844282,livecell_phase__train-Huh7_Phase_A11_1_04d00h00m_1.png
19,49.0,29.727922061357855,0.997881823356351,0.19291338582677164,0.696749774179254,-0.38178258220334377,62,25,128.0612244897959,2.1797599873989695,livecell_phase__train-Huh7_Phase_A11_1_04d00h00m_1.png
20,5.0,5.207106781186548,0.816496580927726,1.0,2.3173247538676778,0.3217505543966422,3,2,128.6,0.8,livecell_phase__train-Huh7_Phase_A11_1_04d00h00m_1.png
21,30.0,19.071067811865476,0.7497228346890723,0.9090909090909091,1.0365281423822896,1.1151267640674662,6,7,127.63333333333334,30.171159886369782,livecell_phase__train-Huh7_Phase_A11_1_04d00h00m_1.png
23,45.0,36.69238815542512,0.9899199367435016,0.6428571428571429,0.42002043423847485,-0.4206953096594171,20,9,131.04444444444445,5.561596715394902,livecell_phase__train-Huh7_Phase_A11_1_04d00h00m_1.png
24,36.0,27.31370849898476,0.9691537629029099,0.75,0.6063885950092281,-0.94903325913943,9,12,127.77777777777777,1.7177360926378116,livecell_phase__train-Huh7_Phase_A11_1_04d00h00m_1.png
25,1.0,0.0,0,1.0,0.0,-0.7853981633974483,1,1,130.0,0.0,livecell_phase__train-Huh7_Phase_A11_1_04d00h00m_1.png
26,12.0,11.035533905932738,0.8219339368229075,0.75,1.2382388078556779,0.2763822760574043,5,4,125.41666666666667,14.665482906774292,livecell_phase__train-Huh7_Phase_A11_1_04d00h00m_1.png
28,41.0,34.76345596729059,0.9961874605488492,0.271523178807947,0.42633190148033084,0.8991560033525169,23,26,128.58536585365854,3.399968505995439,livecell_phase__train-Huh7_Phase_A11_1_04d00h00m_1.png
29,1.0,0.0,0,1.0,0.0,-0.7853981633974483,1,1,115.0,0.0,livecell_phase__train-Huh7_Phase_A11_1_04d00h00m_1.png
30,24.0,18.242640687119287,0.7861514451547476,0.8888888888888888,0.9062451540853312,1.0168697312530566,6,6,128.875,2.2969635753896203,livecell_phase__train-Huh7_Phase_A11_1_04d00h00m_1.png
31,20.0,15.65685424949238,0.8499820640361195,0.9523809523809523,1.0252525124772216,1.346562536696938,4,7,129.25,6.040488390850528,livecell_phase__train-Huh7_Phase_A11_1_04d00h00m_1.png
32,18.0,16.86396103067893,0.9885836184361944,0.5625,0.7953589806573073,0.8435818539155212,9,11,130.38888888888889,2.831153845831313,livecell_phase__train-Huh7_Phase_A11_1_04d00h00m_1.png
34,88.0,52.00609665440987,0.9895061843161044,0.43781094527363185,0.4088688442063254,1.1407736583941162,23,40,128.04545454545453,2.110089888806393,livecell_phase__train-Huh7_Phase_A11_1_04d00h00m_1.png
35,22.0,16.278174593052025,0.6859912381164769,0.4,1.0433286668641162,-1.3563066148992435,8,9,127.27272727272727,3.60784269690626,livecell_phase__train-Huh7_Phase_A11_1_04d00h00m_1.png
36,75.0,42.520815280171306,0.970197905914742,0.7653061224489796,0.5212762777689578,-0.28080545675342783,20,9,129.58666666666667,5.22581625734732,livecell_phase__train-Huh7_Phase_A11_1_04d00h00m_1.png
37,50.0,35.55634918610404,0.9810560676027359,0.7936507936507936,0.4969875886473812,1.0145364468472033,9,17,128.54,2.4996799795173783,livecell_phase__train-Huh7_Phase_A11_1_04d00h00m_1.png
38,55.0,43.14213562373095,0.9889145488276555,0.6626506024096386,0.37133789738665673,1.1480813307107267,10,23,128.01818181818183,1.1676068624001692,livecell_phase__train-Huh7_Phase_A11_1_04d00h00m_1.png
39,15.0,12.82842712474619,0.930320031166835,0.9375,1.1453924082799836,0.1161605556464061,7,3,128.13333333333333,2.578543947441829,livecell_phase__train-Huh7_Phase_A11_1_04d00h00m_1.png
40,24.0,20.035533905932738,0.9996341651970596,0.11374407582938388,0.7513101667619816,0.444146419877668,64,31,131.29166666666666,2.5245324099501847,livecell_phase__train-Huh7_Phase_A11_1_04d00h00m_1.png
41,28.0,21.48528137423857,0.9860137645461033,0.6829268292682927,0.7622295897749732,0.8629144154101912,10,11,127.85714285714286,8.157880877296705,livecell_phase__train-Huh7_Phase_A11_1_04d00h00m_1.png
42,10.0,10.242640687119284,0.816496580927726,1.0,1.1978046321169942,-0.7853981633974483,4,4,127.8,10.684568311354464,livecell_phase__train-Huh7_Phase_A11_1_04d00h00m_1.png
43,37.0,27.82842712474619,0.8876303290843328,0.7115384615384616,0.6003911294367905,-0.9317760458784831,9,10,126.27027027027027,10.069082055503744,livecell_phase__train-Huh7_Phase_A11_1_04d00h00m_1.png
44,4.0,1.0,0.9952405887911147,0.26666666666666666,50.26548245743669,-1.0689553019918114,5,9,130.25,4.02336923485777,livecell_phase__train-Huh7_Phase_A11_1_04d00h00m_1.png
45,4.0,4.0,0.0,1.0,3.141592653589793,-0.7853981633974483,2,2,127.5,4.55521678957215,livecell_phase__train-Huh7_Phase_A11_1_04d00h00m_1.png
46,35.0,24.82842712474619,0.9856974812020716,0.4268292682926829,0.713476203045132,1.0828590776594724,11,18,131.14285714285714,20.020193886806045,livecell_phase__train-Huh7_Phase_A11_1_04d00h00m_1.png
47,1.0,0.0,0,1.0,0.0,-0.7853981633974483,1,1,122.0,0.0,livecell_phase__train-Huh7_Phase_A11_1_04d00h00m_1.png
48,82.0,33.89949493661167,0.8380939385846033,0.9534883720930233,0.89667954108754,-0.23905577990818902,13,8,128.0487804878049,6.442811155540781,livecell_phase__train-Huh7_Phase_A11_1_04d00h00m_1.png
49,219.0,120.66904755831214,0.9965292042235714,0.7398648648648649,0.1890001762406563,-0.3126019645434429,54,19,128.1324200913242,1.8470757060028502,livecell_phase__train-Huh7_Phase_A11_1_04d00h00m_1.png
50,5.0,5.207106781186548,0.816496580927726,1.0,2.3173247538676778,-0.3217505543966422,3,2,136.8,4.261455150532503,livecell_phase__train-Huh7_Phase_A11_1_04d00h00m_1.png
51,100.0,52.077164466275356,0.9756212203454374,0.5208333333333334,0.46335644178423935,-0.7331295146711899,34,27,126.94,6.8422510915633605,livecell_phase__train-Huh7_Phase_A11_1_04d00h00m_1.png
52,8.0,4.0,0.9991909824745301,0.16666666666666666,6.283185307179586,0.2017133091975497,25,6,131.875,2.7585095613392387,livecell_phase__train-Huh7_Phase_A11_1_04d00h00m_1.png
53,21.0,16.207106781186546,0.9413939019495813,0.9545454545454546,1.0046578263213302,0.09411075265238536,8,3,127.95238095238095,1.675486865310398,livecell_phase__train-Huh7_Phase_A11_1_04d00h00m_1.png
54,115.0,67.59797974644667,0.9882476444000964,0.7615894039735099,0.3162570903676246,0.7004277056440222,25,21,128.10434782608695,0.9901595220049207,livecell_phase__train-Huh7_Phase_A11_1_04d00h00m_1.png
55,9.0,8.82842712474619,0.7869526281849774,1.0,1.4510611029558727,0.5151884132621563,4,3,124.55555555555556,6.8655518692335145,livecell_phase__train-Huh7_Phase_A11_1_04d00h00m_1.png
56,85.0,64.83452377915607,0.99041118483356,0.4187192118226601,0.2541067135142409,0.6429910782028702,32,27,128.45882352941177,4.085996001197175,livecell_phase__train-Huh7_Phase_A11_1_04d00h00m_1.png
57,7.0,7.207106781186548,0.8886656215775005,1.0,1.6935030795523165,1.4250679295559632,2,4,129.0,1.927248223318863,livecell_phase__train-Huh7_Phase_A11_1_04d00h00m_1.png
58,9.0,9.207106781186548,0.9294403032006735,1.0,1.3341541561850128,-0.08257433870731341,5,2,153.66666666666666,20.231987873991358,livecell_phase__train-Huh7_Phase_A11_1_04d00h00m_1.png
59,5.0,1.2071067811865475,0.978280458326629,0.5,43.12096675621178,0.9635079910955234,4,5,131.2,1.1661903789690602,livecell_phase__train-Huh7_Phase_A11_1_04d00h00m_1.png
60,8.0,6.414213562373095,0.9942973664630221,0.26666666666666666,2.4435038043306316,-1.3123393392466176,5,13,128.5,8.455767262643882,livecell_phase__train-Huh7_Phase_A11_1_04d00h00m_1.png
61,70.0,42.04163056034261,0.9738379817465346,0.8433734939759037,0.49767841012803876,0.7358949821539769,14,14,129.04285714285714,2.434488589802292,livecell_phase__train-Huh7_Phase_A11_1_04d00h00m_1.png
62,11.0,11.621320343559644,0.9986879201999046,0.1746031746031746,1.0235088534015935,0.4880150604913953,23,13,130.54545454545453,2.01646118298353,livecell_phase__train-Huh7_Phase_A11_1_04d00h00m_1.png
63,17.0,14.82842712474619,0.920506604886606,0.6538461538461539,0.9715577290957611,0.6465905651898403,7,6,128.05882352941177,4.12268599245535,livecell_phase__train-Huh7_Phase_A11_1_04d00h00m_1.png
64,25.0,20.27817459305202,0.9289419181525739,0.78125,0.7639978857998877,-0.7337450710816922,8,7,127.92,1.3242356285797479,livecell_phase__train-Huh7_Phase_A11_1_04d00h00m_1.png
65,36.0,28.65685424949238,0.9607384071911456,0.1469387755102041,0.5508778813652693,0.40468225972547667,27,23,140.72222222222223,17.450901140550993,livecell_phase__train-Huh7_Phase_A11_1_04d00h00m_1.png
66,4.0,4.0,0.0,1.0,3.141592653589793,-0.7853981633974483,2,2,147.0,3.3166247903554,livecell_phase__train-Huh7_Phase_A11_1_04d00h00m_1.png
67,37.0,28.621320343559642,0.9955042762805074,0.49333333333333335,0.5675867637146476,0.01806730318217617,25,3,124.21621621621621,16.059240221560643,livecell_phase__train-Huh7_Phase_A11_1_04d00h00m_1.png
68,74.0,44.59188309203678,0.969993912248488,0.7789473684210526,0.46765971237428394,0.48030413184406257,19,11,129.48648648648648,2.626493105568939,livecell_phase__train-Huh7_Phase_A11_1_04d00h00m_1.png
1,36.0,27.278174593052025,0.9713189963621891,0.6666666666666666,0.607969447829723,0.6282270523533879,14,11,134.05555555555554,13.218136623687515,livecell_phase__train-MCF7_Phase_E4_2_00d00h00m_2.png
2,47.0,34.071067811865476,0.9573288094325506,0.618421052631579,0.5087872648259346,0.9821356129749635,11,14,146.04255319148936,37.14259895741008,livecell_phase__train-MCF7_Phase_E4_2_00d00h00m_2.png
3,61.0,42.42031021678297,0.9816425951321329,0.8026315789473685,0.42598275572746763,0.9951664944522495,12,17,132.27868852459017,10.04437881708052,livecell_phase__train-MCF7_Phase_E4_2_00d00h00m_2.png
5,47.0,38.935028842544405,0.9837958230263226,0.4519230769230769,0.38960697244591924,-0.884881567601399,17,19,143.17021276595744,45.58383399003782,livecell_phase__train-MCF7_Phase_E4_2_00d00h00m_2.png
6,2.0,0.0,1.0,0.5,0.0,0.3217505543966422,4,2,128.0,8.0,livecell_phase__train-MCF7_Phase_E4_2_00d00h00m_2.png
7,83.0,51.49137802864845,0.98650065470856,0.7094017094017094,0.39338602444736165,-0.8025467980757032,19,20,140.83132530120483,23.613259128661415,livecell_phase__train-MCF7_Phase_E4_2_00d00h00m_2.png
8,28.0,25.48528137423857,0.990391153204358,0.5490196078431373,0.5417376627004219,-0.5732818499211042,15,10,134.14285714285714,14.632923459773574,livecell_phase__train-MCF7_Phase_E4_2_00d00h00m_2.png
9,10.0,4.0,0.9979641589562012,0.2857142857142857,7.853981633974483,0.5620910021281805,17,11,152.5,46.01575817043548,livecell_phase__train-MCF7_Phase_E4_2_00d00h00m_2.png
10,5.0,0.0,0.6513651273065711,0.2,0.0,1.058792583842072,6,7,134.2,24.506325713986584,livecell_phase__train-MCF7_Phase_E4_2_00d00h00m_2.png
11,23.0,19.44974746830583,0.9774048205878831,0.6216216216216216,0.7640288644828541,0.6833747380319354,12,8,136.30434782608697,10.900477782144094,livecell_phase__train-MCF7_Phase_E4_2_00d00h00m_2.png
12,10.0,8.035533905932738,0.9134612118435104,0.7692307692307693,1.9461682723845912,0.03328408188791191,6,3,151.5,21.467417171145673,livecell_phase__train-MCF7_Phase_E4_2_00d00h00m_2.png
13,2.0,0.0,1.0,1.0,0.0,-0.7853981633974483,2,2,70.5,3.5,livecell_phase__train-MCF7_Phase_E4_2_00d00h00m_2.png
14,55.0,33.55634918610404,0.9613394597509353,0.8208955223880597,0.6137947133617174,0.989087270452424,10,14,128.92727272727274,2.1307663619590484,livecell_phase__train-MCF7_Phase_E4_2_00d00h00m_2.png
16,2.0,0.0,1.0,1.0,0.0,0.0,2,1,180.0,19.0,livecell_phase__train-MCF7_Phase_E4_2_00d00h00m_2.png
17,26.0,18.242640687119284,0.8939510203743087,0.8125,0.9817655835924428,-0.5082253746894134,9,6,140.6153846153846,32.988432614941445,livecell_phase__train-MCF7_Phase_E4_2_00d00h00m_2.png
18,5.0,2.0,0.634416161965045,0.5,15.707963267948966,-0.43802902529909654,4,4,128.4,2.0591260281974,livecell_phase__train-MCF7_Phase_E4_2_00d00h00m_2.png
19,27.0,22.035533905932738,0.967246219044808,0.4090909090909091,0.6987574848249493,0.8230640930725158,14,13,128.5185185185185,2.7402401945324315,livecell_phase__train-MCF7_Phase_E4_2_00d00h00m_2.png
20,5.0,3.6213203435596424,0.9778710766139984,0.625,4.791218528467976,-0.4868098343511095,5,3,128.8,3.4292856398964493,livecell_phase__train-MCF7_Phase_E4_2_00d00h00m_2.png
21,13.0,10.035533905932738,0.8640064983137229,0.6190476190476191,1.622079931397503,-0.8714935706589179,5,7,130.23076923076923,6.8629870840601415,livecell_phase__train-MCF7_Phase_E4_2_00d00h00m_2.png
22,16.0,12.242640687119284,0.7861611582758199,1.0,1.341465907380309,0.5578175385029315,5,4,129.875,3.9031237489989987,livecell_phase__train-MCF7_Phase_E4_2_00d00h00m_2.png
23,25.0,19.86396103067893,0.9488912944337503,0.8333333333333334,0.7961926490841549,0.7666409007951459,7,8,153.24,23.262467624910304,livecell_phase__train-MCF7_Phase_E4_2_00d00h00m_2.png
24,4.0,2.0,1.0,1.0,12.566370614359172,1.5707963267948966,1,4,126.75,1.479019945774904,livecell_phase__train-MCF7_Phase_E4_2_00d00h00m_2.png
25,18.0,13.65685424949238,0.3779644730092273,0.9,1.2127771900184563,-0.7853981633974488,5,5,128.0,2.3570226039551585,livecell_phase__train-MCF7_Phase_E4_2_00d00h00m_2.png
26,3.0,3.414213562373095,0.816496580927726,1.0,3.2340725067158833,-0.7853981633974483,2,2,127.66666666666667,0.4714045207910317,livecell_phase__train-MCF7_Phase_E4_2_00d00h00m_2.png
27,24.0,17.86396103067893,0.8599318043836611,0.8571428571428571,0.9450734885362995,-0.5538219449129571,7,6,150.04166666666666,44.01560250512185,livecell_phase__train-MCF7_Phase_E4_2_00d00h00m_2.png
28,2.0,0.0,1.0,1.0,0.0,1.5707963267948966,1,2,178.0,27.0,livecell_phase__train-MCF7_Phase_E4_2_00d00h00m_2.png
29,9.0,7.035533905932738,0.9317272455583766,0.5294117647058824,2.2848529397606376,-0.7470122177625593,6,6,139.77777777777777,21.043752188543742,livecell_phase__train-MCF7_Phase_E4_2_00d00h00m_2.png
30,10.0,10.0,0.9354143466934853,1.0,1.2566370614359172,0.0,5,2,147.9,39.65211217577192,livecell_phase__train-MCF7_Phase_E4_2_00d00h00m_2.png
31,18.0,13.82842712474619,0.705083721362063,0.9,1.1828694039044791,-0.6968470978737966,5,5,151.05555555555554,68.64439138877846,livecell_phase__train-MCF7_Phase_E4_2_00d00h00m_2.png
32,29.0,28.071067811865476,0.9832619536039964,0.5370370370370371,0.46247684672603173,-0.9401097087328487,11,13,128.55172413793105,1.0695215461566085,livecell_phase__train-MCF7_Phase_E4_2_00d00h00m_2.png
33,17.0,14.242640687119284,0.834937198069365,0.9444444444444444,1.0531197300295014,-1.1835024399332257,4,6,128.05882352941177,0.9374927912064253,livecell_phase__train-MCF7_Phase_E4_2_00d00h00m_2.png
34,39.0,31.27817459305202,0.9849374363574388,0.639344262295082,0.5009468752972929,-0.5994621553319878,16,12,129.02564102564102,6.522101201013797,livecell_phase__train-MCF7_Phase_E4_2_00d00h00m_2.png
35,18.0,14.035533905932738,0.8824538903430685,0.9,1.1482183780784236,-0.3435621050707195,7,4,146.66666666666666,36.58627550811309,livecell_phase__train-MCF7_Phase_E4_2_00d00h00m_2.png
36,22.0,18.106601717798213,0.9055644856417195,0.88,0.8432544610103635,0.8703951985240946,6,7,134.27272727272728,9.497281037614819,livecell_phase__train-MCF7_Phase_E4_2_00d00h00m_2.png
37,1.0,0.0,0,1.0,0.0,-0.7853981633974483,1,1,206.0,0.0,livecell_phase__train-MCF7_Phase_E4_2_00d00h00m_2.png
38,36.0,23.82842712474619,0.9638951682336001,0.6923076923076923,0.7967491564333804,-1.466498057348577,5,16,129.22222222222223,3.3007668394473217,livecell_phase__train-MCF7_Phase_E4_2_00d00h00m_2.png
39,26.0,17.65685424949238,0.926650578084502,0.8666666666666667,1.0479885743570192,1.1702162307916033,5,9,142.73076923076923,21.4055307236735,livecell_phase__train-MCF7_Phase_E4_2_00d00h00m_2.png
40,59.0,31.76345596729059,0.8929940236729209,0.6413043478260869,0.7348629937358268,-0.4987515002246826,16,9,131.0677966101695,10.449011642141835,livecell_phase__train-MCF7_Phase_E4_2_00d00h00m_2.png
42,15.0,11.414213562373096,0.4898979485566357,1.0,1.446802115179039,-0.7853981633974483,4,4,127.86666666666666,1.407914138796192,livecell_phase__train-MCF7_Phase_E4_2_00d00h00m_2.png
43,6.0,5.414213562373095,0.8164965809277259,1.0,2.5721148072672673,-0.7853981633974483,3,3,132.0,3.5118845842842465,livecell_phase__train-MCF7_Phase_E4_2_00d00h00m_2.png
44,30.0,20.27817459305202,0.9513840891394056,0.7692307692307693,0.9167974629598651,-0.9764720744789027,7,10,134.43333333333334,9.714879767083525,livecell_phase__train-MCF7_Phase_E4_2_00d00h00m_2.png
45,4.0,0.0,0.9555506301053762,0.19047619047619047,0.0,0.6087581678662631,8,6,134.25,7.949056547792323,livecell_phase__train-MCF7_Phase_E4_2_00d00h00m_2.png
46,6.0,5.207106781186548,0.9629227645109708,0.6,2.7807897046412133,0.9673876416522704,4,5,157.5,26.04963211512465,livecell_phase__train-MCF7_Phase_E4_2_00d00h00m_2.png
47,21.0,15.82842712474619,0.8895432552874527,0.75,1.0533037652751553,-1.1021973415144872,6,8,180.0,51.69139193328034,livecell_phase__train-MCF7_Phase_E4_2_00d00h00m_2.png
48,5.0,0.0,0.8897157997064559,0.17857142857142858,0.0,1.2241847638744034,5,8,142.8,12.155657119218196,livecell_phase__train-MCF7_Phase_E4_2_00d00h00m_2.png
49,25.0,19.621320343559645,0.9580746014303692,0.6578947368421053,0.8160061204418181,0.144145121973496,12,5,151.28,26.494557931771574,livecell_phase__train-MCF7_Phase_E4_2_00d00h00m_2.png
50,23.0,19.071067811865476,0.9579779954436894,0.7666666666666667,0.7946715758264221,0.8959305537525508,7,10,145.56521739130434,41.82866303194135,livecell_phase__train-MCF7_Phase_E4_2_00d00h00m_2.png
51,9.0,8.242640687119286,0.890870806374748,0.9,1.6646373562696215,1.2490457723982544,3,5,128.55555555555554,0.8314794192830981,livecell_phase__train-MCF7_Phase_E4_2_00d00h00m_2.png
52,39.0,27.242640687119284,0.9691669831798398,0.5909090909090909,0.6603528648536537,0.2318954480018471,16,6,132.53846153846155,19.0368686202302,livecell_phase__train-MCF7_Phase_E4_2_00d00h00m_2.png
53,22.0,14.82842712474619,0.9650268430534159,0.8461538461538461,1.25731000235922,0.3357965526710674,10,4,145.0,19.261360284258224,livecell_phase__train-MCF7_Phase_E4_2_00d00h00m_2.png
54,30.0,25.414213562373096,0.9764085258426568,0.25,0.5836839731245852,0.6081144205858247,24,14,132.1,13.128467795849854,livecell_phase__train-MCF7_Phase_E4_2_00d00h00m_2.png
55,13.0,7.621320343559643,0.9943655715686303,0.3611111111111111,2.81250163309926,0.5484628368603592,14,9,146.53846153846155,40.59483745998211,livecell_phase__train-MCF7_Phase_E4_2_00d00h00m_2.png
56,1.0,0.0,0,1.0,0.0,-0.7853981633974483,1,1,106.0,0.0,livecell_phase__train-MCF7_Phase_E4_2_00d00h00m_2.png
57,33.0,24.071067811865472,0.9316015667000741,0.7674418604651163,0.7157034178421655,-1.0953636199973058,7,10,127.87878787878788,1.965730271542649,livecell_phase__train-MCF7_Phase_E4_2_00d00h00m_2.png
58,37.0,23.106601717798213,0.8765735245468815,0.8809523809523809,0.8708421290524018,1.0449524256479599,7,9,130.2972972972973,4.489416171426187,livecell_phase__train-MCF7_Phase_E4_2_00d00h00m_2.png
59,4.0,2.0,1.0,1.0,12.566370614359172,1.5707963267948966,1,4,165.5,23.038012067016545,livecell_phase__train-MCF7_Phase_E4_2_00d00h00m_2.png
60,29.0,24.65685424949238,0.965507738607769,0.725,0.5994217895829046,-0.9516479943010016,8,10,127.96551724137932,3.3268267848806445,livecell_phase__train-MCF7_Phase_E4_2_00d00h00m_2.png
61,21.0,15.071067811865476,0.9399304734186196,0.75,1.1618260528144841,0.6140257410483909,9,7,133.14285714285714,9.397495686089355,livecell_phase__train-MCF7_Phase_E4_2_00d00h00m_2.png
62,30.0,19.071067811865476,0.8805217971767019,0.8823529411764706,1.0365281423822896,1.0073439996448867,6,8,142.23333333333332,28.759558797419373,livecell_phase__train-MCF7_Phase_E4_2_00d00h00m_2.png
63,46.0,27.31370849898476,0.8699566089188033,0.8846153846153846,0.7748298714006804,0.9048340978036585,9,9,136.47826086956522,12.46166143301436,livecell_phase__train-MCF7_Phase_E4_2_00d00h00m_2.png
64,48.0,38.14213562373095,0.9846720623716042,0.7164179104477612,0.4146112569529159,-0.843375592593489,13,15,119.35416666666667,28.619260402257467,livecell_phase__train-MCF7_Phase_E4_2_00d00h00m_2.png
65,12.0,9.621320343559642,0.8412668804818468,0.9230769230769231,1.6290025362204212,1.4863803757893361,3,5,100.5,38.14555456843344,livecell_phase__train-MCF7_Phase_E4_2_00d00h00m_2.png
67,29.0,18.82842712474619,0.8568929737614013,0.9666666666666667,1.0279684327953647,-0.022613878445048263,8,4,147.20689655172413,29.20484054156543,livecell_phase__train-MCF7_Phase_E4_2_00d00h00m_2.png
68,18.0,15.828427124746192,0.9659493727265507,0.5142857142857142,0.9028317988072758,-1.5128303081936503,4,10,104.44444444444444,31.333727341888366,livecell_phase__train-MCF7_Phase_E4_2_00d00h00m_2.png
69,74.0,50.66295090390226,0.9751351854391774,0.6115702479338843,0.3622935645667598,-0.9037499954721208,14,22,143.8108108108108,25.74809133607177,livecell_phase__train-MCF7_Phase_E4_2_00d00h00m_2.png
70,19.0,15.449747468305832,0.8054996451135149,0.95,1.000277948522869,1.0069494408811512,5,6,138.0,18.217978396136747,livecell_phase__train-MCF7_Phase_E4_2_00d00h00m_2.png
71,1.0,0.0,0,1.0,0.0,-0.7853981633974483,1,1,123.0,0.0,livecell_phase__train-MCF7_Phase_E4_2_00d00h00m_2.png
72,7.0,6.621320343559642,0.9886987562384085,0.4375,2.006405475692071,1.5638843247338936,2,8,127.14285714285714,0.989743318610787,livecell_phase__train-MCF7_Phase_E4_2_00d00h00m_2.png
73,12.0,10.207106781186548,0.8831760866327847,0.9230769230769231,1.4473907532358592,1.373400766945016,3,5,128.91666666666666,2.215789300051388,livecell_phase__train-MCF7_Phase_E4_2_00d00h00m_2.png
74,22.0,20.44974746830583,0.9592833747555204,0.6285714285714286,0.661084000001051,-0.5648846465747022,10,7,130.36363636363637,5.014029902959156,livecell_phase__train-MCF7_Phase_E4_2_00d00h00m_2.png
75,11.0,11.65685424949238,0.9306379298748462,0.5789473684210527,1.017278384386991,0.7853981633974484,6,6,146.27272727272728,37.513854190130175,livecell_phase__train-MCF7_Phase_E4_2_00d00h00m_2.png
76,44.0,26.970562748477143,0.9459374864796365,0.88,0.7601206377470123,0.6873688593534414,11,9,131.5909090909091,7.249821884389429,livecell_phase__train-MCF7_Phase_E4_2_00d00h00m_2.png
77,5.0,3.414213562373095,0.9887770549185264,0.5555555555555556,5.390120844526472,0.7700184003622137,5,5,132.6,66.50293226617906,livecell_phase__train-MCF7_Phase_E4_2_00d00h00m_2.png
78,12.0,7.414213562373095,0.9761704053546556,0.22641509433962265,2.7432218233292076,-1.278317752530096,7,14,137.91666666666666,20.710135736450937,livecell_phase__train-MCF7_Phase_E4_2_00d00h00m_2.png
79,12.0,10.035533905932738,0.9272510233339306,0.8,1.4973045520592334,-1.554181945808234,3,7,134.25,43.80092274522688,livecell_phase__train-MCF7_Phase_E4_2_00d00h00m_2.png
80,3.0,1.0,1.0,1.0,37.69911184307752,0.0,3,1,177.33333333333334,9.877021593352701,livecell_phase__train-MCF7_Phase_E4_2_00d00h00m_2.png
81,31.0,25.071067811865476,0.9570148249564171,0.5849056603773585,0.6197633561082838,-1.503804826911405,5,14,133.8709677419355,19.112134188965502,livecell_phase__train-MCF7_Phase_E4_2_00d00h00m_2.png
82,9.0,8.82842712474619,0.7869526281849774,1.0,1.4510611029558727,1.0556079135327403,3,4,120.33333333333333,30.822070014844883,livecell_phase__train-MCF7_Phase_E4_2_00d00h00m_2.png
83,49.0,28.727922061357855,0.9070944086089595,0.875,0.7461008182595203,0.8494520466905932,9,10,130.55102040816325,21.821222794905186,livecell_phase__train-MCF7_Phase_E4_2_00d00h00m_2.png
84,14.0,11.414213562373096,0.8165399631383785,1.0,1.3503486408337697,-1.4458070160644854,3,5,118.0,63.504780472474216,livecell_phase__train-MCF7_Phase_E4_2_00d00h00m_2.png
85,11.0,10.414213562373096,0.9923503540208916,0.3142857142857143,1.2745286146272226,-1.2890378405048994,5,14,169.0909090909091,27.783103254429317,livecell_phase__train-MCF7_Phase_E4_2_00d00h00m_2.png
86,18.0,13.65685424949238,0.816496580927726,1.0,1.2127771900184563,0.7853981633974484,5,5,136.88888888888889,22.233330556943574,livecell_phase__train-MCF7_Phase_E4_2_00d00h00m_2.png
87,7.0,7.207106781186548,0.8886656215775005,1.0,1.6935030795523165,-1.4250679295559632,2,4,127.71428571428571,1.1605769149479943,livecell_phase__train-MCF7_Phase_E4_2_00d00h00m_2.png
88,15.0,13.414213562373096,0.9600176619052926,0.6521739130434783,1.047540181238769,0.6745346432392477,7,6,139.33333333333334,23.85698127499696,livecell_phase__train-MCF7_Phase_E4_2_00d00h00m_2.png
89,30.0,21.899494936611664,0.9020121735106886,0.8108108108108109,0.7860730751299302,-0.9509728180226787,7,8,130.53333333333333,8.935820549277436,livecell_phase__train-MCF7_Phase_E4_2_00d00h00m_2.png
90,24.0,18.242640687119284,0.8403048629343713,0.8571428571428571,0.9062451540853318,0.8257146013700353,6,6,150.125,37.43918680117576,livecell_phase__train-MCF7_Phase_E4_2_00d00h00m_2.png
91,7.0,7.207106781186548,0.8886656215775005,1.0,1.6935030795523165,0.14572839723893352,4,2,166.85714285714286,11.945454263066784,livecell_phase__train-MCF7_Phase_E4_2_00d00h00m_2.png
92,30.0,22.86396103067893,0.9707051214857731,0.7317073170731707,0.721154264897246,-1.3164709694755832,5,14,153.9,54.53093923025106,livecell_phase__train-MCF7_Phase_E4_2_00d00h00m_2.png
93,64.0,39.59188309203678,0.9625042728411705,0.5765765765765766,0.5130710628525774,0.8842642471196981,13,19,129.578125,3.7198987196394206,livecell_phase__train-MCF7_Phase_E4_2_00d00h00m_2.png
94,5.0,5.207106781186548,0.816496580927726,1.0,2.3173247538676778,-1.2490457723982544,2,3,55.8,26.255666055158457,livecell_phase__train-MCF7_Phase_E4_2_00d00h00m_2.png
1,4.0,3.414213562373095,0.9932646988186119,0.4444444444444444,4.312096675621178,0.7044794477782369,6,5,146.5,28.02231253840411,livecell_phase__train-MCF7_Phase_G4_2_00d04h00m_1.png
2,15.0,4.82842712474619,0.9827581926001548,0.24193548387096775,8.085181266789707,0.7287145425775351,15,12,129.6,4.239496825489239,livecell_phase__train-MCF7_Phase_G4_2_00d04h00m_1.png
3,31.0,24.86396103067893,0.9489639901180411,0.7560975609756098,0.630131114928809,0.5755693708949671,9,8,129.29032258064515,4.444594748296732,livecell_phase__train-MCF7_Phase_G4_2_00d04h00m_1.png
4,71.0,57.21320343559643,0.9938912876062391,0.5035460992907801,0.2725685115153429,1.0305548376182354,20,28,130.16901408450704,30.25617660861386,livecell_phase__train-MCF7_Phase_G4_2_00d04h00m_1.png
5,143.0,73.59797974644665,0.9747180840299604,0.3575,0.3317524318947273,0.5517001793030993,29,28,128.62937062937064,3.9871793168343843,livecell_phase__train-MCF7_Phase_G4_2_00d04h00m_1.png
6,19.0,13.621320343559642,0.9666446702531045,0.3275862068965517,1.286841480227633,0.5055351175438967,16,10,126.52631578947368,2.8721607683457373,livecell_phase__train-MCF7_Phase_G4_2_00d04h00m_1.png
7,63.0,43.384776310850235,0.9855319109715951,0.7159090909090909,0.420606217535921,-1.0062289156695698,12,21,139.61904761904762,24.441980910699574,livecell_phase__train-MCF7_Phase_G4_2_00d04h00m_1.png
8,8.0,5.207106781186548,0.9812910538561525,0.3333333333333333,3.7077196061882844,0.7021127561958173,10,8,129.375,6.799586384479573,livecell_phase__train-MCF7_Phase_G4_2_00d04h00m_1.png
9,10.0,8.414213562373096,0.985800460292956,0.3125,1.7749364273220878,0.6254574645499847,13,10,136.2,10.879338215167317,livecell_phase__train-MCF7_Phase_G4_2_00d04h00m_1.png
10,78.0,65.42031021678298,0.9942397244573705,0.5,0.22902308918145453,0.7315266527189755,24,25,128.26923076923077,13.101842772055717,livecell_phase__train-MCF7_Phase_G4_2_00d04h00m_1.png
11,6.0,1.4142135623730951,0.9989104299143698,0.42857142857142855,37.69911184307751,-0.6335432305926061,10,8,130.16666666666666,1.2133516482134197,livecell_phase__train-MCF7_Phase_G4_2_00d04h00m_1.png
12,59.0,40.384776310850235,0.9783443729424086,0.7108433734939759,0.4545969444228276,1.1125021606424603,10,19,115.03389830508475,26.097578367879734,livecell_phase__train-MCF7_Phase_G4_2_00d04h00m_1.png
13,40.0,28.899494936611667,0.9469759152624709,0.8163265306122449,0.6018515032979275,1.0784344723590011,7,12,131.025,8.861398027399513,livecell_phase__train-MCF7_Phase_G4_2_00d04h00m_1.png
14,6.0,2.2071067811865475,0.992618285294789,0.4,15.477985098195974,1.039663952792981,5,9,151.16666666666666,19.420064080452693,livecell_phase__train-MCF7_Phase_G4_2_00d04h00m_1.png
15,121.0,68.07716446627535,0.9903474902393473,0.7857142857142857,0.32808948943114935,-0.3386866535206473,31,12,139.1404958677686,21.893923752374224,livecell_phase__train-MCF7_Phase_G4_2_00d04h00m_1.png
16,101.0,63.18376618407357,0.9913772867362224,0.6011904761904762,0.3179217345845703,-0.8244313473801852,28,24,144.4950495049505,21.60657388154215,livecell_phase__train-MCF7_Phase_G4_2_00d04h00m_1.png
17,59.0,45.89949493661166,0.9952493802849476,0.5130434782608696,0.3519217124201688,0.6262165422181505,25,17,129.4915254237288,3.8062076030020022,livecell_phase__train-MCF7_Phase_G4_2_00d04h00m_1.png
18,45.0,33.520815280171306,0.9857067099631324,0.6164383561643836,0.5032609489086421,1.0185618800641,10,18,145.35555555555555,30.74710866663766,livecell_phase__train-MCF7_Phase_G4_2_00d04h00m_1.png
19,58.0,42.55634918610404,0.984551749573433,0.5471698113207547,0.40244740382491717,0.8513435736759725,18,18,120.53448275862068,52.826069686524704,livecell_phase__train-MCF7_Phase_G4_2_00d04h00m_1.png
20,60.0,46.9350288425444,0.9673020645703728,0.5128205128205128,0.3422685036938292,0.5591978825703064,19,12,130.03333333333333,7.624448978268674,livecell_phase__train-MCF7_Phase_G4_2_00d04h00m_1.png
21,16.0,11.621320343559642,0.9975442962758597,0.16666666666666666,1.4887401504023183,-0.8218661105966197,22,23,138.1875,17.86133656113114,livecell_phase__train-MCF7_Phase_G4_2_00d04h00m_1.png
24,42.0,33.071067811865476,0.960027648929908,0.6176470588235294,0.48257266593075987,-1.2364754810522622,8,16,141.5,13.983408536037066,livecell_phase__train-MCF7_Phase_G4_2_00d04h00m_1.png
26,43.0,29.485281374238568,0.9792118860910837,0.6323529411764706,0.6215381152504226,0.5642992999203731,17,11,151.86046511627907,20.51384262683495,livecell_phase__train-MCF7_Phase_G4_2_00d04h00m_1.png
27,11.0,3.414213562373095,0.9608533213008262,0.22,11.858265857958237,-0.799896405860212,12,12,128.0,1.7580981459830651,livecell_phase__train-MCF7_Phase_G4_2_00d04h00m_1.png
28,29.0,24.071067811865476,0.9743687514650122,0.6744186046511628,0.6289514884067514,0.5275955946131913,12,8,128.20689655172413,2.339751097060328,livecell_phase__train-MCF7_Phase_G4_2_00d04h00m_1.png
29,36.0,26.485281374238568,0.9507276837386113,0.7659574468085106,0.6449160457581656,0.9871608762243334,8,12,141.5,17.520622769246025,livecell_phase__train-MCF7_Phase_G4_2_00d04h00m_1.png
30,6.0,2.2071067811865475,0.8968360465785743,0.4,15.477985098195974,-1.1518057142907017,4,6,142.5,13.200378782444085,livecell_phase__train-MCF7_Phase_G4_2_00d04h00m_1.png
31,5.0,3.414213562373095,0.8201718684270972,0.23809523809523808,5.390120844526472,-1.399284356584545,5,7,128.8,1.7204650534085253,livecell_phase__train-MCF7_Phase_G4_2_00d04h00m_1.png
32,12.0,10.82842712474619,0.8230173129766362,1.0,1.2860574036336336,1.2717018225823389,3,5,118.66666666666667,40.09017613109504,livecell_phase__train-MCF7_Phase_G4_2_00d04h00m_1.png
33,40.0,33.48528137423857,0.9922061269526347,0.6451612903225806,0.44829299234728925,-0.5343723530796712,17,11,129.9,5.257375771237966,livecell_phase__train-MCF7_Phase_G4_2_00d04h00m_1.png
34,103.0,65.04163056034261,0.9907112149949803,0.762962962962963,0.3059597153486709,-1.251254112207873,12,28,129.58252427184465,2.743126526905888,livecell_phase__train-MCF7_Phase_G4_2_00d04h00m_1.png
35,31.0,20.485281374238568,0.9899777197338474,0.14622641509433962,0.9282985898906704,-0.47774805434039774,39,23,117.74193548387096,16.717708868211854,livecell_phase__train-MCF7_Phase_G4_2_00d04h00m_1.png
36,1.0,0.0,0,1.0,0.0,-0.7853981633974483,1,1,125.0,0.0,livecell_phase__train-MCF7_Phase_G4_2_00d04h00m_1.png
37,64.0,48.520815280171306,0.9892499812361428,0.35359116022099446,0.34161242544246495,0.8108283635579272,25,21,128.375,2.1028254801575903,livecell_phase__train-MCF7_Phase_G4_2_00d04h00m_1.png
38,67.0,47.662950903902264,0.9073606357345025,0.1,0.3706148467240593,-0.8025693462867028,37,35,127.97014925373135,3.632236058365903,livecell_phase__train-MCF7_Phase_G4_2_00d04h00m_1.png
39,38.0,30.278174593052025,0.9687856366816587,0.6909090909090909,0.5208756828267649,1.2440386231605476,7,14,137.28947368421052,23.639738949864242,livecell_phase__train-MCF7_Phase_G4_2_00d04h00m_1.png
40,106.0,85.04163056034261,0.9902280944779899,0.424,0.18418428481169843,0.4919132382153915,38,21,133.16981132075472,18.058328814899834,livecell_phase__train-MCF7_Phase_G4_2_00d04h00m_1.png
41,28.0,26.692388155425117,0.9876838405712022,0.6086956521739131,0.4938476961329903,-0.8704074501889533,13,13,144.85714285714286,31.64390517451785,livecell_phase__train-MCF7_Phase_G4_2_00d04h00m_1.png
42,58.0,40.38477631085024,0.9806111586718899,0.6987951807228916,0.44689191146650836,-0.7388271358875734,15,14,141.17241379310346,19.30708100496353,livecell_phase__train-MCF7_Phase_G4_2_00d04h00m_1.png
43,10.0,5.207106781186548,0.9910059754991576,0.43478260869565216,4.6346495077353556,0.7695514238671248,9,9,135.9,16.244691440590678,livecell_phase__train-MCF7_Phase_G4_2_00d04h00m_1.png
44,46.0,34.520815280171306,0.9756879341968152,0.6216216216216216,0.48507133147635795,-0.6127846514483797,16,10,148.17391304347825,51.14060088228466,livecell_phase__train-MCF7_Phase_G4_2_00d04h00m_1.png
45,22.0,20.65685424949238,0.98166697837229,0.3548387096774194,0.6478943227102584,-0.9771038633298877,13,15,128.63636363636363,2.9317300902903813,livecell_phase__train-MCF7_Phase_G4_2_00d04h00m_1.png
46,13.0,5.621320343559643,0.9118686273121722,0.38235294117647056,5.169833374272498,0.459579651422833,10,6,162.6153846153846,40.4656330189125,livecell_phase__train-MCF7_Phase_G4_2_00d04h00m_1.png
47,16.0,7.82842712474619,0.9897603033329911,0.26229508196721313,3.280808039927109,0.6023306163649121,18,12,132.375,19.640121562760246,livecell_phase__train-MCF7_Phase_G4_2_00d04h00m_1.png
48,7.0,0.0,0.9763269304911313,0.21212121212121213,0.0,-0.9105456304714326,9,11,130.28571428571428,1.2777531299998799,livecell_phase__train-MCF7_Phase_G4_2_00d04h00m_1.png
49,12.0,2.414213562373095,0.9667421373146795,0.2222222222222222,25.872580053727066,1.004761205150677,10,15,135.25,16.39677305650922,livecell_phase__train-MCF7_Phase_G4_2_00d04h00m_1.png
50,62.0,40.55634918610404,0.9682124210810893,0.7045454545454546,0.4736786891959303,-0.9732324318839382,13,15,128.33870967741936,8.024043603721411,livecell_phase__train-MCF7_Phase_G4_2_00d04h00m_1.png
51,65.0,45.627416997969526,0.9752016932048989,0.65,0.39234800909506173,-0.7856660284868552,18,16,126.15384615384616,49.60838352512941,livecell_phase__train-MCF7_Phase_G4_2_00d04h00m_1.png
52,111.0,67.72792206135784,0.9867862167114011,0.7350993377483444,0.3040866401294178,-1.435882129136267,7,33,136.5045045045045,13.14498080066988,livecell_phase__train-MCF7_Phase_G4_2_00d04h00m_1.png
53,30.0,24.27817459305202,0.9681108925162493,0.7317073170731707,0.6395861610824782,0.7724681460150568,9,9,128.33333333333334,5.70574758954123,livecell_phase__train-MCF7_Phase_G4_2_00d04h00m_1.png
54,32.0,26.27817459305202,0.9691394191460493,0.7441860465116279,0.5823303894922408,0.476729581629697,13,7,141.46875,25.066142970898017,livecell_phase__train-MCF7_Phase_G4_2_00d04h00m_1.png
55,86.0,51.834523779156065,0.9821475877608437,0.7107438016528925,0.4022259531505212,-1.0945399736683605,13,24,134.1627906976744,13.980767907442491,livecell_phase__train-MCF7_Phase_G4_2_00d04h00m_1.png
56,48.0,30.313708498984763,0.9168978316105911,0.8421052631578947,0.656406633495017,0.6892040894679312,11,9,131.89583333333334,9.6225420743285,livecell_phase__train-MCF7_Phase_G4_2_00d04h00m_1.png
57,32.0,22.106601717798213,0.9384266417058993,0.8205128205128205,0.8228408963289622,1.0436606184735562,7,10,129.6875,1.4670868242881878,livecell_phase__train-MCF7_Phase_G4_2_00d04h00m_1.png
58,30.0,24.485281374238568,0.9778503103076661,0.6521739130434783,0.6288121440845198,0.6491445091318591,12,9,130.1,11.320630135582855,livecell_phase__train-MCF7_Phase_G4_2_00d04h00m_1.png
59,5.0,1.0,0.9966465909919069,0.16666666666666666,62.83185307179586,0.6631185633653396,12,11,164.2,32.70107031887489,livecell_phase__train-MCF7_Phase_G4_2_00d04h00m_1.png
60,79.0,48.656854249492376,0.9867158994417812,0.8977272727272727,0.41932320841099036,0.022525581920862355,23,4,149.78481012658227,32.63828259554619,livecell_phase__train-MCF7_Phase_G4_2_00d04h00m_1.png
61,39.0,25.27817459305202,0.9836490512895377,0.6610169491525424,0.7669782577582831,-1.055575831402531,10,17,130.76923076923077,3.3163274285589215,livecell_phase__train-MCF7_Phase_G4_2_00d04h00m_1.png
62,76.0,42.935028842544405,0.9645264246987765,0.7916666666666666,0.5180837115153138,1.1682678041322634,9,18,131.26315789473685,18.01488304375947,livecell_phase__train-MCF7_Phase_G4_2_00d04h00m_1.png
63,22.0,17.65685424949238,0.9725638045983391,0.5945945945945946,0.8867595629174776,0.8281421909834384,9,10,136.86363636363637,27.71165730181476,livecell_phase__train-MCF7_Phase_G4_2_00d04h00m_1.png
64,61.0,44.97056274847714,0.989623155221067,0.6288659793814433,0.37903826421949804,0.6654534931097968,20,17,135.5737704918033,11.060873318607207,livecell_phase__train-MCF7_Phase_G4_2_00d04h00m_1.png
65,3.0,0.0,0.9961853970558717,0.42857142857142855,0.0,0.20911216478961456,6,2,141.66666666666666,41.096093353126506,livecell_phase__train-MCF7_Phase_G4_2_00d04h00m_1.png
66,79.0,48.72792206135786,0.9769609737602764,0.6638655462184874,0.4181009666134035,0.3443011063834032,22,11,130.55696202531647,9.160657258276899,livecell_phase__train-MCF7_Phase_G4_2_00d04h00m_1.png
67,29.0,21.27817459305202,0.9575392513672559,0.6904761904761905,0.8048948076498343,0.9023223159425999,8,11,131.75862068965517,7.444762900806655,livecell_phase__train-MCF7_Phase_G4_2_00d04h00m_1.png
68,7.0,2.414213562373095,0.8865357506298651,0.35,15.092338364674122,0.09234219004322729,7,4,118.71428571428571,26.249975704556295,livecell_phase__train-MCF7_Phase_G4_2_00d04h00m_1.png
69,97.0,69.55634918610404,0.9890947932857839,0.5418994413407822,0.2519463321090987,-1.3835713337156426,9,35,130.27835051546393,6.586055666175594,livecell_phase__train-MCF7_Phase_G4_2_00d04h00m_1.png
70,37.0,31.278174593052025,0.9858949219170654,0.5441176470588235,0.4752572919487137,-0.8478530349089064,14,13,129.16216216216216,3.3085761901663786,livecell_phase__train-MCF7_Phase_G4_2_00d04h00m_1.png
71,15.0,11.82842712474619,0.9889704675082897,0.45454545454545453,1.347246692390209,-0.3827853668549573,14,5,139.33333333333334,12.98546195644276,livecell_phase__train-MCF7_Phase_G4_2_00d04h00m_1.png
72,96.0,64.00609665440987,0.9229675651967992,0.2953846153846154,0.294468206386606,1.1890692860169716,18,28,132.63541666666666,34.946423216972036,livecell_phase__train-MCF7_Phase_G4_2_00d04h00m_1.png
73,78.0,52.04163056034261,0.9883080195377237,0.6782608695652174,0.361911743885157,-0.7073965548770975,20,17,145.5,23.374185848978016,livecell_phase__train-MCF7_Phase_G4_2_00d04h00m_1.png
74,5.0,3.0,1.0,1.0,6.981317007977318,1.5707963267948966,1,5,96.0,4.147288270665544,livecell_phase__train-MCF7_Phase_G4_2_00d04h00m_1.png
75,91.0,57.8700576850888,0.9879679264029748,0.6319444444444444,0.34146282246718784,-0.8131048066596117,20,22,130.24175824175825,9.38708565681416,livecell_phase__train-MCF7_Phase_G4_2_00d04h00m_1.png
76,1.0,0.0,0,1.0,0.0,-0.7853981633974483,1,1,127.0,0.0,livecell_phase__train-MCF7_Phase_G4_2_00d04h00m_1.png
77,65.0,42.10660171779821,0.9911454853084203,0.34210526315789475,0.46070490478455267,-0.2560985052933205,38,13,129.90769230769232,5.058802159596759,livecell_phase__train-MCF7_Phase_G4_2_00d04h00m_1.png
78,87.0,76.42031021678298,0.8804398575586313,0.15875912408759124,0.18720244818178203,0.1022690954769878,41,20,126.11494252873563,12.52622562645959,livecell_phase__train-MCF7_Phase_G4_2_00d04h00m_1.png
79,62.0,41.97056274847714,0.9817740017638484,0.7209302325581395,0.44229493786553054,0.5872942944940309,18,13,130.8709677419355,8.640646389664228,livecell_phase__train-MCF7_Phase_G4_2_00d04h00m_1.png
80,27.0,17.86396103067893,0.9396621302782853,0.8181818181818182,1.063207674603337,0.8441964130553897,7,8,154.85185185185185,47.78943297401688,livecell_phase__train-MCF7_Phase_G4_2_00d04h00m_1.png
82,28.0,22.65685424949238,0.9755375181536436,0.7368421052631579,0.6854387828404974,-0.9527850644652142,8,11,111.89285714285714,20.478803127893496,livecell_phase__train-MCF7_Phase_G4_2_00d04h00m_1.png
83,9.0,3.6213203435596424,0.9877759577296785,0.3103448275862069,8.624193351242356,-1.1927988891981751,6,12,127.44444444444444,1.4229164972072998,livecell_phase__train-MCF7_Phase_G4_2_00d04h00m_1.png
84,27.0,22.071067811865476,0.9616414475241529,0.7297297297297297,0.6965093294188187,0.9488167592603898,8,9,146.4814814814815,34.613602946187555,livecell_phase__train-MCF7_Phase_G4_2_00d04h00m_1.png
85,26.0,25.485281374238568,0.9841803597141613,0.7647058823529411,0.5030421153646777,0.7192581579810552,11,9,131.84615384615384,6.4312476818703015,livecell_phase__train-MCF7_Phase_G4_2_00d04h00m_1.png
86,79.0,50.62741699796952,0.9710485813548865,0.6638655462184874,0.3873159791595802,1.3851981024277584,10,20,131.2405063291139,11.297154553667646,livecell_phase__train-MCF7_Phase_G4_2_00d04h00m_1.png
87,2.0,0.0,1.0,0.18181818181818182,0.0,0.8960553845713439,9,11,143.5,34.5,livecell_phase__train-MCF7_Phase_G4_2_00d04h00m_1.png
88,47.0,36.31370849898477,0.9857652582839943,0.373015873015873,0.44788499796880404,0.5097714016876257,24,17,139.85106382978722,17.703201685912525,livecell_phase__train-MCF7_Phase_G4_2_00d04h00m_1.png
90,98.0,57.45584412271571,0.9630567960113052,0.6758620689655173,0.3730504091297602,-0.3944822097739218,23,12,134.12244897959184,34.333379161025555,livecell_phase__train-MCF7_Phase_G4_2_00d04h00m_1.png
91,43.0,38.48528137423857,0.9933079763168745,0.48863636363636365,0.3648286930076985,-1.0266641198732185,13,21,128.93023255813952,1.8726346175997577,livecell_phase__train-MCF7_Phase_G4_2_00d04h00m_1.png
92,57.0,43.72792206135786,0.9855583735861032,0.6063829787234043,0.3745993669676034,-1.1041116180341726,12,20,128.08771929824562,1.7298281199920693,livecell_phase__train-MCF7_Phase_G4_2_00d04h00m_1.png
93,6.0,2.0,0.9959517451525579,0.3,18.84955592153876,-1.5502247518367125,2,13,92.16666666666667,25.712621198331547,livecell_phase__train-MCF7_Phase_G4_2_00d04h00m_1.png
94,82.0,52.2842712474619,0.9852196826823733,0.7522935779816514,0.3769481344082397,0.8142874137981279,19,19,128.4878048780488,3.4402350403219732,livecell_phase__train-MCF7_Phase_G4_2_00d04h00m_1.png
95,20.0,11.621320343559642,0.9666038748813388,0.8,1.8609251880028979,0.5115115173829088,9,5,129.2,3.5860842154082215,livecell_phase__train-MCF7_Phase_G4_2_00d04h00m_1.png
96,24.0,22.27817459305202,0.9599216496447216,0.5217391304347826,0.6076617491266748,-1.014586429025399,8,11,144.5,19.87460691435179,livecell_phase__train-MCF7_Phase_G4_2_00d04h00m_1.png
97,25.0,20.86396103067893,0.9552967612932661,0.625,0.721699404462419,0.8673698402018735,8,11,141.64,25.38484587307947,livecell_phase__train-MCF7_Phase_G4_2_00d04h00m_1.png
98,9.0,8.414213562373096,0.9487706327436732,0.6,1.597442784589879,0.6407209208818132,5,5,130.88888888888889,4.771313456351975,livecell_phase__train-MCF7_Phase_G4_2_00d04h00m_1.png
99,13.0,10.414213562373096,0.7883771061734742,0.9285714285714286,1.5062610900139906,-0.8850668158886102,4,5,128.53846153846155,1.2162606385262997,livecell_phase__train-MCF7_Phase_G4_2_00d04h00m_1.png
100,6.0,0.0,0.9960784832495905,0.25,0.0,1.0316971378745712,9,14,122.66666666666667,34.7115094585195,livecell_phase__train-MCF7_Phase_G4_2_00d04h00m_1.png
101,52.0,45.14213562373095,0.9869419218625303,0.49523809523809526,0.32066311362424965,0.8939046143986243,18,20,130.07692307692307,4.941372255083967,livecell_phase__train-MCF7_Phase_G4_2_00d04h00m_1.png
102,20.0,18.242640687119284,0.9695796775375345,0.6451612903225806,0.7552042950711098,-0.8131326309945852,8,9,109.95,21.912268253195517,livecell_phase__train-MCF7_Phase_G4_2_00d04h00m_1.png
103,7.0,3.414213562373095,0.9949734284800109,0.1590909090909091,7.546169182337061,-0.5205826746366202,18,12,136.57142857142858,14.705267694237453,livecell_phase__train-MCF7_Phase_G4_2_00d04h00m_1.png
104,41.0,33.69238815542512,0.9804599100122013,0.6029411764705882,0.4538685916695956,-0.49269316813340197,15,11,157.21951219512195,34.329474071211,livecell_phase__train-MCF7_Phase_G4_2_00d04h00m_1.png
105,31.0,20.071067811865476,0.8961401929064101,0.8611111111111112,0.9670091898715881,-0.9227628838942203,7,9,133.93548387096774,24.644485719502697,livecell_phase__train-MCF7_Phase_G4_2_00d04h00m_1.png
107,13.0,10.207106781186548,0.7743457464718221,0.9285714285714286,1.5680066493388476,-1.3850373992215421,3,5,112.46153846153847,15.087515902052084,livecell_phase__train-MCF7_Phase_G4_2_00d04h00m_1.png
108,14.0,12.414213562373096,0.8925883645433375,0.8235294117647058,1.1415619248722113,0.7081674046398029,5,5,127.42857142857143,2.5274008589934476,livecell_phase__train-MCF7_Phase_G4_2_00d04h00m_1.png
109,37.0,23.27817459305202,0.9750999286453453,0.6271186440677966,0.85805227218137,0.4803752841530147,14,8,150.0810810810811,29.40617546686445,livecell_phase__train-MCF7_Phase_G4_2_00d04h00m_1.png
110,18.0,15.071067811865476,0.8756046999109206,0.9473684210526315,0.9958509024124148,0.8397287713177422,5,6,136.33333333333334,7.133644853010899,livecell_phase__train-MCF7_Phase_G4_2_00d04h00m_1.png
112,17.0,14.449747468305834,0.9584749015854547,0.7727272727272727,1.0231475556064766,0.6056886791989844,7,6,125.11764705882354,27.09652105505792,livecell_phase__train-MCF7_Phase_G4_2_00d04h00m_1.png
113,7.0,6.621320343559642,0.98882519583922,0.5384615384615384,2.006405475692071,-0.6812181470335991,7,5,127.14285714285714,2.099562636671296,livecell_phase__train-MCF7_Phase_G4_2_00d04h00m_1.png
114,58.0,44.65685424949238,0.9898741777805712,0.6744186046511628,0.36547830638117307,-1.4382858233655718,6,22,128.27586206896552,1.8079623074370108,livecell_phase__train-MCF7_Phase_G4_2_00d04h00m_1.png
115,7.0,7.207106781186548,0.8886656215775005,1.0,1.6935030795523165,-0.14572839723893355,4,2,147.28571428571428,24.36457783466039,livecell_phase__train-MCF7_Phase_G4_2_00d04h00m_1.png
116,51.0,36.27817459305202,0.9731458690493294,0.6144578313253012,0.4869554008580139,0.22916928398617004,19,7,144.2549019607843,20.66904774764212,livecell_phase__train-MCF7_Phase_G4_2_00d04h00m_1.png
117,26.0,17.65685424949238,0.9497637397635934,0.5531914893617021,1.0479885743570192,0.7282911745367595,12,9,155.76923076923077,43.599847999300756,livecell_phase__train-MCF7_Phase_G4_2_00d04h00m_1.png
118,26.0,22.035533905932738,0.9685586984873227,0.7027027027027027,0.6728775779795808,-1.259537464913047,5,12,111.8076923076923,28.990740207029543,livecell_phase__train-MCF7_Phase_G4_2_00d04h00m_1.png
119,47.0,37.31370849898477,0.987497029760205,0.6025641025641025,0.4242002235998018,0.7467990495393955,17,16,132.4255319148936,9.002942027059735,livecell_phase__train-MCF7_Phase_G4_2_00d04h00m_1.png
120,3.0,1.0,1.0,1.0,37.69911184307752,1.5707963267948966,1,3,129.0,21.400934559032695,livecell_phase__train-MCF7_Phase_G4_2_00d04h00m_1.png
121,11.0,8.621320343559642,0.8952402777644063,0.06547619047619048,1.8597517845668707,1.5343809701917415,11,27,130.72727272727272,4.692177418386887,livecell_phase__train-MCF7_Phase_G4_2_00d04h00m_1.png
122,24.0,21.86396103067893,0.9807492628162552,0.6857142857142857,0.6309041969980689,0.9370399043334767,8,10,127.29166666666667,1.9252525086913204,livecell_phase__train-MCF7_Phase_G4_2_00d04h00m_1.png
123,37.0,25.899494936611664,0.967705277906991,0.8043478260869565,0.6931528257110355,1.0050127261856507,8,11,111.75675675675676,30.26049552603812,livecell_phase__train-MCF7_Phase_G4_2_00d04h00m_1.png
124,68.0,35.071067811865476,0.9530320833978565,0.7010309278350515,0.6947375912498353,0.06867521210368294,20,7,136.77941176470588,20.341095456239852,livecell_phase__train-MCF7_Phase_G4_2_00d04h00m_1.png
125,44.0,29.69238815542512,0.9755168749477259,0.36666666666666664,0.6271512352385444,0.49985499336420236,22,16,136.3181818181818,14.470617137170706,livecell_phase__train-MCF7_Phase_G4_2_00d04h00m_1.png
126,11.0,8.0,0.9797217590419505,0.22,2.1598449493429825,1.32283502152059,6,15,148.0909090909091,20.7121156702349,livecell_phase__train-MCF7_Phase_G4_2_00d04h00m_1.png
127,186.0,104.11879502661796,0.9834193292795544,0.5210084033613446,0.21560783641962666,-0.5127508635712368,41,26,132.3548387096774,19.356111069289554,livecell_phase__train-MCF7_Phase_G4_2_00d04h00m_1.png
128,91.0,52.9350288425444,0.9813046674825437,0.6893939393939394,0.4080984527863642,-1.403407041196412,7,28,153.73626373626374,41.95964444397151,livecell_phase__train-MCF7_Phase_G4_2_00d04h00m_1.png
129,73.0,46.62741699796952,0.9800594484837105,0.7604166666666666,0.42193932988778604,0.9418605692181254,14,19,129.013698630137,5.253813098460943,livecell_phase__train-MCF7_Phase_G4_2_00d04h00m_1.png
130,35.0,22.449747468305834,0.9394383422431187,0.9459459459459459,0.8726799301180826,1.3936473898624635,4,11,147.88571428571427,49.37134589940168,livecell_phase__train-MCF7_Phase_G4_2_00d04h00m_1.png
131,30.0,19.899494936611667,0.8711371126811033,1.0,0.9520220582335988,-0.9287851796014892,6,8,131.1,4.27668095606862,livecell_phase__train-MCF7_Phase_G4_2_00d04h00m_1.png
132,16.0,13.035533905932738,0.7499700872151718,0.8421052631578947,1.183238247413496,1.19324412505556,5,6,143.5625,18.9174811682211,livecell_phase__train-MCF7_Phase_G4_2_00d04h00m_1.png
133,60.0,50.520815280171306,0.8144547751789452,0.234375,0.2954067493263423,-1.0043351291074019,18,20,137.43333333333334,21.638982313305664,livecell_phase__train-MCF7_Phase_G4_2_00d04h00m_1.png
134,14.0,11.621320343559642,0.859219967277706,0.7777777777777778,1.3026476316020286,-0.9212108398998754,5,6,130.21428571428572,1.8965597210502505,livecell_phase__train-MCF7_Phase_G4_2_00d04h00m_1.png
135,116.0,79.31980515339464,0.8746480972802606,0.21682242990654205,0.23168855227481117,0.9074859845298817,23,34,139.0,40.12996128958323,livecell_phase__train-MCF7_Phase_G4_2_00d04h00m_1.png
136,21.0,19.242640687119284,0.9810222537676972,0.65625,0.7126886095964343,0.6254574645499846,10,7,127.28571428571429,2.3328473740792175,livecell_phase__train-MCF7_Phase_G4_2_00d04h00m_1.png
137,4.0,4.621320343559642,0.7905694150420949,1.0,2.3536273758173025,1.5707963267948966,2,3,170.25,18.73999733191016,livecell_phase__train-MCF7_Phase_G4_2_00d04h00m_1.png
138,4.0,2.0,1.0,1.0,12.566370614359172,1.5707963267948966,1,4,132.0,4.743416490252569,livecell_phase__train-MCF7_Phase_G4_2_00d04h00m_1.png
139,24.0,22.242640687119284,0.8129939195581799,0.5333333333333333,0.6096048496287129,1.4752635274149752,6,9,136.41666666666666,15.604264018387909,livecell_phase__train-MCF7_Phase_G4_2_00d04h00m_1.png
140,53.0,35.55634918610404,0.9698758876412921,0.7066666666666667,0.526806843966224,0.6690871408520696,14,12,129.32075471698113,7.419437971151236,livecell_phase__train-MCF7_Phase_G4_2_00d04h00m_1.png
141,41.0,25.899494936611664,0.9173406871827307,0.9111111111111111,0.7680882663284447,-0.6200940238597574,10,7,130.2439024390244,2.7830540147504217,livecell_phase__train-MCF7_Phase_G4_2_00d04h00m_1.png
142,55.0,44.27817459305202,0.9838567971658401,0.5339805825242718,0.352527610052182,1.145818978382653,12,19,131.6727272727273,7.548761597301412,livecell_phase__train-MCF7_Phase_G4_2_00d04h00m_1.png
143,20.0,16.86396103067893,0.9315385247537945,0.32786885245901637,0.8837322007303414,1.4013482151161898,6,16,167.7,33.5828825445345,livecell_phase__train-MCF7_Phase_G4_2_00d04h00m_1.png
144,10.0,8.242640687119284,0.9617465677604674,0.35714285714285715,1.8495970625218023,-0.8568769131943087,9,10,143.1,13.634148304899725,livecell_phase__train-MCF7_Phase_G4_2_00d04h00m_1.png
145,12.0,10.207106781186548,0.9979830558657679,0.35294117647058826,1.4473907532358592,1.5591813161586783,2,17,130.16666666666666,2.229848026709942,livecell_phase__train-MCF7_Phase_G4_2_00d04h00m_1.png
146,39.0,28.106601717798213,0.9573722809545205,0.7959183673469388,0.6203800049126997,-0.9684318313372611,9,11,138.51282051282053,44.3256433246859,livecell_phase__train-MCF7_Phase_G4_2_00d04h00m_1.png
1,42.0,39.31370849898476,0.9973005531864362,0.4375,0.34148460401840075,0.731981059286196,24,21,128.3095238095238,6.0924938018535215,livecell_phase__train-MCF7_Phase_G4_2_00d04h00m_2.png
2,4.0,0.0,0.9982119574782694,0.23529411764705882,0.0,0.9498123097124157,8,11,124.5,7.158910531638177,livecell_phase__train-MCF7_Phase_G4_2_00d04h00m_2.png
3,2.0,0.0,1.0,0.5,0.0,-1.1071487177940904,2,3,144.5,2.5,livecell_phase__train-MCF7_Phase_G4_2_00d04h00m_2.png
4,71.0,54.798989873223334,0.9965396170125171,0.4011299435028249,0.29711399341176625,0.6628046596708814,32,28,130.45070422535213,41.17971219772141,livecell_phase__train-MCF7_Phase_G4_2_00d04h00m_2.png
5,16.0,6.82842712474619,0.9874541276724963,0.2909090909090909,4.312096675621178,-1.1375811302089003,9,20,156.5625,41.11412280166026,livecell_phase__train-MCF7_Phase_G4_2_00d04h00m_2.png
6,55.0,49.349242404917504,0.9963081265680558,0.55,0.28379946585376403,-1.091557456577507,14,25,128.6909090909091,2.7952734605058343,livecell_phase__train-MCF7_Phase_G4_2_00d04h00m_2.png
7,111.0,72.73401871576773,0.9900568655943109,0.5441176470588235,0.26366815173245,0.8711382948356594,29,30,128.73873873873873,2.646472109325214,livecell_phase__train-MCF7_Phase_G4_2_00d04h00m_2.png
8,39.0,28.97056274847714,0.9676532699265197,0.78,0.5839297581570345,0.799629365225213,11,12,132.46153846153845,14.407701206070055,livecell_phase__train-MCF7_Phase_G4_2_00d04h00m_2.png
9,33.0,23.899494936611667,0.9595005096066869,0.8048780487804879,0.7260162770178512,0.9994520499690752,7,11,120.63636363636364,20.141647162365423,livecell_phase__train-MCF7_Phase_G4_2_00d04h00m_2.png
10,4.0,0.0,0.9999414497304145,0.2222222222222222,0.0,-0.9431724223488425,12,16,118.25,22.083647796503186,livecell_phase__train-MCF7_Phase_G4_2_00d04h00m_2.png
11,7.0,2.414213562373095,0.9950650579000042,0.109375,15.092338364674122,0.706486320562464,23,19,128.14285714285714,4.7034507523298075,livecell_phase__train-MCF7_Phase_G4_2_00d04h00m_2.png
12,49.0,33.935028842544405,0.9819381696369127,0.7101449275362319,0.5346991562048384,0.8979254386181579,13,14,130.0612244897959,3.5537170150525097,livecell_phase__train-MCF7_Phase_G4_2_00d04h00m_2.png
13,14.0,3.82842712474619,0.9994088586559452,0.35,12.003202433913915,-0.45707221588272,21,11,128.64285714285714,1.6303874586447606,livecell_phase__train-MCF7_Phase_G4_2_00d04h00m_2.png
14,22.0,16.621320343559645,0.9873552325181568,0.4230769230769231,1.0006944827171356,-1.1412981039344787,8,16,128.0,1.5374122295716148,livecell_phase__train-MCF7_Phase_G4_2_00d04h00m_2.png
15,42.0,33.72792206135785,0.9861306877242865,0.6461538461538462,0.46395940538342945,0.6120658602063372,16,12,128.8095238095238,3.7874359666948902,livecell_phase__train-MCF7_Phase_G4_2_00d04h00m_2.png
16,2.0,0.0,1.0,0.125,0.0,1.373400766945016,4,16,148.5,14.5,livecell_phase__train-MCF7_Phase_G4_2_00d04h00m_2.png
18,78.0,57.62741699796952,0.9926882718338409,0.6,0.29515229124318637,-1.0590737507961647,15,27,129.75641025641025,4.94634259452971,livecell_phase__train-MCF7_Phase_G4_2_00d04h00m_2.png
19,59.0,45.00609665440988,0.5703988606395053,0.30256410256410254,0.36603210431121525,1.4413451941388633,15,19,136.33898305084745,22.137942097714202,livecell_phase__train-MCF7_Phase_G4_2_00d04h00m_2.png
20,28.0,20.485281374238568,0.8902438347335009,0.8,0.8384632424818959,-0.9165865057914703,6,9,163.39285714285714,43.400410865167004,livecell_phase__train-MCF7_Phase_G4_2_00d04h00m_2.png
21,42.0,33.520815280171306,0.9910276096546701,0.6666666666666666,0.46971021898139936,0.8177475710659964,14,15,141.9047619047619,13.293051396105453,livecell_phase__train-MCF7_Phase_G4_2_00d04h00m_2.png
22,4.0,0.0,0.9988727382041249,0.08695652173913043,0.0,1.5253440799828348,3,23,141.5,6.946221994724902,livecell_phase__train-MCF7_Phase_G4_2_00d04h00m_2.png
23,67.0,39.55634918610404,0.9681730109301473,0.8481012658227848,0.5380867063125908,-0.36326987776820724,17,8,160.3134328358209,41.08353665080487,livecell_phase__train-MCF7_Phase_G4_2_00d04h00m_2.png
24,15.0,12.242640687119286,0.991579884928377,0.5555555555555556,1.2576242881690394,-0.952237372454055,8,12,129.13333333333333,1.309792180292567,livecell_phase__train-MCF7_Phase_G4_2_00d04h00m_2.png
25,39.0,24.449747468305834,0.9628471287958396,0.7222222222222222,0.8198336036881796,0.45349254110617016,13,7,133.69230769230768,15.497152502966383,livecell_phase__train-MCF7_Phase_G4_2_00d04h00m_2.png
26,15.0,11.414213562373096,0.9911321081969877,0.36585365853658536,1.446802115179039,-0.7990198955717478,11,13,156.2,23.97554309430063,livecell_phase__train-MCF7_Phase_G4_2_00d04h00m_2.png
27,42.0,29.14213562373095,0.9658626478334117,0.7,0.6214646130073254,0.9505653876469462,10,14,143.11904761904762,52.122658623194894,livecell_phase__train-MCF7_Phase_G4_2_00d04h00m_2.png
28,57.0,32.27817459305202,0.9562106245489465,0.6867469879518072,0.6874906356012502,0.3734883776743705,18,9,157.05263157894737,40.023423428029666,livecell_phase__train-MCF7_Phase_G4_2_00d04h00m_2.png
30,47.0,36.65685424949238,0.9772845051723293,0.734375,0.4395389197431654,0.23680850671919518,18,6,166.87234042553192,34.557763558742955,livecell_phase__train-MCF7_Phase_G4_2_00d04h00m_2.png
31,26.0,21.656854249492383,0.969233800851777,0.6341463414634146,0.696614426968218,-0.8272872875218896,9,12,117.26923076923077,68.52375090338985,livecell_phase__train-MCF7_Phase_G4_2_00d04h00m_2.png
32,18.0,17.82842712474619,0.9746971383392525,0.72,0.7116333764526369,-0.17639667174724263,11,4,128.33333333333334,1.3333333333333335,livecell_phase__train-MCF7_Phase_G4_2_00d04h00m_2.png
33,45.0,40.520815280171306,0.953760907659506,0.6081081081081081,0.34440228817877083,1.078219772761916,10,16,128.77777777777777,2.912722200499723,livecell_phase__train-MCF7_Phase_G4_2_00d04h00m_2.png
35,4.0,2.0,1.0,1.0,12.566370614359172,0.0,4,1,143.75,14.428704030508076,livecell_phase__train-MCF7_Phase_G4_2_00d04h00m_2.png
36,4.0,0.0,0.999457602588096,0.23529411764705882,0.0,-0.8827806513544458,11,13,116.25,22.818577957445115,livecell_phase__train-MCF7_Phase_G4_2_00d04h00m_2.png
37,16.0,14.242640687119286,0.9924026049207199,0.45714285714285713,0.9911715106160012,-0.4655692906269055,15,7,149.9375,23.94386338396542,livecell_phase__train-MCF7_Phase_G4_2_00d04h00m_2.png
38,105.0,58.49137802864845,0.9853456309447262,0.8467741935483871,0.38566964367128753,-1.1344132108225182,12,26,129.24761904761905,3.5234748875856514,livecell_phase__train-MCF7_Phase_G4_2_00d04h00m_2.png
39,4.0,4.414213562373095,0.9241763718304448,1.0,2.5796641830326625,-1.0172219678978514,2,3,141.25,9.12071817347735,livecell_phase__train-MCF7_Phase_G4_2_00d04h00m_2.png
40,4.0,0.0,0.9901239847351948,0.21052631578947367,0.0,-0.36577901571207294,11,5,133.25,6.869315832017043,livecell_phase__train-MCF7_Phase_G4_2_00d04h00m_2.png
41,19.0,15.65685424949238,0.9268062505629459,0.7916666666666666,0.9739898868533605,-0.8895559446921613,6,7,129.0,1.8637822325921867,livecell_phase__train-MCF7_Phase_G4_2_00d04h00m_2.png
42,12.0,8.0,0.8824781527108906,0.46153846153846156,2.356194490192345,1.1731469118021782,5,8,129.83333333333334,5.535240635138538,livecell_phase__train-MCF7_Phase_G4_2_00d04h00m_2.png
43,39.0,33.520815280171306,0.9828229848837227,0.7090909090909091,0.4361594890541565,-0.7819817807385566,13,13,128.53846153846155,2.458331243939873,livecell_phase__train-MCF7_Phase_G4_2_00d04h00m_2.png
44,25.0,22.242640687119284,0.9857289203877461,0.5555555555555556,0.635005051696576,0.8940907423856521,10,12,141.84,21.629017545880348,livecell_phase__train-MCF7_Phase_G4_2_00d04h00m_2.png
45,26.0,22.071067811865476,0.9878640984393383,0.5098039215686274,0.6707126875884922,-0.8324463937659873,12,14,128.96153846153845,4.918417265987795,livecell_phase__train-MCF7_Phase_G4_2_00d04h00m_2.png
46,53.0,41.44974746830583,0.9795025087638223,0.7066666666666667,0.38765193460929004,-0.27972624829089143,19,7,134.24528301886792,14.377531816911949,livecell_phase__train-MCF7_Phase_G4_2_00d04h00m_2.png
47,119.0,59.21320343559643,0.9797493281111783,0.8321678321678322,0.42650066366579825,1.2597650781473284,10,26,138.69747899159663,18.47667374383477,livecell_phase__train-MCF7_Phase_G4_2_00d04h00m_2.png
48,3.0,0.0,0.9988740942019426,0.07894736842105263,0.0,1.4611310202052794,4,24,158.0,23.338094752285727,livecell_phase__train-MCF7_Phase_G4_2_00d04h00m_2.png
49,60.0,58.41421356237309,0.9974632221158165,0.5454545454545454,0.22096528371064536,1.5255603537531641,5,35,128.51666666666668,1.6071887118678863,livecell_phase__train-MCF7_Phase_G4_2_00d04h00m_2.png
50,16.0,12.242640687119284,0.9977393879971093,0.2807017543859649,1.341465907380309,0.9856774669873969,14,20,131.8125,7.633959899685091,livecell_phase__train-MCF7_Phase_G4_2_00d04h00m_2.png
51,2.0,0.0,1.0,1.0,0.0,0.0,2,1,103.0,0.0,livecell_phase__train-MCF7_Phase_G4_2_00d04h00m_2.png
52,32.0,21.071067811865476,0.9870754836393111,0.27586206896551724,0.9057049739368308,0.4035770604001554,25,13,133.8125,15.197527553849014,livecell_phase__train-MCF7_Phase_G4_2_00d04h00m_2.png
53,3.0,0.0,0.9737231303459101,0.3333333333333333,0.0,0.9550444706244706,4,5,156.33333333333334,17.249798710580816,livecell_phase__train-MCF7_Phase_G4_2_00d04h00m_2.png
54,36.0,25.313708498984763,0.9613061711857371,0.782608695652174,0.7059936835313864,-0.8875252448306388,9,10,126.94444444444444,27.803821124726767,livecell_phase__train-MCF7_Phase_G4_2_00d04h00m_2.png
55,65.0,36.071067811865476,0.9639623122285396,0.5752212389380531,0.6277767434099335,1.232423619135295,10,22,146.6153846153846,25.240804758407982,livecell_phase__train-MCF7_Phase_G4_2_00d04h00m_2.png
56,84.0,63.9350288425444,0.991115796623624,0.34854771784232363,0.2582328088756726,-0.2635247340907292,34,13,131.72619047619048,10.898177207217236,livecell_phase__train-MCF7_Phase_G4_2_00d04h00m_2.png
57,9.0,6.82842712474619,0.9763931001820215,0.20930232558139536,2.4255543800369126,-1.0290540782873878,10,13,149.77777777777777,55.840602069696324,livecell_phase__train-MCF7_Phase_G4_2_00d04h00m_2.png
58,25.0,17.65685424949238,0.9397355798810881,0.8620689655172413,1.0076813214971339,0.6029738486265853,8,6,139.68,14.223136081750749,livecell_phase__train-MCF7_Phase_G4_2_00d04h00m_2.png
60,46.0,38.31370849898476,0.9927996260272802,0.42201834862385323,0.3937851317436416,-0.4689175971923522,25,13,156.1086956521739,38.340708449187964,livecell_phase__train-MCF7_Phase_G4_2_00d04h00m_2.png
61,21.0,16.65685424949238,0.9329539062271255,0.875,0.9511372434123696,0.9737915328097622,5,8,129.04761904761904,3.1087616655141836,livecell_phase__train-MCF7_Phase_G4_2_00d04h00m_2.png
62,36.0,29.071067811865476,0.9543284075467657,0.631578947368421,0.5352915607126064,0.9714269251192416,9,14,143.75,21.709412960997152,livecell_phase__train-MCF7_Phase_G4_2_00d04h00m_2.png
63,21.0,15.449747468305834,0.8510745449854443,0.875,1.1055703641568553,-0.63942362243045,7,5,128.1904761904762,1.5620209016054025,livecell_phase__train-MCF7_Phase_G4_2_00d04h00m_2.png
64,73.0,46.72792206135786,0.9832252231377739,0.8111111111111111,0.4201262198030241,1.3694571738567887,7,23,128.13698630136986,2.179072747961444,livecell_phase__train-MCF7_Phase_G4_2_00d04h00m_2.png
66,67.0,47.55634918610404,0.9879289679699562,0.6036036036036037,0.37227824017202676,-1.2291463115004584,9,28,139.38805970149255,18.126384845813167,livecell_phase__train-MCF7_Phase_G4_2_00d04h00m_2.png
67,10.0,8.207106781186548,0.791741358748446,0.9090909090909091,1.8656479534119152,-1.2527585754430213,3,4,128.8,2.6758176320519302,livecell_phase__train-MCF7_Phase_G4_2_00d04h00m_2.png
68,98.0,59.31980515339464,0.9779057511227944,0.6666666666666666,0.3499745856549718,-0.5959639494409306,24,17,129.0,12.075443119430949,livecell_phase__train-MCF7_Phase_G4_2_00d04h00m_2.png
69,14.0,11.621320343559642,0.9079417428286805,0.8235294117647058,1.3026476316020286,1.159022534660681,4,6,128.07142857142858,2.0861545523586047,livecell_phase__train-MCF7_Phase_G4_2_00d04h00m_2.png
70,36.0,27.692388155425114,0.9839701308600775,0.5538461538461539,0.5899178590236058,-0.5768371052270623,18,10,128.97222222222223,9.476538605979362,livecell_phase__train-MCF7_Phase_G4_2_00d04h00m_2.png
71,208.0,75.14213562373095,0.9678801657969365,0.9162995594713657,0.46292019874612944,1.5605309940262344,8,38,128.28365384615384,4.7607491850815284,livecell_phase__train-MCF7_Phase_G4_2_00d04h00m_2.png
72,105.0,58.90559159102155,0.9555304040571485,0.65625,0.38026479406575475,0.9748685107421892,15,21,134.56190476190477,21.657913459507153,livecell_phase__train-MCF7_Phase_G4_2_00d04h00m_2.png
74,108.0,65.56244584051393,0.9911442229307991,0.7659574468085106,0.3157354353191959,-1.0128178373366197,16,28,128.0185185185185,9.065585598826866,livecell_phase__train-MCF7_Phase_G4_2_00d04h00m_2.png
75,6.0,0.0,0.9972090065049947,0.2,0.0,-0.9343574223847978,10,13,104.5,41.20578438358705,livecell_phase__train-MCF7_Phase_G4_2_00d04h00m_2.png
77,35.0,30.485281374238568,0.9831920680977982,0.5833333333333334,0.47325748633881787,0.8328881318411946,13,14,143.25714285714287,46.42865054938313,livecell_phase__train-MCF7_Phase_G4_2_00d04h00m_2.png
78,104.0,76.83452377915606,0.9941635008615952,0.3611111111111111,0.22137592843738793,-1.2483604763080758,20,42,132.21153846153845,38.239043950503266,livecell_phase__train-MCF7_Phase_G4_2_00d04h00m_2.png
79,34.0,21.48528137423857,0.975072722419513,0.7727272727272727,0.9255645018696105,-0.7810704026240322,11,10,133.6764705882353,14.563694966342311,livecell_phase__train-MCF7_Phase_G4_2_00d04h00m_2.png
80,34.0,30.27817459305202,0.9723665072166955,0.12363636363636364,0.4660466635818424,1.1537641527937592,15,42,157.7941176470588,24.33199226842851,livecell_phase__train-MCF7_Phase_G4_2_00d04h00m_2.png
81,35.0,25.14213562373095,0.9885016390317304,0.26515151515151514,0.6957826241063335,0.5655332270780024,26,16,133.6,8.455598314557218,livecell_phase__train-MCF7_Phase_G4_2_00d04h00m_2.png
82,21.0,19.863961030678926,0.9857837573578222,0.4883720930232558,0.6688018252306904,-0.8597962976978959,10,13,144.76190476190476,16.647335728220074,livecell_phase__train-MCF7_Phase_G4_2_00d04h00m_2.png
83,21.0,16.82842712474619,0.9200871736394204,0.11538461538461539,0.9318416243440961,1.5437970479048326,12,27,136.33333333333334,11.728408057172787,livecell_phase__train-MCF7_Phase_G4_2_00d04h00m_2.png
84,33.0,26.86396103067893,0.9771559823011509,0.6470588235294118,0.5746239276664121,0.7908597138003144,12,11,145.06060606060606,24.400620203170188,livecell_phase__train-MCF7_Phase_G4_2_00d04h00m_2.png
85,49.0,32.14213562373095,0.949388108943851,0.8448275862068966,0.596014033417781,-0.9286571984774119,10,12,129.16326530612244,42.72042332338963,livecell_phase__train-MCF7_Phase_G4_2_00d04h00m_2.png
86,62.0,52.27817459305203,0.9276102244671524,0.18289085545722714,0.2850760442606011,0.20513646304509958,29,18,151.32258064516128,41.690787329804415,livecell_phase__train-MCF7_Phase_G4_2_00d04h00m_2.png
87,26.0,22.071067811865476,0.9682655729399401,0.37142857142857144,0.6707126875884922,1.4015855324298,7,16,127.76923076923077,1.8668709383863995,livecell_phase__train-MCF7_Phase_G4_2_00d04h00m_2.png
88,36.0,23.485281374238568,0.8875605833951118,0.9,0.8202020099817774,-0.966804584945485,7,9,130.25,33.23349632190056,livecell_phase__train-MCF7_Phase_G4_2_00d04h00m_2.png
89,5.0,5.207106781186548,0.816496580927726,1.0,2.3173247538676778,0.3217505543966422,3,2,144.6,24.491631223746612,livecell_phase__train-MCF7_Phase_G4_2_00d04h00m_2.png
90,65.0,51.97056274847714,0.9884387715376342,0.436241610738255,0.30241851862123337,0.748206882681589,26,23,132.69230769230768,13.987822260724974,livecell_phase__train-MCF7_Phase_G4_2_00d04h00m_2.png
91,4.0,1.4142135623730951,1.0,0.8,25.132741228718338,-0.7853981633974483,5,5,119.75,4.968651728587948,livecell_phase__train-MCF7_Phase_G4_2_00d04h00m_2.png
92,2.0,0.0,1.0,1.0,0.0,0.0,2,1,137.0,13.0,livecell_phase__train-MCF7_Phase_G4_2_00d04h00m_2.png
93,63.0,34.48528137423857,0.8882582658118758,0.84,0.6657066047029141,0.09468741299724985,15,7,133.93650793650792,19.50976395020694,livecell_phase__train-MCF7_Phase_G4_2_00d04h00m_2.png
94,64.0,40.59188309203678,0.9614173436882304,0.7441860465116279,0.48810295831493183,0.8777800485181927,14,14,128.84375,11.806008467619359,livecell_phase__train-MCF7_Phase_G4_2_00d04h00m_2.png
96,49.0,35.3492424049175,0.957531206560382,0.7538461538461538,0.4927716599555385,-0.774411507140501,12,11,132.0,6.4142698058981855,livecell_phase__train-MCF7_Phase_G4_2_00d04h00m_2.png
97,10.0,0.0,0.9989928150596777,0.23255813953488372,0.0,-0.3750549084037454,25,10,129.3,2.238302928559939,livecell_phase__train-MCF7_Phase_G4_2_00d04h00m_2.png
98,57.0,40.384776310850235,0.9723716913904403,0.6551724137931034,0.4391868785101894,-0.46260630851970796,18,10,135.5438596491228,11.947355540091467,livecell_phase__train-MCF7_Phase_G4_2_00d04h00m_2.png
99,44.0,28.520815280171306,0.9354765850087234,0.88,0.6797334914925681,-0.9019468390832447,9,11,145.95454545454547,55.989428606679674,livecell_phase__train-MCF7_Phase_G4_2_00d04h00m_2.png
100,17.0,15.414213562373096,0.9838628049551333,0.5,0.8991166535678458,0.4626851462819543,13,6,136.94117647058823,13.449122377819455,livecell_phase__train-MCF7_Phase_G4_2_00d04h00m_2.png
101,29.0,21.242640687119284,0.9849465967532645,0.29896907216494845,0.8075898565562823,-1.2721789787940923,9,24,142.86206896551724,23.809189964252553,livecell_phase__train-MCF7_Phase_G4_2_00d04h00m_2.png
102,19.0,16.207106781186546,0.9897440659519294,0.3275862068965517,0.9089761285764415,-1.339311237383247,8,23,92.78947368421052,41.530684847875044,livecell_phase__train-MCF7_Phase_G4_2_00d04h00m_2.png
103,6.0,6.82842712474619,0.9909320313801468,0.5,1.6170362533579417,1.0116356081784816,5,6,143.33333333333334,30.917452820193464,livecell_phase__train-MCF7_Phase_G4_2_00d04h00m_2.png
104,5.0,5.656854249492381,0.9903751369442766,0.23809523809523808,1.9634954084936203,0.7853981633974483,10,10,129.6,4.2708313008125245,livecell_phase__train-MCF7_Phase_G4_2_00d04h00m_2.png
105,18.0,17.82842712474619,0.9688502303977897,0.6428571428571429,0.7116333764526369,-0.9932378864267497,6,9,128.77777777777777,4.825344611246325,livecell_phase__train-MCF7_Phase_G4_2_00d04h00m_2.png
107,21.0,16.65685424949238,0.9178832225255353,0.7777777777777778,0.9511372434123696,0.793971813884924,7,6,127.61904761904762,1.32651316925563,livecell_phase__train-MCF7_Phase_G4_2_00d04h00m_2.png
108,15.0,10.035533905932738,0.972323629418976,0.4411764705882353,1.8716306900740416,-0.5647741147341211,12,9,131.2,39.42790889712515,livecell_phase__train-MCF7_Phase_G4_2_00d04h00m_2.png
109,148.0,89.84062043356595,0.9940235790771025,0.6883720930232559,0.23042314210360665,-1.0237621548804992,24,39,138.1689189189189,30.872096321171586,livecell_phase__train-MCF7_Phase_G4_2_00d04h00m_2.png
110,41.0,34.14213562373095,0.98191536732569,0.4606741573033708,0.44198990925117065,0.7428282725515468,16,17,129.65853658536585,4.7504030950788465,livecell_phase__train-MCF7_Phase_G4_2_00d04h00m_2.png
111,28.0,23.863961030678926,0.9747802089034335,0.7567567567567568,0.6178496899040542,-0.7273129768753653,10,9,130.10714285714286,5.918127634132062,livecell_phase__train-MCF7_Phase_G4_2_00d04h00m_2.png
112,94.0,54.34924240491749,0.9431426675698247,0.35877862595419846,0.39989937768107336,1.0139274734513424,25,24,143.18085106382978,28.178746618290496,livecell_phase__train-MCF7_Phase_G4_2_00d04h00m_2.png
113,9.0,8.414213562373096,0.9652266727507907,0.5294117647058824,1.597442784589879,-0.5124055106445791,8,5,131.22222222222223,6.528191476252614,livecell_phase__train-MCF7_Phase_G4_2_00d04h00m_2.png
114,31.0,26.65685424949238,0.9651523089264641,0.49206349206349204,0.5482185959590955,-0.8544756329254111,11,13,128.80645161290323,3.6581270973767315,livecell_phase__train-MCF7_Phase_G4_2_00d04h00m_2.png
115,15.0,15.899494936611665,0.9781157068613787,0.75,0.7456490443662257,-0.9384751128477823,6,8,127.93333333333334,1.1234866364235143,livecell_phase__train-MCF7_Phase_G4_2_00d04h00m_2.png
116,10.0,8.449747468305832,0.6511528238439882,0.7692307692307693,1.7600394594372157,1.2924966677897851,4,5,107.8,51.331861450759796,livecell_phase__train-MCF7_Phase_G4_2_00d04h00m_2.png
117,33.0,25.44974746830583,0.9305607051826904,0.13807531380753138,0.6402607061985602,1.5223012716227846,13,26,153.4848484848485,29.634256602300358,livecell_phase__train-MCF7_Phase_G4_2_00d04h00m_2.png
118,5.0,0.0,0.9897439950639351,0.38461538461538464,0.0,0.9261378126614697,5,7,137.2,51.81659965686672,livecell_phase__train-MCF7_Phase_G4_2_00d04h00m_2.png
119,2.0,0.0,1.0,1.0,0.0,0.7853981633974483,2,2,96.0,17.0,livecell_phase__train-MCF7_Phase_G4_2_00d04h00m_2.png
120,53.0,45.86396103067892,0.9870019523153598,0.6235294117647059,0.3166231127030147,0.5054413719891105,21,10,135.0,17.29325312870846,livecell_phase__train-MCF7_Phase_G4_2_00d04h00m_2.png
121,8.0,7.82842712474619,0.7950972173652757,0.8888888888888888,1.6404040199635546,-1.1448131632082605,3,4,128.625,0.9921567416492215,livecell_phase__train-MCF7_Phase_G4_2_00d04h00m_2.png
122,16.0,10.621320343559642,0.9958053658533557,0.3902439024390244,1.7822672696414505,1.0761317320039476,9,17,143.9375,18.8264068199431,livecell_phase__train-MCF7_Phase_G4_2_00d04h00m_2.png
123,35.0,29.14213562373095,0.987389817312466,0.5932203389830508,0.5178871775061045,-1.0303273546858234,11,15,116.37142857142857,26.461924899518458,livecell_phase__train-MCF7_Phase_G4_2_00d04h00m_2.png
124,51.0,47.10660171779821,0.9357819718223279,0.15987460815047022,0.28881283500101224,-1.5474461004964923,13,39,126.15686274509804,12.515672604613265,livecell_phase__train-MCF7_Phase_G4_2_00d04h00m_2.png
125,33.0,24.31370849898476,0.9700984339808628,0.7857142857142857,0.7014898520274542,0.9868563982591355,8,11,143.42424242424244,24.7080287565022,livecell_phase__train-MCF7_Phase_G4_2_00d04h00m_2.png
126,28.0,19.863961030678926,0.8886700113925049,0.9032258064516129,0.8917357669742538,-1.1468683075765553,6,8,128.53571428571428,1.9545211846445898,livecell_phase__train-MCF7_Phase_G4_2_00d04h00m_2.png
127,37.0,32.65685424949238,0.9947371685002034,0.5606060606060606,0.4359763108988605,-0.2366667526288327,22,6,137.59459459459458,14.741849712426001,livecell_phase__train-MCF7_Phase_G4_2_00d04h00m_2.png
128,33.0,29.86396103067893,0.9915354875042005,0.5409836065573771,0.46497433661116533,0.8557652855223971,13,14,147.0,18.0839791813169,livecell_phase__train-MCF7_Phase_G4_2_00d04h00m_2.png
129,30.0,22.242640687119284,0.9878169308796831,0.2158273381294964,0.762006062035891,-1.4035425227509544,8,32,131.66666666666666,11.492993034405307,livecell_phase__train-MCF7_Phase_G4_2_00d04h00m_2.png
130,22.0,17.65685424949238,0.9744702378243103,0.6285714285714286,0.8867595629174776,0.7497841476923479,9,9,128.22727272727272,1.67689697688152,livecell_phase__train-MCF7_Phase_G4_2_00d04h00m_2.png
131,6.0,5.207106781186548,0.9653462001463595,0.5454545454545454,2.7807897046412133,-0.7983263160770783,5,5,132.16666666666666,12.184917817622827,livecell_phase__train-MCF7_Phase_G4_2_00d04h00m_2.png
132,10.0,10.0,0.9354143466934853,1.0,1.2566370614359172,1.5707963267948966,2,5,108.9,10.587256490706173,livecell_phase__train-MCF7_Phase_G4_2_00d04h00m_2.png
133,49.0,42.41421356237309,0.9952868558472617,0.45794392523364486,0.3422812477265413,1.5042398303901008,5,34,109.28571428571429,26.563746969530193,livecell_phase__train-MCF7_Phase_G4_2_00d04h00m_2.png
134,26.0,17.071067811865476,0.9153878714383046,0.6341463414634146,1.1211451356615063,1.0271505692567469,8,10,132.65384615384616,10.377276609134267,livecell_phase__train-MCF7_Phase_G4_2_00d04h00m_2.png
135,28.0,20.485281374238568,0.9369741643750397,0.6666666666666666,0.8384632424818959,-0.9212108398998752,8,11,106.92857142857143,40.03206622859495,livecell_phase__train-MCF7_Phase_G4_2_00d04h00m_2.png
136,30.0,19.242640687119287,0.9580518105150033,0.75,1.018126585137763,1.1318446834953217,6,11,124.26666666666667,33.93123765630852,livecell_phase__train-MCF7_Phase_G4_2_00d04h00m_2.png
137,6.0,6.0,0.7905694150420949,1.0,2.0943951023931953,1.5707963267948966,2,3,137.16666666666666,27.339938226379047,livecell_phase__train-MCF7_Phase_G4_2_00d04h00m_2.png
138,1.0,0.0,0,1.0,0.0,-0.7853981633974483,1,1,179.0,0.0,livecell_phase__train-MCF7_Phase_G4_2_00d04h00m_2.png
139,5.0,1.2071067811865475,0.9928159818483835,0.3333333333333333,43.12096675621178,-0.1514424341874857,9,3,145.4,16.632498309033434,livecell_phase__train-MCF7_Phase_G4_2_00d04h00m_2.png
140,19.0,17.414213562373096,0.9954183527099959,0.4418604651162791,0.7873280650689365,0.7296679464711632,15,14,128.3684210526316,1.6610246145325789,livecell_phase__train-MCF7_Phase_G4_2_00d04h00m_2.png
141,75.0,35.55634918610404,0.8805950935225104,0.8823529411764706,0.7454813829710717,0.38258647407719304,14,9,129.2,19.236077216175513,livecell_phase__train-MCF7_Phase_G4_2_00d04h00m_2.png
142,12.0,9.65685424949238,0.9391819653073267,0.6,1.6170362533579417,0.8065868838035888,7,7,108.91666666666667,32.035028571168084,livecell_phase__train-MCF7_Phase_G4_2_00d04h00m_2.png
143,115.0,79.14213562373095,0.9918575745015515,0.5373831775700935,0.230723681917415,-1.5019553561605312,8,36,122.18260869565218,20.135878689195845,livecell_phase__train-MCF7_Phase_G4_2_00d04h00m_2.png
144,49.0,29.106601717798213,0.8821194075508813,0.8448275862068966,0.726813420002644,-0.8956850926373485,10,10,129.16326530612244,1.5952344690500249,livecell_phase__train-MCF7_Phase_G4_2_00d04h00m_2.png
145,42.0,35.48528137423857,0.984175313970357,0.6,0.4191434154102874,-0.2769388772722876,17,8,164.61904761904762,39.264640812575756,livecell_phase__train-MCF7_Phase_G4_2_00d04h00m_2.png
146,42.0,30.899494936611667,0.9808269638548622,0.7,0.5527851820784276,1.098987351067825,8,17,135.57142857142858,12.47500903166551,livecell_phase__train-MCF7_Phase_G4_2_00d04h00m_2.png
147,30.0,24.86396103067893,0.9637619830641878,0.75,0.6098043047698152,0.9932908459502999,7,11,145.76666666666668,46.22314235195276,livecell_phase__train-MCF7_Phase_G4_2_00d04h00m_2.png
148,39.0,28.106601717798213,0.9639881608433434,0.639344262295082,0.6203800049126997,1.098276638769327,10,13,132.30769230769232,12.10245545366268,livecell_phase__train-MCF7_Phase_G4_2_00d04h00m_2.png
149,57.0,49.44974746830583,0.988387674988819,0.375,0.29292508428565284,-1.2585273919269282,11,33,138.47368421052633,25.396577517147612,livecell_phase__train-MCF7_Phase_G4_2_00d04h00m_2.png
150,129.0,63.21320343559643,0.9744016447402452,0.832258064516129,0.40568035290920545,-0.2960429463116598,28,10,137.7829457364341,29.99559689659637,livecell_phase__train-MCF7_Phase_G4_2_00d04h00m_2.png
151,176.0,98.73401871576773,0.9939540477735721,0.654275092936803,0.22687618115539773,-0.3311961343355391,44,17,131.2784090909091,11.16644678636157,livecell_phase__train-MCF7_Phase_G4_2_00d04h00m_2.png
1,76.0,52.76345596729059,0.9909011629933623,0.5390070921985816,0.34304965646765156,-0.8106251314133138,20,25,156.51315789473685,39.30464463683269,livecell_phase__val-MCF7_Phase_F4_2_00d08h00m_2.png
2,33.0,29.035533905932738,0.9957651172766513,0.3402061855670103,0.4918856709617952,-0.8200335655323118,21,20,157.63636363636363,29.988703107163317,livecell_phase__val-MCF7_Phase_F4_2_00d08h00m_2.png
3,51.0,41.3492424049175,0.9916321117608141,0.5730337078651685,0.37483913444579603,-0.6689621948737586,19,17,124.2156862745098,61.75324512406256,livecell_phase__val-MCF7_Phase_F4_2_00d08h00m_2.png
4,127.0,75.49747468305833,0.9922826606293366,0.7055555555555556,0.27999400628968646,0.8029049878862756,28,29,139.73228346456693,16.347818279584743,livecell_phase__val-MCF7_Phase_F4_2_00d08h00m_2.png
5,124.0,74.42031021678298,0.9913801787540413,0.7294117647058823,0.28135108683967014,-0.3086355971285958,34,12,132.61290322580646,11.215419740623918,livecell_phase__val-MCF7_Phase_F4_2_00d08h00m_2.png
6,104.0,64.66295090390226,0.9915915535975798,0.6153846153846154,0.3125591115042115,0.9006713453994701,22,25,133.92307692307693,21.143598916644464,livecell_phase__val-MCF7_Phase_F4_2_00d08h00m_2.png
7,44.0,30.9350288425444,0.9889385305817859,0.5714285714285714,0.5777786501952303,0.9456290210081771,15,20,147.3181818181818,24.323363933836355,livecell_phase__val-MCF7_Phase_F4_2_00d08h00m_2.png
8,123.0,61.59188309203678,0.9730486667089316,0.7321428571428571,0.40744407890458234,1.203211025052093,12,30,129.4390243902439,17.98334656063021,livecell_phase__val-MCF7_Phase_F4_2_00d08h00m_2.png
9,21.0,10.207106781186548,0.9956877157555446,0.21428571428571427,2.532933818162754,1.102318042712506,16,28,128.8095238095238,15.186519860966447,livecell_phase__val-MCF7_Phase_F4_2_00d08h00m_2.png
10,131.0,80.59797974644667,0.9741529796517961,0.5282258064516129,0.2534153091748585,-0.8650441733021872,24,25,143.76335877862596,39.80330111383101,livecell_phase__val-MCF7_Phase_F4_2_00d08h00m_2.png
11,20.0,14.414213562373096,0.9900025586925549,0.35714285714285715,1.2096450568230832,1.414875178833466,4,20,129.8,4.905099387372289,livecell_phase__val-MCF7_Phase_F4_2_00d08h00m_2.png
12,50.0,35.935028842544405,0.9820772295353011,0.6329113924050633,0.486568369073485,0.517684013520323,18,11,127.22,4.509057551196259,livecell_phase__val-MCF7_Phase_F4_2_00d08h00m_2.png
13,27.0,21.520815280171306,0.9480328304419847,0.7714285714285715,0.7325819071473352,-0.6361336182871548,9,7,129.5185185185185,4.991625359653762,livecell_phase__val-MCF7_Phase_F4_2_00d08h00m_2.png
14,13.0,10.035533905932738,0.9971944339154389,0.12380952380952381,1.622079931397503,0.8070438925928937,33,35,131.92307692307693,11.458698667297652,livecell_phase__val-MCF7_Phase_F4_2_00d08h00m_2.png
15,45.0,31.76345596729059,0.9809204427526254,0.7142857142857143,0.5604887240358001,0.5679325033611596,16,11,128.86666666666667,3.9810663004889637,livecell_phase__val-MCF7_Phase_F4_2_00d08h00m_2.png
16,53.0,42.72792206135786,0.9821465693898173,0.5520833333333334,0.3648061809906115,-0.4869355172254274,23,13,142.33962264150944,18.693095684575493,livecell_phase__val-MCF7_Phase_F4_2_00d08h00m_2.png
17,40.0,33.48528137423857,0.9881844739986534,0.625,0.44829299234728925,1.0348028669583536,10,17,134.55,20.296489844305594,livecell_phase__val-MCF7_Phase_F4_2_00d08h00m_2.png
18,80.0,61.798989873223334,0.9922763188777992,0.6106870229007634,0.26323103908496553,0.4515370022874365,28,14,142.0,39.03363933839631,livecell_phase__val-MCF7_Phase_F4_2_00d08h00m_2.png
19,116.0,65.07716446627535,0.9829090082330317,0.7341772151898734,0.3441997970664327,-1.1810259280643858,13,30,128.68103448275863,4.205085463748819,livecell_phase__val-MCF7_Phase_F4_2_00d08h00m_2.png
20,35.0,26.17766952966369,0.9809949598190062,0.6481481481481481,0.6418239910153045,0.8526065831464984,13,14,135.2,20.28201173453955,livecell_phase__val-MCF7_Phase_F4_2_00d08h00m_2.png
21,36.0,24.27817459305202,0.9831680177904221,0.5294117647058824,0.767503393298974,1.2072101709978387,10,22,135.86111111111111,19.5208617435265,livecell_phase__val-MCF7_Phase_F4_2_00d08h00m_2.png
22,1.0,0.0,0,1.0,0.0,-0.7853981633974483,1,1,128.0,0.0,livecell_phase__val-MCF7_Phase_F4_2_00d08h00m_2.png
24,23.0,23.035533905932738,0.996682228026523,0.3382352941176471,0.5446796314285898,-0.7911511716657411,21,20,147.08695652173913,40.7333994391295,livecell_phase__val-MCF7_Phase_F4_2_00d08h00m_2.png
25,1.0,0.0,0,1.0,0.0,-0.7853981633974483,1,1,130.0,0.0,livecell_phase__val-MCF7_Phase_F4_2_00d08h00m_2.png
26,8.0,7.414213562373095,0.9180224958584724,0.125,1.8288145488861385,0.58265797952962,15,12,115.5,18.0,livecell_phase__val-MCF7_Phase_F4_2_00d08h00m_2.png
27,25.0,24.035533905932738,0.9915198151767073,0.46296296296296297,0.5438039094203699,-0.9323276890647616,13,16,145.16,17.398114840407278,livecell_phase__val-MCF7_Phase_F4_2_00d08h00m_2.png
28,7.0,7.414213562373095,0.9982808554948422,0.19444444444444445,1.6002127302753713,1.2350067947653924,7,17,128.28571428571428,32.30972558451927,livecell_phase__val-MCF7_Phase_F4_2_00d08h00m_2.png
29,74.0,54.00609665440987,0.9907653485568586,0.6166666666666667,0.3188276698021774,-0.6247269822385331,23,18,139.55405405405406,16.245699548954978,livecell_phase__val-MCF7_Phase_F4_2_00d08h00m_2.png
30,51.0,35.17766952966369,0.9733765824924869,0.796875,0.5178999996790777,-0.7783398580465577,12,12,144.11764705882354,25.167398035463112,livecell_phase__val-MCF7_Phase_F4_2_00d08h00m_2.png
31,52.0,45.86396103067892,0.9074462361951661,0.25870646766169153,0.3106490917086182,1.170020236080783,16,25,130.82692307692307,6.151051047917163,livecell_phase__val-MCF7_Phase_F4_2_00d08h00m_2.png
32,1.0,0.0,0,1.0,0.0,-0.7853981633974483,1,1,119.0,0.0,livecell_phase__val-MCF7_Phase_F4_2_00d08h00m_2.png
34,2.0,0.0,1.0,1.0,0.0,0.0,2,1,93.0,8.0,livecell_phase__val-MCF7_Phase_F4_2_00d08h00m_2.png
35,28.0,23.65685424949238,0.9671181269407871,0.717948717948718,0.628715123115431,-0.5517433733513807,10,7,130.60714285714286,7.067729912952883,livecell_phase__val-MCF7_Phase_F4_2_00d08h00m_2.png
36,24.0,19.899494936611667,0.9694352637056758,0.6486486486486487,0.761617646586879,0.6867664249461696,10,9,134.125,8.776448123624196,livecell_phase__val-MCF7_Phase_F4_2_00d08h00m_2.png
37,5.0,3.414213562373095,0.9963390734780804,0.1388888888888889,5.390120844526472,0.32011389903088705,17,7,123.6,11.324310133513652,livecell_phase__val-MCF7_Phase_F4_2_00d08h00m_2.png
38,31.0,24.899494936611667,0.9831590493730128,0.6888888888888889,0.628333886287714,-0.9234653209206142,10,14,131.29032258064515,10.18282408507358,livecell_phase__val-MCF7_Phase_F4_2_00d08h00m_2.png
39,7.0,5.0,1.0,1.0,3.5185837720205684,1.5707963267948966,1,7,128.57142857142858,0.7284313590846836,livecell_phase__val-MCF7_Phase_F4_2_00d08h00m_2.png
40,41.0,28.14213562373095,0.9703446656750722,0.7884615384615384,0.6505484064596259,-0.708401190569034,11,11,129.14634146341464,2.3947195529041125,livecell_phase__val-MCF7_Phase_F4_2_00d08h00m_2.png
41,38.0,27.72792206135786,0.948629623211609,0.6666666666666666,0.621096113062899,0.5327842772018095,13,10,139.18421052631578,22.699240960133555,livecell_phase__val-MCF7_Phase_F4_2_00d08h00m_2.png
42,34.0,31.035533905932738,0.9950029539566706,0.4788732394366197,0.4435783479503451,0.5579419895190415,21,14,134.97058823529412,30.59746749816132,livecell_phase__val-MCF7_Phase_F4_2_00d08h00m_2.png
43,36.0,30.863961030678926,0.9928944334001214,0.3829787234042553,0.4749075138111164,-1.131909083742032,13,23,127.52777777777777,1.40408355067779,livecell_phase__val-MCF7_Phase_F4_2_00d08h00m_2.png
44,143.0,80.76955262170047,0.9774390655419292,0.5218978102189781,0.2754549281884083,-1.0668173002789332,21,32,128.25874125874125,2.009464621713976,livecell_phase__val-MCF7_Phase_F4_2_00d08h00m_2.png
46,20.0,9.621320343559642,0.9973980073300375,0.12422360248447205,2.7150042270340355,-0.2352066234359967,39,14,146.3,31.951682271830382,livecell_phase__val-MCF7_Phase_F4_2_00d08h00m_2.png
47,31.0,23.621320343559642,0.9881394455313143,0.3263157894736842,0.6981732724203419,0.28854394869654554,21,9,127.90322580645162,2.7042957309851214,livecell_phase__val-MCF7_Phase_F4_2_00d08h00m_2.png
48,47.0,35.935028842544405,0.9810699237549385,0.734375,0.4573742669290759,-0.5364231923708763,16,9,128.87234042553192,1.8863115114299152,livecell_phase__val-MCF7_Phase_F4_2_00d08h00m_2.png
49,75.0,46.62741699796952,0.9747226287641555,0.6880733944954128,0.4334993115285473,0.9051360604626851,16,19,128.96,21.74975248901314,livecell_phase__val-MCF7_Phase_F4_2_00d08h00m_2.png
51,28.0,18.692388155425117,0.967446731018929,0.6511627906976745,1.0070205051920251,0.9743317824300435,9,13,132.82142857142858,7.901417465188362,livecell_phase__val-MCF7_Phase_F4_2_00d08h00m_2.png
52,112.0,61.4558441227157,0.9774834638372053,0.6829268292682927,0.37265032999195374,-0.4410397863512618,28,12,128.47321428571428,2.5702967499207285,livecell_phase__val-MCF7_Phase_F4_2_00d08h00m_2.png
55,5.0,4.207106781186548,0.9586907114045357,0.8333333333333334,3.5498728546441756,0.19025318855618245,4,2,160.0,15.491933384829668,livecell_phase__val-MCF7_Phase_F4_2_00d08h00m_2.png
56,28.0,20.485281374238568,0.8382990831532611,0.9032258064516129,0.8384632424818959,-0.800867502274664,7,7,147.57142857142858,36.7612262458972,livecell_phase__val-MCF7_Phase_F4_2_00d08h00m_2.png
57,9.0,8.82842712474619,0.7869526281849774,1.0,1.4510611029558727,-0.5151884132621563,4,3,128.44444444444446,1.2570787221094177,livecell_phase__val-MCF7_Phase_F4_2_00d08h00m_2.png
58,18.0,15.035533905932738,0.7406433916400923,0.3157894736842105,1.0005635102174197,-1.3527121142351461,7,14,138.44444444444446,13.901327763211935,livecell_phase__val-MCF7_Phase_F4_2_00d08h00m_2.png
59,46.0,27.071067811865476,0.8690657945967614,0.92,0.7887818742286286,-1.1571623105757314,7,11,128.80434782608697,1.9629122687143168,livecell_phase__val-MCF7_Phase_F4_2_00d08h00m_2.png
60,2.0,0.0,1.0,1.0,0.0,0.0,2,1,144.0,14.0,livecell_phase__val-MCF7_Phase_F4_2_00d08h00m_2.png
61,1.0,0.0,0,1.0,0.0,-0.7853981633974483,1,1,163.0,0.0,livecell_phase__val-MCF7_Phase_F4_2_00d08h00m_2.png
62,49.0,35.3492424049175,0.9815067978677653,0.7538461538461538,0.4927716599555385,-0.5395109849171428,15,10,128.42857142857142,2.040408122440814,livecell_phase__val-MCF7_Phase_F4_2_00d08h00m_2.png
63,24.0,21.414213562373096,0.975389612717096,0.17142857142857143,0.6576833489356907,-0.6635931470910567,22,15,133.45833333333334,9.300444284489258,livecell_phase__val-MCF7_Phase_F4_2_00d08h00m_2.png
64,26.0,22.82842712474619,0.8387697427309255,0.23423423423423423,0.6269475832442504,0.7582536777137989,13,16,132.96153846153845,16.301205168355757,livecell_phase__val-MCF7_Phase_F4_2_00d08h00m_2.png
65,59.0,48.31370849898477,0.9920344088794892,0.4645669291338583,0.31762971604484663,1.2095991444757261,10,27,133.22033898305085,13.784132115957654,livecell_phase__val-MCF7_Phase_F4_2_00d08h00m_2.png
66,24.0,17.65685424949238,0.9478496916261769,0.8275862068965517,0.9673740686372484,0.5593279799839492,9,6,132.16666666666666,14.732805420406379,livecell_phase__val-MCF7_Phase_F4_2_00d08h00m_2.png
67,56.0,42.798989873223334,0.9938610959029237,0.6746987951807228,0.3841765506534936,-0.9594784513747187,16,22,141.875,13.615986533693189,livecell_phase__val-MCF7_Phase_F4_2_00d08h00m_2.png
68,130.0,64.97056274847714,0.9736641239999217,0.6598984771573604,0.38700801498234344,1.390820799737592,11,28,128.16153846153847,37.11868777648963,livecell_phase__val-MCF7_Phase_F4_2_00d08h00m_2.png
69,13.0,11.82842712474619,0.8749777153701138,0.7647058823529411,1.1676138000715148,-0.8835924188198958,5,5,134.23076923076923,10.386039788350857,livecell_phase__val-MCF7_Phase_F4_2_00d08h00m_2.png
70,48.0,40.27817459305202,0.9851455778855995,0.2774566473988439,0.3718018455532865,0.3194743383545481,37,11,131.375,7.674701405700854,livecell_phase__val-MCF7_Phase_F4_2_00d08h00m_2.png
71,20.0,21.692388155425117,0.992751016439244,0.3508771929824561,0.5341031333789472,-0.6384254477504023,16,13,136.95,18.596975560558228,livecell_phase__val-MCF7_Phase_F4_2_00d08h00m_2.png
72,42.0,38.82842712474619,0.9947580828390403,0.7924528301886793,0.350073758829289,0.012184353457168076,21,3,134.88095238095238,14.501563759606166,livecell_phase__val-MCF7_Phase_F4_2_00d08h00m_2.png
73,159.0,90.80508652763321,0.9940519263231989,0.6943231441048034,0.24231853525819977,-1.123962736819537,20,42,128.52201257861634,2.3252415252582206,livecell_phase__val-MCF7_Phase_F4_2_00d08h00m_2.png
74,2.0,0.0,1.0,1.0,0.0,1.5707963267948966,1,2,126.0,1.0,livecell_phase__val-MCF7_Phase_F4_2_00d08h00m_2.png
75,98.0,49.55634918610404,0.9431733506746296,0.7777777777777778,0.5014611945168765,1.0590065443537393,12,19,128.35714285714286,2.12492496866336,livecell_phase__val-MCF7_Phase_F4_2_00d08h00m_2.png
76,4.0,0.0,0.8668414980394105,0.15384615384615385,0.0,-0.9814266726550817,6,8,128.75,1.920286436967152,livecell_phase__val-MCF7_Phase_F4_2_00d08h00m_2.png
77,2.0,0.0,1.0,0.6666666666666666,0.0,1.5707963267948966,1,3,131.5,0.5,livecell_phase__val-MCF7_Phase_F4_2_00d08h00m_2.png
78,118.0,61.14213562373095,0.9564777210498392,0.3782051282051282,0.3966529268309687,-0.290065799361914,35,18,128.135593220339,1.7413965476666204,livecell_phase__val-MCF7_Phase_F4_2_00d08h00m_2.png
79,29.0,25.82842712474619,0.9848505704045455,0.6444444444444445,0.5462757758090683,-1.095949836735717,7,13,127.96551724137932,2.326500385301104,livecell_phase__val-MCF7_Phase_F4_2_00d08h00m_2.png
80,77.0,47.14213562373095,0.9766802587070769,0.7475728155339806,0.43539364247964846,1.213100170618542,10,25,128.94805194805195,3.19454122022099,livecell_phase__val-MCF7_Phase_F4_2_00d08h00m_2.png
81,69.0,47.59188309203678,0.9826490867642086,0.7040816326530612,0.3828187286149898,-1.0042324069133874,12,22,130.05797101449275,10.054754528920185,livecell_phase__val-MCF7_Phase_F4_2_00d08h00m_2.png
82,23.0,19.86396103067893,0.9744909755469163,0.696969696969697,0.7324972371574224,-0.8947326363344194,9,10,137.69565217391303,12.484546212813926,livecell_phase__val-MCF7_Phase_F4_2_00d08h00m_2.png
83,10.0,8.82842712474619,0.9619698850479327,0.5,1.612290114395414,-1.0412897408009585,6,7,133.6,19.18436863699194,livecell_phase__val-MCF7_Phase_F4_2_00d08h00m_2.png
84,13.0,10.0,0.8862879387591727,0.13,1.6336281798666925,0.42078685830506324,16,12,114.23076923076923,52.73614122891412,livecell_phase__val-MCF7_Phase_F4_2_00d08h00m_2.png
85,20.0,18.242640687119284,0.9458714087088523,0.6666666666666666,0.7552042950711098,0.9333562454550977,7,8,129.4,4.042276586281548,livecell_phase__val-MCF7_Phase_F4_2_00d08h00m_2.png
86,3.0,1.0,1.0,1.0,37.69911184307752,1.5707963267948966,1,3,136.0,11.045361017187261,livecell_phase__val-MCF7_Phase_F4_2_00d08h00m_2.png
87,7.0,4.0,0.8050435064591376,0.07368421052631578,5.497787143782138,-0.7783845953753663,16,15,131.42857142857142,6.343886660335577,livecell_phase__val-MCF7_Phase_F4_2_00d08h00m_2.png
88,26.0,19.692388155425117,0.9371820766730735,0.8125,0.8425320625303121,1.0201306029175266,6,9,127.23076923076923,10.764284578419836,livecell_phase__val-MCF7_Phase_F4_2_00d08h00m_2.png
89,173.0,74.21320343559643,0.9801778220395079,0.7489177489177489,0.3947240700696232,-0.26529863365756706,35,14,130.03468208092485,10.637971010068894,livecell_phase__val-MCF7_Phase_F4_2_00d08h00m_2.png
90,45.0,30.31370849898476,0.9417350677168895,0.7258064516129032,0.6153812189015786,0.6744881815597296,11,11,134.6,13.514436725220921,livecell_phase__val-MCF7_Phase_F4_2_00d08h00m_2.png
91,88.0,54.87005768508881,0.9811398612580244,0.7096774193548387,0.3673006548428406,-1.0813481361669903,13,22,135.47727272727272,17.657072541726777,livecell_phase__val-MCF7_Phase_F4_2_00d08h00m_2.png
92,2.0,0.0,1.0,1.0,0.0,1.5707963267948966,1,2,116.0,7.0,livecell_phase__val-MCF7_Phase_F4_2_00d08h00m_2.png
93,284.0,76.5269119345812,0.9240243381265377,0.8632218844984803,0.6093963190121853,1.053528671208621,20,33,133.69718309859155,18.19533659362221,livecell_phase__val-MCF7_Phase_F4_2_00d08h00m_2.png
94,20.0,19.106601717798213,0.9743575294595056,0.25316455696202533,0.6884508781863713,-0.6207472387448132,20,12,115.75,30.85591515414832,livecell_phase__val-MCF7_Phase_F4_2_00d08h00m_2.png
95,89.0,50.384776310850235,0.9549100263041287,0.717741935483871,0.4405560818884721,-0.393224277147822,21,10,145.98876404494382,42.317816892678934,livecell_phase__val-MCF7_Phase_F4_2_00d08h00m_2.png
96,11.0,10.621320343559642,0.9960431918133222,0.3235294117647059,1.2253087478784972,-1.251902597765554,6,16,135.36363636363637,12.942338746586916,livecell_phase__val-MCF7_Phase_F4_2_00d08h00m_2.png
97,18.0,15.414213562373096,0.9405579080596511,0.6428571428571429,0.9520058684836014,0.9571537389478427,6,8,128.44444444444446,1.674057685924374,livecell_phase__val-MCF7_Phase_F4_2_00d08h00m_2.png
98,8.0,8.414213562373096,0.9325316965091067,1.0,1.4199491418576702,-1.380543138238714,2,5,142.5,8.660254037844387,livecell_phase__val-MCF7_Phase_F4_2_00d08h00m_2.png
99,11.0,10.035533905932738,0.8601552823068908,0.8461538461538461,1.3725291727209639,-1.0053194548053164,4,5,158.36363636363637,23.48412511104906,livecell_phase__val-MCF7_Phase_F4_2_00d08h00m_2.png
100,71.0,58.04163056034262,0.9945336455875506,0.4226190476190476,0.2648433079317505,0.6546961950645479,30,24,127.61971830985915,16.915170453470058,livecell_phase__val-MCF7_Phase_F4_2_00d08h00m_2.png
101,61.0,44.935028842544405,0.9600506281798216,0.5304347826086957,0.3796379761054614,0.4125511862923394,18,14,135.36065573770492,11.931543517816504,livecell_phase__val-MCF7_Phase_F4_2_00d08h00m_2.png
102,49.0,29.86396103067893,0.9274389879135466,0.8909090909090909,0.6904164392105181,0.014955171365858297,15,5,139.24489795918367,18.153012469677904,livecell_phase__val-MCF7_Phase_F4_2_00d08h00m_2.png
103,11.0,9.414213562373096,0.7084437526351621,1.0,1.5596762428619324,0.26303320949838166,4,3,134.0,4.805300104146368,livecell_phase__val-MCF7_Phase_F4_2_00d08h00m_2.png
104,1.0,0.0,0,1.0,0.0,-0.7853981633974483,1,1,122.0,0.0,livecell_phase__val-MCF7_Phase_F4_2_00d08h00m_2.png
105,108.0,63.34924240491749,0.9623535579004265,0.4778761061946903,0.3381822182432441,0.18009498048004866,28,10,135.80555555555554,16.35115713049608,livecell_phase__val-MCF7_Phase_F4_2_00d08h00m_2.png
106,92.0,58.59188309203678,0.9746130420667954,0.5935483870967742,0.33676176669085056,1.0309361508153765,17,25,128.2173913043478,1.6072261208064804,livecell_phase__val-MCF7_Phase_F4_2_00d08h00m_2.png
107,114.0,51.071067811865476,0.9694189719940663,0.890625,0.54924338960777,1.5422092109509333,6,22,127.13157894736842,9.905264556183132,livecell_phase__val-MCF7_Phase_F4_2_00d08h00m_2.png
108,43.0,40.242640687119284,0.908333750964776,0.14930555555555555,0.33366094661679313,-0.5749781071245057,29,22,131.46511627906978,18.553942522440185,livecell_phase__val-MCF7_Phase_F4_2_00d08h00m_2.png
109,30.0,22.520815280171306,0.9444697580605025,0.9090909090909091,0.7432978932390852,-0.7659653098350909,8,8,129.73333333333332,4.611097724210821,livecell_phase__val-MCF7_Phase_F4_2_00d08h00m_2.png
110,51.0,32.14213562373095,0.9748044628467346,0.6,0.6203411368225884,1.0576920618432786,13,20,136.3921568627451,24.514964162669354,livecell_phase__val-MCF7_Phase_F4_2_00d08h00m_2.png
111,102.0,76.04163056034261,0.9591647500394845,0.27055702917771884,0.22167013922559506,1.1908640930884467,17,31,136.6078431372549,23.311259949774968,livecell_phase__val-MCF7_Phase_F4_2_00d08h00m_2.png
112,25.0,19.65685424949238,0.9095350143781316,0.8064516129032258,0.8130585809961922,-0.9713569790228389,6,7,128.92,1.9782820830205181,livecell_phase__val-MCF7_Phase_F4_2_00d08h00m_2.png
113,5.0,1.0,0.986563726862104,0.20833333333333334,62.83185307179586,0.7748065276079685,10,9,133.4,7.914543574963752,livecell_phase__val-MCF7_Phase_F4_2_00d08h00m_2.png
114,30.0,28.106601717798213,0.9867807782173557,0.5454545454545454,0.4772153883943844,0.48335924720897266,16,9,135.2,9.414173711307152,livecell_phase__val-MCF7_Phase_F4_2_00d08h00m_2.png
115,1.0,0.0,0,1.0,0.0,-0.7853981633974483,1,1,122.0,0.0,livecell_phase__val-MCF7_Phase_F4_2_00d08h00m_2.png
116,2.0,0.0,1.0,1.0,0.0,0.0,2,1,126.0,2.0,livecell_phase__val-MCF7_Phase_F4_2_00d08h00m_2.png
117,30.0,23.035533905932738,0.9918079720923763,0.32967032967032966,0.7104516931677258,1.0121313274637862,17,27,144.6,18.5321342537766,livecell_phase__val-MCF7_Phase_F4_2_00d08h00m_2.png
