label,area,perimeter,eccentricity,solidity,circularity,orientation,bbox_w,bbox_h,mean_intensity,std_intensity,source
1,3556.0,246.79393923933998,0.5126026127704797,0.9277328463344638,0.7336731677316599,0.2942120179796248,75,70,127.80286839145107,11.479585376277779,livecell_phase__test-Huh7_Phase_A12_1_00d00h00m_3.png
2,2862.0,221.1370849898476,0.4501483804425598,0.9340731070496083,0.735455385520943,1.4268253879177781,61,63,127.92173305380852,7.651166269558848,livecell_phase__test-Huh7_Phase_A12_1_00d00h00m_3.png
3,2451.0,211.2731239591687,0.7296444756624877,0.9145522388059701,0.6900247482167702,-0.7008158127512236,57,62,127.65850673194615,13.990105061457388,livecell_phase__test-Huh7_Phase_A12_1_00d00h00m_3.png
4,2385.0,208.75230867899734,0.7567135085004538,0.9158986175115207,0.6877580350641304,-1.194615940338595,55,66,127.69853249475891,13.00885434415639,livecell_phase__test-Huh7_Phase_A12_1_00d00h00m_3.png
5,1967.0,188.06601717798213,0.841570875088723,0.933111954459203,0.6988654479891213,0.7422864854603481,59,59,128.08083375699033,7.411643494845223,livecell_phase__test-Huh7_Phase_A12_1_00d00h00m_3.png
6,1890.0,192.65180361560903,0.8599588644451654,0.8974358974358975,0.6399197434783527,0.44218564002909144,63,50,127.54761904761905,13.885552887341232,livecell_phase__test-Huh7_Phase_A12_1_00d00h00m_3.png
7,1706.0,167.92388155425118,0.7890856538895656,0.9276780859162589,0.7602631873813769,0.35857530396770276,58,45,127.75146541617819,13.386372603325528,livecell_phase__test-Huh7_Phase_A12_1_00d00h00m_3.png
8,1685.0,159.78174593052023,0.7830461605865736,0.9734257654534951,0.8293836018925116,-0.5538503288689482,53,45,127.6486646884273,10.167557923217723,livecell_phase__test-Huh7_Phase_A12_1_00d00h00m_3.png
9,1614.0,166.26702730475878,0.7388061588754824,0.9345686160972785,0.7336706237698846,0.19508138227445843,58,41,127.60223048327137,16.42572995913338,livecell_phase__test-Huh7_Phase_A12_1_00d00h00m_3.png
10,1581.0,148.12489168102783,0.3767465466361682,0.9753238741517581,0.9054941365386887,0.40994383977670096,46,45,127.93864642631246,10.04188094900043,livecell_phase__test-Huh7_Phase_A12_1_00d00h00m_3.png
11,1416.0,143.0538238691624,0.5463636610185045,0.9685362517099864,0.8695091873059363,-0.7161986972796152,44,43,127.954802259887,8.472250622509723,livecell_phase__test-Huh7_Phase_A12_1_00d00h00m_3.png
12,1269.0,149.39696961967,0.7340486534038738,0.9202320522117476,0.7144764352142556,0.22040023295297548,50,34,127.74152876280536,11.297859286415036,livecell_phase__test-Huh7_Phase_A12_1_00d00h00m_3.png
13,1232.0,158.0243866176395,0.5748963791870876,0.8688293370944993,0.6199723848288662,0.08602712172595009,51,41,127.62581168831169,11.769722987874097,livecell_phase__test-Huh7_Phase_A12_1_00d00h00m_3.png
14,1214.0,129.05382386916236,0.528610171479653,0.9751004016064257,0.9159816981565486,-0.011604215019188553,43,37,127.74217462932455,10.654229371860716,livecell_phase__test-Huh7_Phase_A12_1_00d00h00m_3.png
15,1221.0,131.9827560572969,0.6236153228268531,0.969047619047619,0.880828061332134,0.21017089228750244,45,35,127.64209664209665,14.284938094858958,livecell_phase__test-Huh7_Phase_A12_1_00d00h00m_3.png
16,1196.0,134.46803743153546,0.6409526173546599,0.9424743892829,0.8311949786556283,1.0817863927312774,40,42,127.8185618729097,10.536273858822746,livecell_phase__test-Huh7_Phase_A12_1_00d00h00m_3.png
17,1110.0,123.39696961966999,0.5581394883880046,0.9779735682819384,0.91605986072232,-0.4551403253265381,40,36,127.6036036036036,9.90675379717417,livecell_phase__test-Huh7_Phase_A12_1_00d00h00m_3.png
18,1078.0,143.88225099390854,0.8769305692341598,0.9205807002561913,0.6543561336632835,-0.5312890579494005,50,37,127.87940630797773,9.854334383459712,livecell_phase__test-Huh7_Phase_A12_1_00d00h00m_3.png
19,968.0,124.22539674441617,0.6017757583654855,0.9325626204238922,0.7882508294940611,-0.005360440279479189,42,34,127.98553719008264,13.200762152453233,livecell_phase__test-Huh7_Phase_A12_1_00d00h00m_3.png
20,793.0,131.5685424949238,0.6834020238425842,0.7914171656686627,0.5756770604559374,0.9059895658605183,37,37,128.35435056746533,20.522906572591438,livecell_phase__test-Huh7_Phase_A12_1_00d00h00m_3.png
21,947.0,149.53910524340094,0.9472164705510056,0.8493273542600897,0.5321698763486874,0.48281017534638776,55,37,127.00844772967265,18.68004182079853,livecell_phase__test-Huh7_Phase_A12_1_00d00h00m_3.png
22,914.0,131.0538238691624,0.8429541369008291,0.9185929648241206,0.6687390212881515,-0.4637252283285338,46,32,127.66520787746171,13.037043402088784,livecell_phase__test-Huh7_Phase_A12_1_00d00h00m_3.png
23,874.0,181.78174593052023,0.8933481105627885,0.8033088235294118,0.33236918797042964,-1.426830939861646,24,56,127.03661327231121,16.8878664272904,livecell_phase__test-Huh7_Phase_A12_1_00d00h00m_3.png
24,842.0,134.02438661763952,0.8648194463395495,0.8206627680311891,0.5890529006944943,-0.7608180345233948,41,44,127.43942992874109,10.681605102277677,livecell_phase__test-Huh7_Phase_A12_1_00d00h00m_3.png
25,862.0,146.12489168102783,0.9399930152418482,0.7662222222222222,0.5073045124590426,-0.5428313444509778,50,40,127.23317865429235,17.226892155291143,livecell_phase__test-Huh7_Phase_A12_1_00d00h00m_3.png
26,636.0,138.4680374315355,0.9498574919236067,0.795,0.41683857837536903,0.5239658574393861,48,32,128.97955974842768,15.805158693148657,livecell_phase__test-Huh7_Phase_A12_1_00d00h00m_3.png
27,747.0,113.05382386916239,0.3706067040856353,0.9199507389162561,0.7344461410893737,-0.5303568680422898,36,33,127.63186077643908,11.172120691300806,livecell_phase__test-Huh7_Phase_A12_1_00d00h00m_3.png
28,629.0,112.81118318204307,0.5850985112558933,0.8616438356164383,0.6210923800301899,-1.0009118966823318,32,33,127.68362480127186,31.817245459678308,livecell_phase__test-Huh7_Phase_A12_1_00d00h00m_3.png
29,595.0,98.66904755831213,0.5491981997917736,0.9097859327217125,0.7680066096688587,0.5766130937544478,30,30,127.0873949579832,28.148569092464573,livecell_phase__test-Huh7_Phase_A12_1_00d00h00m_3.png
30,567.0,95.84062043356593,0.6202722241318681,0.9219512195121952,0.7756998186505892,-0.9824301825486994,28,29,127.37037037037037,25.030218851842168,livecell_phase__test-Huh7_Phase_A12_1_00d00h00m_3.png
31,528.0,115.87615433949868,0.8902391558130037,0.8036529680365296,0.4941464042257763,-0.09659363543125338,43,24,127.90530303030303,22.602178141195914,livecell_phase__test-Huh7_Phase_A12_1_00d00h00m_3.png
32,499.0,87.70458146424488,0.7085974996599238,0.922365988909427,0.8152031494470197,-0.15429549111299987,35,23,127.99398797595191,13.625758199118955,livecell_phase__test-Huh7_Phase_A12_1_00d00h00m_3.png
33,501.0,90.04163056034261,0.8430345551570847,0.9766081871345029,0.7765347368221407,1.4800588457558048,18,34,127.90219560878243,18.250213002056164,livecell_phase__test-Huh7_Phase_A12_1_00d00h00m_3.png
34,354.0,84.5269119345812,0.772549936484955,0.8509615384615384,0.6226200759961797,0.15631525289760548,26,20,128.59322033898306,17.038459630452788,livecell_phase__test-Huh7_Phase_A12_1_00d00h00m_3.png
35,365.0,110.45584412271572,0.9695256583460958,0.8508158508158508,0.37594588070696944,-0.1116765123720103,51,13,127.56164383561644,12.983853303733564,livecell_phase__test-Huh7_Phase_A12_1_00d00h00m_3.png
36,322.0,68.76955262170047,0.5772416388483492,0.930635838150289,0.8556050467910615,1.0924497221287675,21,23,130.2608695652174,44.803022543769536,livecell_phase__test-Huh7_Phase_A12_1_00d00h00m_3.png
37,310.0,63.698484809834994,0.5557194827273121,0.9657320872274143,0.9600931121004849,0.9394702528719017,20,20,127.17096774193548,49.690264468348765,livecell_phase__test-Huh7_Phase_A12_1_00d00h00m_3.png
38,266.0,60.18376618407356,0.6643670867905015,0.9708029197080292,0.9228535294605859,0.8965969520447021,20,20,128.09022556390977,24.024254237716605,livecell_phase__test-Huh7_Phase_A12_1_00d00h00m_3.png
39,248.0,60.2842712474619,0.4316230088154456,0.9219330855018587,0.8575382770773572,-0.8560956234104736,19,18,128.18951612903226,21.08088232892231,livecell_phase__test-Huh7_Phase_A12_1_00d00h00m_3.png
40,241.0,56.87005768508881,0.47607869881815,0.94140625,0.9363960413997997,-1.2350900613427855,17,19,132.1825726141079,46.79672501596485,livecell_phase__test-Huh7_Phase_A12_1_00d00h00m_3.png
41,228.0,56.526911934581186,0.6894169415279197,0.9382716049382716,0.8966732003661432,-1.3929578276098296,16,21,127.05701754385964,27.414640951020615,livecell_phase__test-Huh7_Phase_A12_1_00d00h00m_3.png
42,234.0,57.55634918610405,0.7346211683842204,0.9629629629629629,0.8876448628331798,1.4796099286963116,14,20,127.07692307692308,21.816113329118792,livecell_phase__test-Huh7_Phase_A12_1_00d00h00m_3.png
43,209.0,56.21320343559643,0.6814512843745658,0.885593220338983,0.8311501347868863,0.10057132749125346,19,15,127.24401913875599,45.7999892931562,livecell_phase__test-Huh7_Phase_A12_1_00d00h00m_3.png
44,227.0,57.698484809834994,0.6738033469846759,0.926530612244898,0.8568541493723449,0.7455209683975095,19,18,127.0704845814978,17.721645124891246,livecell_phase__test-Huh7_Phase_A12_1_00d00h00m_3.png
45,210.0,52.62741699796952,0.3025856076589677,0.958904109589041,0.952807240666353,0.7602016944610133,17,16,134.1809523809524,46.12452729449474,livecell_phase__test-Huh7_Phase_A12_1_00d00h00m_3.png
46,173.0,46.62741699796952,0.5397649091637249,0.9664804469273743,0.9999384119258492,0.9035792616014796,15,15,128.64739884393063,45.12599518249837,livecell_phase__test-Huh7_Phase_A12_1_00d00h00m_3.png
47,164.0,52.04163056034262,0.8419327079231003,0.9265536723163842,0.7609426409893042,-0.608668939483863,17,16,124.13414634146342,16.79268292682927,livecell_phase__test-Huh7_Phase_A12_1_00d00h00m_3.png
48,93.0,40.14213562373095,0.8619334211974639,0.93,0.7252568924036911,1.5545895715593607,8,17,127.82795698924731,9.489806252386163,livecell_phase__test-Huh7_Phase_A12_1_00d00h00m_3.png
1,2569.0,243.51576464628795,0.7180382724888268,0.9090587402689313,0.5444021164583559,-0.5098221180622506,71,53,127.98637602179836,8.029250805266594,livecell_phase__test-Huh7_Phase_A12_1_00d12h00m_2.png
2,2325.0,190.16652224137044,0.6464907649506597,0.957972805933251,0.8079131795043211,-0.7339794024675089,61,56,127.77032258064516,15.020693285519885,livecell_phase__test-Huh7_Phase_A12_1_00d12h00m_2.png
3,2081.0,181.6812408671319,0.6454877795218827,0.943336355394379,0.7922491271834761,1.0079128293136084,54,57,127.72176838058625,9.776598875896584,livecell_phase__test-Huh7_Phase_A12_1_00d12h00m_2.png
4,1758.0,165.29646455628165,0.749761336592379,0.9528455284552846,0.8085401770379852,-0.8982723020192603,48,50,127.74687144482367,6.151868191740418,livecell_phase__test-Huh7_Phase_A12_1_00d12h00m_2.png
5,1663.0,159.88225099390854,0.26917913774095564,0.9384875846501128,0.817526059325053,0.02149012107328419,50,46,127.69392663860494,9.160400299629856,livecell_phase__test-Huh7_Phase_A12_1_00d12h00m_2.png
6,1534.0,161.68124086713192,0.7657027265517049,0.9510229386236826,0.7374217729996579,0.8909784786967697,47,54,127.55084745762711,6.540393689049675,livecell_phase__test-Huh7_Phase_A12_1_00d12h00m_2.png
7,1157.0,207.54520189781084,0.8279527310462799,0.7208722741433021,0.3375342343597619,-0.1822879976944644,55,42,128.50043215211755,15.851058322487184,livecell_phase__test-Huh7_Phase_A12_1_00d12h00m_2.png
8,1398.0,142.61017305526642,0.4408460989817433,0.966804979253112,0.8638056127749546,0.5430734669068945,45,44,127.77324749642347,11.959071818195824,livecell_phase__test-Huh7_Phase_A12_1_00d12h00m_2.png
9,1371.0,150.22539674441617,0.6680910559736608,0.9594121763470959,0.7634148427526647,1.3968441300325787,35,50,127.89569657184536,8.864902423281729,livecell_phase__test-Huh7_Phase_A12_1_00d12h00m_2.png
10,1310.0,183.29646455628165,0.964053703365607,0.8815612382234186,0.4899739411274693,1.3124442283256748,34,72,127.53740458015267,10.625536975225648,livecell_phase__test-Huh7_Phase_A12_1_00d12h00m_2.png
11,1231.0,137.63961030678928,0.4896428215838061,0.9396946564885497,0.8165467381032137,-0.20659485643435233,46,36,127.67424857839156,11.496913500965729,livecell_phase__test-Huh7_Phase_A12_1_00d12h00m_2.png
12,1173.0,146.22539674441617,0.8115860761426157,0.9043947571318427,0.6893856822613974,1.1758547760995774,36,50,127.83120204603581,11.197391076799176,livecell_phase__test-Huh7_Phase_A12_1_00d12h00m_2.png
13,1090.0,138.12489168102783,0.7941258862618998,0.8919803600654664,0.7179471255567472,1.2039148867386884,38,47,127.36422018348624,11.342394476709082,livecell_phase__test-Huh7_Phase_A12_1_00d12h00m_2.png
14,1003.0,154.36753236814712,0.7038792082352733,0.9093381686310064,0.528930819935038,0.5565893484550613,41,37,127.39082751744766,13.399632277701789,livecell_phase__test-Huh7_Phase_A12_1_00d12h00m_2.png
15,1086.0,146.12489168102783,0.9164109914767746,0.9354005167958657,0.6391330632604643,-1.0072740476362962,39,51,127.72744014732965,6.167350189853126,livecell_phase__test-Huh7_Phase_A12_1_00d12h00m_2.png
16,1033.0,139.88225099390857,0.7889132846798523,0.8829059829059829,0.6634145019392433,0.6359982045527032,43,43,127.33591481122943,7.925868876333004,livecell_phase__test-Huh7_Phase_A12_1_00d12h00m_2.png
17,1063.0,144.29646455628165,0.8184845540779407,0.8814262023217247,0.6415518292489438,1.3664959378697268,35,51,127.57761053621824,15.92011298015221,livecell_phase__test-Huh7_Phase_A12_1_00d12h00m_2.png
18,1067.0,154.8528137423857,0.9137312775188787,0.8536,0.5591599807757569,-0.43988428907495947,58,37,127.75164011246486,7.1187006800319095,livecell_phase__test-Huh7_Phase_A12_1_00d12h00m_2.png
19,975.0,155.25483399593904,0.9445672955346291,0.9137769447047798,0.508304807594803,1.3508091751709952,24,65,127.6676923076923,9.08920646490857,livecell_phase__test-Huh7_Phase_A12_1_00d12h00m_2.png
20,955.0,123.84062043356593,0.6533054438347257,0.9173871277617676,0.7825047767374593,0.14388059556691002,37,33,127.65759162303665,12.367286372126733,livecell_phase__test-Huh7_Phase_A12_1_00d12h00m_2.png
21,948.0,170.39696961967,0.918176946694876,0.7590072057646117,0.4102933401171334,0.06844532091815103,62,25,127.72362869198312,9.823634137959147,livecell_phase__test-Huh7_Phase_A12_1_00d12h00m_2.png
22,928.0,118.22539674441617,0.5344743293689517,0.9469387755102041,0.8343269650927275,-0.5903594325245693,38,35,127.5,13.654211804421374,livecell_phase__test-Huh7_Phase_A12_1_00d12h00m_2.png
23,708.0,162.61017305526642,0.753253945696501,0.6996047430830039,0.3364710455607858,-0.06774211411319139,46,34,127.70056497175142,12.48346475687636,livecell_phase__test-Huh7_Phase_A12_1_00d12h00m_2.png
24,909.0,127.18986283848344,0.6761720896448241,0.9154078549848943,0.7061041260919847,0.4498697026916682,41,34,127.62706270627062,12.532052382465531,livecell_phase__test-Huh7_Phase_A12_1_00d12h00m_2.png
25,847.0,135.53910524340094,0.8621102686469068,0.8263414634146341,0.579380728745193,1.1531361483029439,36,48,128.19244391971665,13.39287514512826,livecell_phase__test-Huh7_Phase_A12_1_00d12h00m_2.png
26,860.0,125.63961030678928,0.7296150789189899,0.8625877632898696,0.6846287833126573,-0.5340256662604606,40,37,126.91976744186047,14.077421471802069,livecell_phase__test-Huh7_Phase_A12_1_00d12h00m_2.png
27,830.0,116.91168824543142,0.7545908282843208,0.9191583610188261,0.763083551942171,-0.9920039866598696,32,38,127.47951807228915,16.878986429886,livecell_phase__test-Huh7_Phase_A12_1_00d12h00m_2.png
28,820.0,135.39696961967002,0.9159206984410861,0.8798283261802575,0.5620899596581455,1.2880705482722514,25,54,127.90365853658537,8.270531659584117,livecell_phase__test-Huh7_Phase_A12_1_00d12h00m_2.png
29,769.0,108.5685424949238,0.6892260097300853,0.9505562422744128,0.8198382726091497,-1.557088463491942,28,40,127.88426527958387,10.80665279428523,livecell_phase__test-Huh7_Phase_A12_1_00d12h00m_2.png
30,770.0,151.26093065034894,0.7777514236647483,0.7454017424975798,0.42290912213429654,1.3525991287586314,31,51,126.81818181818181,18.98080183376499,livecell_phase__test-Huh7_Phase_A12_1_00d12h00m_2.png
31,779.0,116.32590180780451,0.8641420325654137,0.9476885644768857,0.723426586836946,0.5382535678573902,42,29,128.1925545571245,8.828352971855828,livecell_phase__test-Huh7_Phase_A12_1_00d12h00m_2.png
32,617.0,127.71677477306463,0.9366343580206073,0.7879948914431673,0.4753342873972135,1.0651925852797135,34,56,127.38897893030794,16.544652269857846,livecell_phase__test-Huh7_Phase_A12_1_00d12h00m_2.png
33,741.0,133.49747468305833,0.8936587594720161,0.78,0.5224947983029093,-0.5002828415942565,43,31,128.82726045883942,14.947315906837616,livecell_phase__test-Huh7_Phase_A12_1_00d12h00m_2.png
34,716.0,134.61017305526644,0.9525311684894108,0.9179487179487179,0.4965547276962546,0.8758642568856412,38,49,127.87290502793296,12.11867725819064,livecell_phase__test-Huh7_Phase_A12_1_00d12h00m_2.png
35,698.0,101.21320343559643,0.6648075714773332,0.9707927677329624,0.8562309957326159,0.22751335743545928,31,26,127.51289398280802,10.153858213040838,livecell_phase__test-Huh7_Phase_A12_1_00d12h00m_2.png
36,670.0,175.81727983645294,0.8371038774746603,0.5317460317460317,0.2723714316548932,1.0120187272548296,36,58,126.47313432835821,23.320128273946075,livecell_phase__test-Huh7_Phase_A12_1_00d12h00m_2.png
37,587.0,109.59797974644667,0.8878517080994753,0.9622950819672131,0.6141053314531928,1.2328201845867939,23,42,128.03066439523,6.330135065731363,livecell_phase__test-Huh7_Phase_A12_1_00d12h00m_2.png
38,563.0,93.98275605729688,0.7302553092336879,0.9430485762144054,0.8009804306374435,-0.8539784594006874,30,31,128.28241563055062,11.943182238415536,livecell_phase__test-Huh7_Phase_A12_1_00d12h00m_2.png
39,481.0,109.29646455628166,0.9601773356497268,0.8166383701188455,0.5059909072239009,-0.7551554681428632,36,35,126.17671517671518,20.821585393911892,livecell_phase__test-Huh7_Phase_A12_1_00d12h00m_2.png
40,363.0,118.97665940288702,0.9145629090190376,0.7408163265306122,0.322250015981255,-1.4773862167187548,16,40,127.77961432506888,8.060441296904383,livecell_phase__test-Huh7_Phase_A12_1_00d12h00m_2.png
41,429.0,79.35533905932738,0.8185650523288117,0.9727891156462585,0.856080989525978,-0.26629247463597305,31,18,128.54778554778554,9.456102776069326,livecell_phase__test-Huh7_Phase_A12_1_00d12h00m_2.png
42,357.0,79.66904755831214,0.8362461122174797,0.9321148825065274,0.706803725067383,1.2045206102437185,19,33,127.12605042016807,15.350191171273948,livecell_phase__test-Huh7_Phase_A12_1_00d12h00m_2.png
43,354.0,77.01219330881975,0.8042673185937178,0.9030612244897959,0.7500567806000266,-0.020811975521707916,29,18,126.12429378531074,21.450279591598754,livecell_phase__test-Huh7_Phase_A12_1_00d12h00m_2.png
44,327.0,66.76955262170047,0.3731670209240265,0.9533527696793003,0.9217235504110015,0.27412943266690815,23,20,127.0,16.204729932067792,livecell_phase__test-Huh7_Phase_A12_1_00d12h00m_2.png
45,283.0,61.35533905932738,0.3364514865784921,0.956081081081081,0.9446949171640129,0.847324755498778,20,20,127.81978798586573,32.73568034188714,livecell_phase__test-Huh7_Phase_A12_1_00d12h00m_2.png
46,294.0,67.94112549695427,0.8182432230258889,0.9423076923076923,0.8003716929973246,-1.03642264896247,18,25,127.27551020408163,14.35135913749751,livecell_phase__test-Huh7_Phase_A12_1_00d12h00m_2.png
47,178.0,51.698484809834994,0.8494434154571645,0.9417989417989417,0.8369012886105966,-0.5232071822273044,19,15,125.4494382022472,30.691473484148712,livecell_phase__test-Huh7_Phase_A12_1_00d12h00m_2.png
48,167.0,46.384776310850235,0.6219549703274664,0.9653179190751445,0.9753834942225338,0.4214198843899745,16,13,127.13173652694611,16.982749577498314,livecell_phase__test-Huh7_Phase_A12_1_00d12h00m_2.png
49,158.0,46.970562748477136,0.6590664575766826,0.9239766081871345,0.8999438720633391,1.3208383604199114,13,15,125.75949367088607,27.277855436452207,livecell_phase__test-Huh7_Phase_A12_1_00d12h00m_2.png
50,135.0,43.4558441227157,0.5838108591574042,0.9440559440559441,0.8983534740877456,-0.3728339615710779,16,13,124.5925925925926,27.438900824625772,livecell_phase__test-Huh7_Phase_A12_1_00d12h00m_2.png
51,130.0,40.970562748477136,0.537382400903943,0.9420289855072463,0.9732162635950576,0.2627969346926063,14,12,123.55384615384615,37.169686064455504,livecell_phase__test-Huh7_Phase_A12_1_00d12h00m_2.png
52,83.0,31.556349186104043,0.47238613301544674,0.9431818181818182,1.0474045356262338,1.0184607389773528,10,11,131.24096385542168,16.496505918063914,livecell_phase__test-Huh7_Phase_A12_1_00d12h00m_2.png
53,73.0,29.899494936611664,0.4893027858672361,0.9358974358974359,1.0261362252816253,0.33265740645402675,10,9,129.91780821917808,27.53466230177536,livecell_phase__test-Huh7_Phase_A12_1_00d12h00m_2.png
54,69.0,28.97056274847714,0.5291389420198374,0.9324324324324325,1.0331064952009072,-0.7472155093068028,10,10,128.14492753623188,26.01798450588309,livecell_phase__test-Huh7_Phase_A12_1_00d12h00m_2.png
55,55.0,26.14213562373095,0.5669149034111096,0.9016393442622951,1.011324263046497,-0.9131827261931411,9,9,127.18181818181819,17.539659900393957,livecell_phase__test-Huh7_Phase_A12_1_00d12h00m_2.png
56,49.0,23.899494936611667,0.5451942072860022,0.9245283018867925,1.0780241689052943,-0.03216506848964155,9,7,132.3265306122449,41.31530711793224,livecell_phase__test-Huh7_Phase_A12_1_00d12h00m_2.png
1,3556.0,268.75230867899734,0.8930935224895191,0.8643655809431211,0.6186816127390011,0.10828812992975796,96,55,127.96906636670417,5.994856187026675,livecell_phase__test-Huh7_Phase_A12_1_01d04h00m_4.png
2,2563.0,201.09545442950497,0.7850753246274376,0.9748953974895398,0.7964416481462521,-0.02201264035182697,75,46,128.0370659383535,9.822487650811969,livecell_phase__test-Huh7_Phase_A12_1_01d04h00m_4.png
3,2372.0,187.68124086713186,0.29462140734251047,0.9709373720835038,0.846219086082498,0.0052055416912111995,56,58,127.86930860033726,11.887001092321258,livecell_phase__test-Huh7_Phase_A12_1_01d04h00m_4.png
4,2326.0,192.50966799187808,0.7976700343133969,0.974036850921273,0.7887048008503221,-0.21565568464817672,72,45,128.0434221840069,9.850878996692996,livecell_phase__test-Huh7_Phase_A12_1_01d04h00m_4.png
5,2028.0,182.50966799187808,0.6849809199042862,0.9543529411764706,0.7650786177353708,-0.9414050514568127,51,61,127.94132149901381,10.858967182626728,livecell_phase__test-Huh7_Phase_A12_1_01d04h00m_4.png
6,1814.0,192.79393923933998,0.9149814058023819,0.9097291875626881,0.6132822461977918,-0.9820846503245642,52,68,127.62679162072767,10.50154443220327,livecell_phase__test-Huh7_Phase_A12_1_01d04h00m_4.png
7,1774.0,168.71067811865476,0.6716161632985915,0.9406150583244963,0.7832102047847422,0.5635117216445324,50,50,127.97519729425028,10.327743873021566,livecell_phase__test-Huh7_Phase_A12_1_01d04h00m_4.png
8,1669.0,179.1370849898476,0.6396257163145156,0.9046070460704607,0.653574643903513,0.015641158073274444,63,46,128.11923307369682,12.600923259714127,livecell_phase__test-Huh7_Phase_A12_1_01d04h00m_4.png
9,1565.0,162.71067811865476,0.7903500073154133,0.9589460784313726,0.7428345512973262,-0.6306112272095766,54,44,127.85047923322684,9.204284741239352,livecell_phase__test-Huh7_Phase_A12_1_01d04h00m_4.png
10,1540.0,165.81727983645297,0.767098852288289,0.918854415274463,0.7038352471830518,-0.36939683378244337,64,41,127.72207792207791,7.378674490766034,livecell_phase__test-Huh7_Phase_A12_1_01d04h00m_4.png
11,1454.0,162.0243866176395,0.40280941625969646,0.9008674101610905,0.6960068253926466,0.9540466476590779,47,51,127.87276478679505,12.213243468253062,livecell_phase__test-Huh7_Phase_A12_1_01d04h00m_4.png
12,1397.0,141.0538238691624,0.6457789579864167,0.9735191637630662,0.8823411662261491,0.9477119317514131,41,45,128.00286327845382,10.008728779786177,livecell_phase__test-Huh7_Phase_A12_1_01d04h00m_4.png
13,1341.0,154.22539674441617,0.8069358075422765,0.904248145650708,0.7084787842212178,0.9271512990245888,46,46,127.95078299776286,18.34024176686349,livecell_phase__test-Huh7_Phase_A12_1_01d04h00m_4.png
14,1303.0,135.74011537017762,0.2907311005585736,0.9687732342007435,0.8886645414986027,1.0899858978092,40,41,127.80583269378357,17.70448724228692,livecell_phase__test-Huh7_Phase_A12_1_01d04h00m_4.png
15,1287.0,146.36753236814712,0.796349457084295,0.9272334293948127,0.7549164844945869,-0.6638766084329122,47,44,127.66899766899768,14.30674590007846,livecell_phase__test-Huh7_Phase_A12_1_01d04h00m_4.png
16,1234.0,154.12489168102786,0.8214167222766481,0.8611304954640614,0.6527989616554031,-0.01074730907340227,55,35,127.91734197730956,15.88097872668468,livecell_phase__test-Huh7_Phase_A12_1_01d04h00m_4.png
17,1216.0,151.88225099390854,0.6855784640976742,0.9007407407407407,0.6624138265232764,-0.6751608480408219,45,46,127.9407894736842,12.64149316246824,livecell_phase__test-Huh7_Phase_A12_1_01d04h00m_4.png
18,1198.0,131.9827560572969,0.6415690477123812,0.964573268921095,0.8642358865486458,0.7006348597218527,42,38,127.82136894824708,10.356974574314275,livecell_phase__test-Huh7_Phase_A12_1_01d04h00m_4.png
19,1084.0,134.57463914933368,0.783850661437175,0.9417897480451781,0.7521642682245807,-1.3446310306421094,33,54,128.08856088560884,8.44285643998636,livecell_phase__test-Huh7_Phase_A12_1_01d04h00m_4.png
20,1100.0,143.25483399593904,0.8081600721589515,0.9053497942386831,0.6735719258895779,1.3768230474621999,30,49,127.94363636363636,7.472647422709855,livecell_phase__test-Huh7_Phase_A12_1_01d04h00m_4.png
21,1090.0,127.53910524340094,0.37636360572176386,0.9380378657487092,0.8420727824284059,-0.3343584621470563,41,40,127.57798165137615,10.906603990480626,livecell_phase__test-Huh7_Phase_A12_1_01d04h00m_4.png
22,920.0,173.53300858899104,0.9525089701780192,0.7972270363951474,0.3839136014102847,0.29148705740356573,65,34,127.86521739130434,17.644782667619445,livecell_phase__test-Huh7_Phase_A12_1_01d04h00m_4.png
23,912.0,117.1543289325507,0.7351635893529564,0.9589905362776026,0.835002971381626,0.4573542611012856,41,31,127.7719298245614,13.349903138960853,livecell_phase__test-Huh7_Phase_A12_1_01d04h00m_4.png
24,907.0,146.9177848998413,0.9135559293953394,0.8944773175542406,0.5280419272469502,0.40116337595689106,56,35,127.50055126791621,18.27309520897843,livecell_phase__test-Huh7_Phase_A12_1_01d04h00m_4.png
25,895.0,151.7401153701776,0.9195997061102438,0.9255429162357808,0.4884634578026683,-1.514505447186838,25,64,127.85810055865922,10.188117669300803,livecell_phase__test-Huh7_Phase_A12_1_01d04h00m_4.png
26,848.0,115.01219330881975,0.619542933416752,0.9277899343544858,0.8055971943490909,0.19047998040555975,36,32,128.03419811320754,15.30075871587765,livecell_phase__test-Huh7_Phase_A12_1_01d04h00m_4.png
27,814.0,145.12489168102786,0.9179910086181503,0.872454448017149,0.4856802592872119,-1.4846563204390275,25,61,128.1044226044226,12.610695320252018,livecell_phase__test-Huh7_Phase_A12_1_01d04h00m_4.png
28,796.0,146.39696961966996,0.9373901317124931,0.7758284600389863,0.46672252108302137,1.5229495640830475,25,60,128.01507537688443,9.899483457888689,livecell_phase__test-Huh7_Phase_A12_1_01d04h00m_4.png
29,765.0,107.1543289325507,0.7314979656799525,0.9375,0.8372436407273246,1.4747203772998474,29,38,127.80130718954248,15.815182524753089,livecell_phase__test-Huh7_Phase_A12_1_01d04h00m_4.png
30,716.0,103.25483399593904,0.7575404675404712,0.9623655913978495,0.843921596126744,-0.7815958321487128,32,31,127.7108938547486,10.221919911986065,livecell_phase__test-Huh7_Phase_A12_1_01d04h00m_4.png
31,693.0,96.18376618407356,0.3494785638634976,0.9746835443037974,0.9413248893321913,-0.7968405213250033,29,29,128.0923520923521,13.855057237780656,livecell_phase__test-Huh7_Phase_A12_1_01d04h00m_4.png
32,702.0,120.76955262170048,0.9234765740538755,0.9763560500695411,0.6048282407771324,-0.05060248971143638,52,18,127.86324786324786,8.903476688557792,livecell_phase__test-Huh7_Phase_A12_1_01d04h00m_4.png
33,639.0,105.91168824543142,0.8450292623996228,0.9314868804664723,0.7158515020765114,-1.0648531751085963,26,40,127.74021909233177,18.37893927920436,livecell_phase__test-Huh7_Phase_A12_1_01d04h00m_4.png
34,648.0,110.87005768508882,0.9071666430787528,0.9391304347826087,0.6624549093236124,1.4722950443019647,19,44,128.22067901234567,9.609621183586201,livecell_phase__test-Huh7_Phase_A12_1_01d04h00m_4.png
35,523.0,91.01219330881975,0.7841850965215312,0.9406474820143885,0.7934368955807979,-0.5697194782498758,29,27,128.08795411089866,25.35265434683352,livecell_phase__test-Huh7_Phase_A12_1_01d04h00m_4.png
36,527.0,99.69848480983498,0.9294320251940478,0.9529837251356239,0.6662594210390724,-1.5395233346389077,16,42,128.00379506641366,7.136244236459715,livecell_phase__test-Huh7_Phase_A12_1_01d04h00m_4.png
37,490.0,83.84062043356595,0.6394033625791645,0.9496124031007752,0.8759856202363608,-0.4625560564198385,28,25,128.36122448979592,17.86131741292099,livecell_phase__test-Huh7_Phase_A12_1_01d04h00m_4.png
38,354.0,79.24873734152916,0.869695819553558,0.9725274725274725,0.7083182363126265,0.18913525975473877,31,16,127.88700564971751,7.852719170994157,livecell_phase__test-Huh7_Phase_A12_1_01d04h00m_4.png
39,280.0,70.8700576850888,0.8953255596086308,0.9061488673139159,0.7005551383758595,0.24716198227677394,27,15,128.10357142857143,13.04552419531742,livecell_phase__test-Huh7_Phase_A12_1_01d04h00m_4.png
40,200.0,50.62741699796952,0.5249635324291807,0.9615384615384616,0.9805467826824815,0.14814943387671412,17,15,128.46,20.379362109742296,livecell_phase__test-Huh7_Phase_A12_1_01d04h00m_4.png
41,160.0,45.55634918610404,0.23097439430833144,0.9467455621301775,0.9687952937833496,1.075877962507762,14,14,128.13125,20.301515299048493,livecell_phase__test-Huh7_Phase_A12_1_01d04h00m_4.png
42,115.0,43.698484809834994,0.8892578569020374,0.9126984126984127,0.756789237369276,-0.8017881862236219,15,15,128.1391304347826,10.769430937710553,livecell_phase__test-Huh7_Phase_A12_1_01d04h00m_4.png
1,3662.0,248.2670273047588,0.7992293106296637,0.9588897617177271,0.7466036619850921,1.4861791757279321,52,87,127.81485527034407,11.7866811488644,livecell_phase__test-Huh7_Phase_A12_1_01d20h00m_4.png
2,3538.0,245.8233764908628,0.5917383370268569,0.9278783110411749,0.7357348591024175,1.0618335799438576,66,71,127.95223289994347,12.8262613868783,livecell_phase__test-Huh7_Phase_A12_1_01d20h00m_4.png
3,2643.0,200.5685424949238,0.7071125451377578,0.9583031182015953,0.8256222531220736,0.15445273260764372,64,49,128.08929247067726,12.903714074598879,livecell_phase__test-Huh7_Phase_A12_1_01d20h00m_4.png
4,2607.0,208.06601717798213,0.798010306277983,0.9545953863053827,0.7567433048642679,-1.2875590599364901,47,81,127.90065209052551,9.492153885300187,livecell_phase__test-Huh7_Phase_A12_1_01d20h00m_4.png
5,2530.0,199.12489168102786,0.6632705135550662,0.952201731275875,0.8018244223612216,-0.9784999201037868,58,58,127.79881422924902,15.327551421738653,livecell_phase__test-Huh7_Phase_A12_1_01d20h00m_4.png
6,2274.0,190.89444430272832,0.6515080866765985,0.9443521594684385,0.7841763607271218,-0.4072249728684171,66,54,127.83333333333333,7.560306743337653,livecell_phase__test-Huh7_Phase_A12_1_01d20h00m_4.png
7,2156.0,192.71067811865476,0.7960655205303652,0.9472759226713533,0.7295365604645024,0.7814131215762478,58,55,127.78153988868274,12.086118497576578,livecell_phase__test-Huh7_Phase_A12_1_01d20h00m_4.png
8,1972.0,198.75230867899734,0.7056658111676299,0.8622649759510276,0.6273247330995302,-0.6999698119824449,58,60,127.57150101419879,17.409384612754884,livecell_phase__test-Huh7_Phase_A12_1_01d20h00m_4.png
9,1937.0,191.36753236814712,0.7362698296584601,0.9495098039215686,0.664665246239684,-1.309349381463821,44,69,127.74496644295301,12.579945965175755,livecell_phase__test-Huh7_Phase_A12_1_01d20h00m_4.png
10,1935.0,195.82337649086284,0.7775144210621234,0.8580931263858093,0.6341058562549838,0.5677125796049214,61,52,127.91059431524548,15.639041003934942,livecell_phase__test-Huh7_Phase_A12_1_01d20h00m_4.png
11,1854.0,196.06601717798213,0.8086461545978567,0.8607242339832869,0.6060590492729552,0.09790856017928896,69,49,127.76159654800432,10.376427149324126,livecell_phase__test-Huh7_Phase_A12_1_01d20h00m_4.png
12,1835.0,189.19595949289334,0.8776007833984524,0.9057255676209279,0.6442022213697862,-1.3626255626528192,39,67,127.70463215258856,14.893736419640064,livecell_phase__test-Huh7_Phase_A12_1_01d20h00m_4.png
13,1828.0,198.50966799187808,0.6963683745740482,0.8354661791590493,0.582938486971479,-1.5107675470060096,43,63,127.75054704595186,21.517488809013848,livecell_phase__test-Huh7_Phase_A12_1_01d20h00m_4.png
14,1783.0,164.95331880577402,0.7965207890944024,0.9690217391304348,0.8234535222385109,1.0531696611916335,45,55,127.58104318564217,21.64520465622871,livecell_phase__test-Huh7_Phase_A12_1_01d20h00m_4.png
15,1702.0,165.78174593052023,0.8035065018182282,0.9632144878324844,0.7782085564306382,-0.3344578484469519,60,41,128.20035252643947,15.46286784192624,livecell_phase__test-Huh7_Phase_A12_1_01d20h00m_4.png
16,1525.0,203.92388155425118,0.6579700743514364,0.78125,0.4608329559610076,-1.1501434978866445,49,57,127.94360655737705,18.045319090864105,livecell_phase__test-Huh7_Phase_A12_1_01d20h00m_4.png
17,1431.0,179.2731239591687,0.6472306200931587,0.7897350993377483,0.5595245220372722,-0.7170389144292174,50,53,127.78965758211041,14.320375570721724,livecell_phase__test-Huh7_Phase_A12_1_01d20h00m_4.png
18,1654.0,155.53910524340097,0.5193093367000207,0.9695193434935522,0.8591444256859857,0.4306784103509156,50,45,127.71281741233373,14.660622436452662,livecell_phase__test-Huh7_Phase_A12_1_01d20h00m_4.png
19,1536.0,156.2670273047588,0.5478521865015451,0.9434889434889435,0.7904353936129827,0.3227001893849349,52,43,128.03190104166666,12.662933853648369,livecell_phase__test-Huh7_Phase_A12_1_01d20h00m_4.png
20,1443.0,151.46803743153546,0.6760053138625228,0.9345854922279793,0.7903768266081549,0.8178263868924917,44,45,127.64587664587664,16.156288893218598,livecell_phase__test-Huh7_Phase_A12_1_01d20h00m_4.png
21,1473.0,162.54520189781084,0.6953672264234312,0.8857486470234516,0.7005905941037684,-0.5187910672205494,53,49,127.80855397148676,13.117258321217617,livecell_phase__test-Huh7_Phase_A12_1_01d20h00m_4.png
22,1346.0,141.4386001800126,0.7659293166532435,0.9676491732566499,0.845510538353504,0.6776595885769741,46,44,127.74517087667162,16.93334528303595,livecell_phase__test-Huh7_Phase_A12_1_01d20h00m_4.png
23,1189.0,145.78174593052023,0.27425885320779486,0.8899700598802395,0.7030487238886056,1.2401550771384788,45,45,128.0008410428932,13.262916777455729,livecell_phase__test-Huh7_Phase_A12_1_01d20h00m_4.png
24,1174.0,150.60407640085654,0.7831996517126909,0.9694467382328654,0.6504359047863681,-1.279722633059128,34,56,127.69761499148211,11.920079309057536,livecell_phase__test-Huh7_Phase_A12_1_01d20h00m_4.png
25,1065.0,168.02438661763952,0.9422306330174315,0.7930007446016382,0.4740398308438146,-0.6083277343077449,58,44,127.63098591549296,20.854019269321867,livecell_phase__test-Huh7_Phase_A12_1_01d20h00m_4.png
26,1063.0,139.25483399593904,0.6207298353381508,0.9062233589087809,0.6888466786261125,-0.5361858141598148,38,39,128.05362182502353,13.334115264010467,livecell_phase__test-Huh7_Phase_A12_1_01d20h00m_4.png
27,976.0,129.88225099390857,0.593857063595044,0.9411764705882353,0.72704295096763,0.5409496865393335,43,36,127.61987704918033,19.175846487429787,livecell_phase__test-Huh7_Phase_A12_1_01d20h00m_4.png
28,984.0,129.25483399593904,0.7507681243717302,0.9265536723163842,0.7401357363774235,-1.163427854080755,31,43,127.64634146341463,16.754957003110622,livecell_phase__test-Huh7_Phase_A12_1_01d20h00m_4.png
29,821.0,132.66904755831212,0.8562964176533389,0.9372146118721462,0.586156787736344,1.5023678067406945,24,54,128.16930572472594,5.887647477459437,livecell_phase__test-Huh7_Phase_A12_1_01d20h00m_4.png
30,816.0,129.39696961967,0.9273740217428326,0.9086859688195991,0.6124234498300122,-1.2956670009998443,26,52,127.57720588235294,18.196811292435672,livecell_phase__test-Huh7_Phase_A12_1_01d20h00m_4.png
31,749.0,125.29646455628165,0.8926740209932139,0.8863905325443787,0.5995343185544316,-0.579810592792584,43,36,127.87182910547396,14.816171999850013,livecell_phase__test-Huh7_Phase_A12_1_01d20h00m_4.png
32,579.0,102.42640687119285,0.8864882759379193,0.939935064935065,0.6935288819957394,1.283630106028629,21,41,129.47668393782382,35.19446188262482,livecell_phase__test-Huh7_Phase_A12_1_01d20h00m_4.png
33,540.0,95.08326112068524,0.549889153956164,0.9,0.7505774054749819,-1.0031343795536356,29,31,127.39259259259259,24.44058443148481,livecell_phase__test-Huh7_Phase_A12_1_01d20h00m_4.png
34,455.0,81.59797974644665,0.568357001307297,0.9247967479674797,0.8587414933136939,-1.0883560644725392,26,25,128.65934065934067,20.85998313202977,livecell_phase__test-Huh7_Phase_A12_1_01d20h00m_4.png
35,299.0,82.87005768508881,0.9444046447531546,0.943217665615142,0.5471240052876978,-0.050893397661285256,37,12,129.314381270903,15.30825385171058,livecell_phase__test-Huh7_Phase_A12_1_01d20h00m_4.png
36,286.0,62.87005768508881,0.719937837130619,0.9501661129568106,0.9092601955281416,-1.3218369675872885,17,22,128.37062937062936,33.27648076842209,livecell_phase__test-Huh7_Phase_A12_1_01d20h00m_4.png
37,278.0,59.35533905932738,0.5257183761492003,0.9823321554770318,0.9915967155372379,-1.432084113403211,18,21,129.36330935251797,39.5202482368578,livecell_phase__test-Huh7_Phase_A12_1_01d20h00m_4.png
38,248.0,58.87005768508881,0.24415444819319812,0.9393939393939394,0.8992337990029822,1.214980158437596,19,18,127.74596774193549,27.867847409241456,livecell_phase__test-Huh7_Phase_A12_1_01d20h00m_4.png
39,220.0,53.21320343559643,0.4929866775852108,0.9606986899563319,0.9763234853774017,1.0808358801420868,16,17,127.4590909090909,29.832763549355185,livecell_phase__test-Huh7_Phase_A12_1_01d20h00m_4.png
40,216.0,52.62741699796952,0.492732251264972,0.9773755656108597,0.9800303046853915,1.1780846699597345,16,17,129.23611111111111,33.645273616488765,livecell_phase__test-Huh7_Phase_A12_1_01d20h00m_4.png
41,171.0,46.38477631085024,0.3758652246145796,0.95,0.9987459731260673,1.3486122459752639,14,15,128.58479532163742,37.39996563683541,livecell_phase__test-Huh7_Phase_A12_1_01d20h00m_4.png
42,170.0,46.87005768508881,0.49648570163235706,0.9550561797752809,0.9724511838145224,0.4879151824557878,16,15,128.1529411764706,31.60156581465096,livecell_phase__test-Huh7_Phase_A12_1_01d20h00m_4.png
43,166.0,46.04163056034262,0.3679893635510809,0.9485714285714286,0.98404862897411,-1.0916338786596909,15,15,128.16265060240963,25.583151509676792,livecell_phase__test-Huh7_Phase_A12_1_01d20h00m_4.png
1,4760.0,304.0782104868019,0.6799526781880657,0.8965906950461481,0.646913501471358,0.6828422771478245,88,84,127.93550420168067,8.502906075017563,livecell_phase__test-Huh7_Phase_A12_1_02d00h00m_2.png
2,4518.0,261.76450198781714,0.5832616883313647,0.9716129032258064,0.8285802704191072,-0.3724981337657863,85,76,127.9203187250996,7.6309479553908055,livecell_phase__test-Huh7_Phase_A12_1_02d00h00m_2.png
3,3332.0,232.45079348883235,0.7316711304209604,0.952,0.7749127216595201,0.8614992401067628,73,71,127.84033613445378,6.072764529822698,livecell_phase__test-Huh7_Phase_A12_1_02d00h00m_2.png
4,3354.0,231.7228714274745,0.5733868313690986,0.9434599156118143,0.7849375750844428,1.4137163387774736,63,76,128.0092426952892,8.240907486104168,livecell_phase__test-Huh7_Phase_A12_1_02d00h00m_2.png
5,3291.0,291.1787155501902,0.5230681408270974,0.8704046548532134,0.4877738283875672,1.0369131797516156,72,73,127.86326344576116,16.15089952038934,livecell_phase__test-Huh7_Phase_A12_1_02d00h00m_2.png
6,3116.0,263.35028842544403,0.7145438796244559,0.8217299578059072,0.5645984952474314,0.2365497969731264,81,70,127.8632862644416,11.779038625723835,livecell_phase__test-Huh7_Phase_A12_1_02d00h00m_2.png
7,3045.0,212.06601717798213,0.6563718295100274,0.9737767828589703,0.8508539141904494,-0.20997305580899958,72,57,127.92545155993432,7.844089896652566,livecell_phase__test-Huh7_Phase_A12_1_02d00h00m_2.png
8,2966.0,226.3086578651014,0.6792435524080115,0.9262960649594004,0.7277440655896348,-0.838908151137965,64,70,127.91773432231962,11.813051617943671,livecell_phase__test-Huh7_Phase_A12_1_02d00h00m_2.png
9,2867.0,224.65180361560903,0.770957806979853,0.897339593114241,0.7138677090643866,-0.520293806017601,70,62,127.88943146145797,8.826821812985745,livecell_phase__test-Huh7_Phase_A12_1_02d00h00m_2.png
10,2566.0,206.99494936611666,0.7390468120748697,0.937522835221045,0.7525702017144948,0.9419725088160871,55,67,127.86204208885425,11.27726043171311,livecell_phase__test-Huh7_Phase_A12_1_02d00h00m_2.png
11,2243.0,222.10764773832474,0.7690493458940895,0.8499431602879879,0.5713629987841624,1.4843497640231105,53,74,127.56888096299599,14.087113658942137,livecell_phase__test-Huh7_Phase_A12_1_02d00h00m_2.png
12,2135.0,187.18986283848346,0.5839157333481491,0.93804920913884,0.7656725741495273,-0.4918585859823633,52,52,127.70117096018735,10.445292902925962,livecell_phase__test-Huh7_Phase_A12_1_02d00h00m_2.png
13,2104.0,234.99494936611666,0.9591271004453071,0.8538961038961039,0.47878280297008197,-0.15614213603349072,96,37,127.86311787072243,11.059306464711206,livecell_phase__test-Huh7_Phase_A12_1_02d00h00m_2.png
14,2042.0,178.16652224137044,0.7557963861526357,0.9682313892840209,0.808375972115241,0.371396315944559,64,47,127.78403525954946,12.914731271483104,livecell_phase__test-Huh7_Phase_A12_1_02d00h00m_2.png
15,1944.0,176.95331880577405,0.6317979946410656,0.9478303266699171,0.780169018437389,-0.6682081403806355,55,50,127.15432098765432,16.06170111308071,livecell_phase__test-Huh7_Phase_A12_1_02d00h00m_2.png
16,1905.0,182.16652224137044,0.73207026631106,0.9365781710914455,0.7213859997713625,-0.33294582003125955,62,51,127.95275590551181,12.378708077373314,livecell_phase__test-Huh7_Phase_A12_1_02d00h00m_2.png
17,1816.0,182.58073580374355,0.8151622268699285,0.905284147557328,0.6845667516266064,0.39031962294674977,64,49,127.77312775330397,9.413895924252927,livecell_phase__test-Huh7_Phase_A12_1_02d00h00m_2.png
18,1801.0,173.78174593052023,0.7512354172502257,0.9454068241469816,0.7494027191833853,0.12414393419706841,59,44,127.96724042198778,10.844442131539418,livecell_phase__test-Huh7_Phase_A12_1_02d00h00m_2.png
19,1686.0,171.19595949289334,0.6890056662343691,0.9049919484702094,0.7229036433055694,-1.10568528111739,47,53,127.61387900355872,11.65181995242065,livecell_phase__test-Huh7_Phase_A12_1_02d00h00m_2.png
20,1722.0,160.71067811865476,0.578484208766208,0.9668725435148793,0.8378254412615666,0.31447484186783264,51,45,127.48896631823462,20.06682058140383,livecell_phase__test-Huh7_Phase_A12_1_02d00h00m_2.png
21,1564.0,180.95331880577402,0.7106195325046343,0.8703394546466333,0.6002242079629337,0.16063830418293445,57,41,127.63299232736573,14.240160995003674,livecell_phase__test-Huh7_Phase_A12_1_02d00h00m_2.png
22,1501.0,157.92388155425118,0.796241664740189,0.9591054313099041,0.7563014562330034,0.6417122615166834,52,46,128.11792138574285,10.158508178740485,livecell_phase__test-Huh7_Phase_A12_1_02d00h00m_2.png
23,1418.0,140.5685424949238,0.4277095231687829,0.9759119064005506,0.9017991284542402,-0.2000321455953366,45,39,127.66361071932299,15.481290002328286,livecell_phase__test-Huh7_Phase_A12_1_02d00h00m_2.png
24,1327.0,146.91168824543144,0.8010646787571778,0.9721611721611721,0.7726238103705164,-1.3712284724359511,33,53,127.39261492087415,15.806679872143468,livecell_phase__test-Huh7_Phase_A12_1_02d00h00m_2.png
25,1181.0,147.9827560572969,0.8259768336005422,0.9570502431118314,0.6777000828878658,-0.03426647597844876,58,30,127.76037256562235,10.330080925083461,livecell_phase__test-Huh7_Phase_A12_1_02d00h00m_2.png
26,1047.0,138.12489168102783,0.717002145528358,0.8910638297872341,0.6896244407870773,-1.285273447931885,37,47,127.27698185291308,20.342052914449535,livecell_phase__test-Huh7_Phase_A12_1_02d00h00m_2.png
27,1005.0,147.9827560572969,0.8745671884075721,0.9454374412041392,0.5767049816276928,1.1129179902285675,36,53,128.1402985074627,12.139783613374252,livecell_phase__test-Huh7_Phase_A12_1_02d00h00m_2.png
28,979.0,133.74011537017762,0.9038800493523468,0.9693069306930693,0.6878110818832052,1.2972760225209687,27,53,127.77425944841676,12.178830548212066,livecell_phase__test-Huh7_Phase_A12_1_02d00h00m_2.png
29,934.0,134.12489168102786,0.7125368389828445,0.8506375227686703,0.6524360831063118,-0.7270515447400087,43,39,127.36616702355461,16.335834772915394,livecell_phase__test-Huh7_Phase_A12_1_02d00h00m_2.png
30,789.0,114.66904755831214,0.7491586215529867,0.9752781211372065,0.7540401248986462,1.1192322914004598,28,41,127.92141951837769,4.932642367191256,livecell_phase__test-Huh7_Phase_A12_1_02d00h00m_2.png
31,724.0,111.1543289325507,0.6169840194293014,0.9118387909319899,0.7363692899262902,0.21114068612413833,38,30,127.84530386740332,15.573949155913523,livecell_phase__test-Huh7_Phase_A12_1_02d00h00m_2.png
32,624.0,113.11269837220809,0.9393071774804445,0.9704510108864697,0.6128747484010736,1.442311280239226,17,48,127.85096153846153,6.686805250645421,livecell_phase__test-Huh7_Phase_A12_1_02d00h00m_2.png
33,591.0,159.92388155425118,0.9055084986169591,0.6143451143451143,0.2903826743560191,-1.405559218906148,27,50,126.87478849407783,22.669281762225367,livecell_phase__test-Huh7_Phase_A12_1_02d00h00m_2.png
34,424.0,91.14823227814082,0.8936480123937554,0.9614512471655329,0.6413265505302018,-0.009671148991525349,38,17,128.16037735849056,6.27571959709595,livecell_phase__test-Huh7_Phase_A12_1_02d00h00m_2.png
35,430.0,127.32590180780451,0.8763847132396694,0.7426597582037997,0.33330727881373967,1.4887343045457084,21,36,127.15813953488372,22.166665026546838,livecell_phase__test-Huh7_Phase_A12_1_02d00h00m_2.png
36,397.0,73.35533905932738,0.5451702835041571,0.9589371980676329,0.9271220564558215,-1.4385549099941692,21,25,126.87909319899245,26.02470229716954,livecell_phase__test-Huh7_Phase_A12_1_02d00h00m_2.png
37,337.0,111.14823227814082,0.9754264780149529,0.8341584158415841,0.3427951312027795,1.5320893667086866,11,47,128.91988130563797,11.949800638399134,livecell_phase__test-Huh7_Phase_A12_1_02d00h00m_2.png
38,236.0,64.42640687119285,0.811423180479714,0.9042145593869731,0.7144865291652202,1.547948957839073,15,25,127.88135593220339,26.94821445974162,livecell_phase__test-Huh7_Phase_A12_1_02d00h00m_2.png
39,204.0,52.970562748477136,0.5588849919983663,0.9488372093023256,0.913631064824068,-1.1217309961825668,15,17,128.06372549019608,15.841768377817203,livecell_phase__test-Huh7_Phase_A12_1_02d00h00m_2.png
40,129.0,40.384776310850235,0.4116494181806338,0.9485294117647058,0.9939492513651654,1.3391128337823215,13,13,130.3798449612403,20.740999280139654,livecell_phase__test-Huh7_Phase_A12_1_02d00h00m_2.png
1,4276.0,276.63455967290594,0.5664377537293045,0.9076629165782212,0.7021577445154478,-0.11778991100368527,91,80,127.98082319925163,11.479945782490812,livecell_phase__test-Huh7_Phase_A12_1_02d00h00m_4.png
2,3341.0,242.79393923933998,0.75181627758042,0.9171012901454845,0.7122142467137766,0.6642399415973819,70,72,127.83238551331937,16.203104560306816,livecell_phase__test-Huh7_Phase_A12_1_02d00h00m_4.png
3,2352.0,296.31475451951127,0.6705713053027206,0.5766119146849719,0.3366205516636186,-0.32096008341810983,80,70,128.01488095238096,9.834828070846312,livecell_phase__test-Huh7_Phase_A12_1_02d00h00m_4.png
4,2278.0,200.2670273047588,0.8264962792359857,0.9591578947368421,0.7137476331012419,-1.399639610546763,45,75,127.74802458296752,8.839595008148706,livecell_phase__test-Huh7_Phase_A12_1_02d00h00m_4.png
5,2027.0,186.40916292848976,0.6824350682147412,0.9392956441149212,0.7330424080231192,-0.31202619645688157,61,49,127.82535767143563,9.907917844913388,livecell_phase__test-Huh7_Phase_A12_1_02d00h00m_4.png
6,2013.0,194.16652224137044,0.7830825015308194,0.9039066008082622,0.6709728309005991,-1.133120140321,50,66,127.90809736711375,13.688247013968146,livecell_phase__test-Huh7_Phase_A12_1_02d00h00m_4.png
7,1884.0,196.51576464628795,0.7068077003211434,0.8166449934980494,0.6130501053291255,1.180884161148191,55,60,127.95594479830149,15.345340714513679,livecell_phase__test-Huh7_Phase_A12_1_02d00h00m_4.png
8,1905.0,171.58073580374355,0.6166281349850247,0.9482329517172723,0.8131446186445227,-0.7992061327953345,54,53,127.7517060367454,12.247396358486958,livecell_phase__test-Huh7_Phase_A12_1_02d00h00m_4.png
9,1861.0,192.2670273047588,0.8705013063107592,0.8675990675990676,0.6326253840169227,0.007411274974792019,68,38,128.05749596990864,16.724348743935273,livecell_phase__test-Huh7_Phase_A12_1_02d00h00m_4.png
10,1818.0,179.09545442950497,0.5168197834268353,0.9080919080919081,0.7122535398636557,-0.9118991725099335,49,52,127.86743674367436,12.0454550781271,livecell_phase__test-Huh7_Phase_A12_1_02d00h00m_4.png
11,1837.0,171.4386001800126,0.7837771547975817,0.9688818565400844,0.7854197113551035,-0.2827508277257553,63,42,127.85247686445291,7.0526066338771765,livecell_phase__test-Huh7_Phase_A12_1_02d00h00m_4.png
12,1780.0,177.4386001800126,0.709185546956248,0.9222797927461139,0.7104502330024639,1.12217738670306,49,58,127.84775280898876,17.80802339388972,livecell_phase__test-Huh7_Phase_A12_1_02d00h00m_4.png
13,1630.0,169.58073580374355,0.657915430111558,0.8777598276790523,0.7122696474643341,0.655467007121221,53,52,128.00674846625768,10.586451747076188,livecell_phase__test-Huh7_Phase_A12_1_02d00h00m_4.png
14,1667.0,175.09545442950497,0.4911368290446865,0.8981681034482759,0.683275298273109,-0.17985867941313202,58,48,127.94001199760048,18.790736610452058,livecell_phase__test-Huh7_Phase_A12_1_02d00h00m_4.png
15,1636.0,162.06601717798213,0.4668612674649564,0.936462507155123,0.7827250710433041,-0.9726787093299126,50,55,127.85574572127139,10.225691432621836,livecell_phase__test-Huh7_Phase_A12_1_02d00h00m_4.png
16,1407.0,230.68733752154176,0.8518177414761415,0.7017456359102244,0.33224346555002765,1.522411380061463,46,69,127.45628997867804,16.847893071476186,livecell_phase__test-Huh7_Phase_A12_1_02d00h00m_4.png
17,1384.0,166.60407640085654,0.7388645374012809,0.9069462647444299,0.6265773728545021,-0.5283025843615459,46,47,127.9949421965318,12.146057324196619,livecell_phase__test-Huh7_Phase_A12_1_02d00h00m_4.png
18,1412.0,148.02438661763952,0.7426798779184511,0.9598912304554724,0.8098004625084448,-0.24233651861989225,54,39,127.76558073654391,17.093216503683028,livecell_phase__test-Huh7_Phase_A12_1_02d00h00m_4.png
19,1417.0,159.9827560572969,0.8471538970256394,0.9725463280713795,0.6957182019379848,1.437477195990979,32,62,127.7939308398024,12.111800640414957,livecell_phase__test-Huh7_Phase_A12_1_02d00h00m_4.png
20,1362.0,145.0538238691624,0.39567529530290896,0.9296928327645051,0.8134457744830428,1.18088546781996,42,43,127.79001468428781,20.880893334837737,livecell_phase__test-Huh7_Phase_A12_1_02d00h00m_4.png
21,1264.0,156.70458146424488,0.8761172036506691,0.9656226126814362,0.6468350579950971,-1.4713977008522947,29,62,127.99604430379746,7.984507359267011,livecell_phase__test-Huh7_Phase_A12_1_02d00h00m_4.png
22,1206.0,137.6812408671319,0.6915143001023283,0.963258785942492,0.7994800462157611,1.217737429715363,39,49,127.92288557213931,6.201015561599418,livecell_phase__test-Huh7_Phase_A12_1_02d00h00m_4.png
23,1101.0,174.2670273047588,0.9504639105925712,0.831570996978852,0.4555821891304977,-1.074770101170408,39,62,127.51316984559492,15.73668025323599,livecell_phase__test-Huh7_Phase_A12_1_02d00h00m_4.png
24,1037.0,146.71067811865476,0.8707766161310202,0.8878424657534246,0.6054317207460246,1.333481809320279,31,59,127.30472516875602,24.92402548023716,livecell_phase__test-Huh7_Phase_A12_1_02d00h00m_4.png
25,960.0,133.49747468305833,0.6903649928805485,0.9125475285171103,0.6769163378823116,-0.7164957276635534,35,40,127.88854166666667,10.265287073754793,livecell_phase__test-Huh7_Phase_A12_1_02d00h00m_4.png
26,912.0,185.23759005323592,0.9709000848373028,0.7192429022082019,0.3339999932252871,-0.7310982073469381,64,49,127.35635964912281,17.21615619458265,livecell_phase__test-Huh7_Phase_A12_1_02d00h00m_4.png
27,813.0,123.78174593052023,0.6533190348563161,0.846875,0.6667871188680494,0.9349775345694253,38,42,127.93603936039361,8.149636387178461,livecell_phase__test-Huh7_Phase_A12_1_02d00h00m_4.png
28,562.0,89.35533905932738,0.6317918920183787,0.9689655172413794,0.8845149249333095,1.1121124720887543,24,30,127.61387900355872,28.762718422887772,livecell_phase__test-Huh7_Phase_A12_1_02d00h00m_4.png
29,477.0,112.04772721475248,0.776136518925831,0.6963503649635037,0.4774436698673671,0.18338086401251885,43,27,126.43605870020964,26.621632562921693,livecell_phase__test-Huh7_Phase_A12_1_02d00h00m_4.png
30,387.0,87.49137802864846,0.9011279310410826,0.9723618090452262,0.6353167640872385,0.016242276130583776,38,14,128.24031007751938,4.101632360115546,livecell_phase__test-Huh7_Phase_A12_1_02d00h00m_4.png
31,417.0,77.25483399593904,0.6489317740609762,0.9608294930875576,0.8780001531904449,-0.7160526932874721,25,25,128.431654676259,16.803726759069292,livecell_phase__test-Huh7_Phase_A12_1_02d00h00m_4.png
32,308.0,66.18376618407356,0.7315303655734365,0.9506172839506173,0.8836039048568091,-1.4928522095329175,18,25,127.86688311688312,25.938710366551472,livecell_phase__test-Huh7_Phase_A12_1_02d00h00m_4.png
33,226.0,58.62741699796952,0.8358222373691896,0.9456066945606695,0.8262601017975014,0.0016358329405942655,23,13,127.88495575221239,30.760781896339182,livecell_phase__test-Huh7_Phase_A12_1_02d00h00m_4.png
34,206.0,53.21320343559643,0.5328866087761138,0.9493087557603687,0.9141938090352033,0.41540311392401247,17,15,126.93203883495146,28.655388735980228,livecell_phase__test-Huh7_Phase_A12_1_02d00h00m_4.png
35,149.0,43.798989873223334,0.5646099844566373,0.9490445859872612,0.9760407349529964,-0.1845264980708918,15,13,127.7248322147651,27.548336789562757,livecell_phase__test-Huh7_Phase_A12_1_02d00h00m_4.png
36,137.0,41.55634918610404,0.48893877199026065,0.958041958041958,0.9969093228892466,1.2601634685312793,12,14,124.37226277372262,35.30906446744216,livecell_phase__test-Huh7_Phase_A12_1_02d00h00m_4.png
1,5299.0,324.9066376115481,0.8356818516120407,0.8607862248213125,0.6307926379825585,0.05505242984724758,110,75,127.98207208907341,4.7436113680197485,livecell_phase__test-Huh7_Phase_A12_1_02d16h00m_4.png
2,4000.0,267.8233764908628,0.8694727345182336,0.9462976105985332,0.7007657918626101,1.4410912617520055,55,97,127.89575,9.25823319740327,livecell_phase__test-Huh7_Phase_A12_1_02d16h00m_4.png
3,3869.0,248.2670273047588,0.5394483152775772,0.9506142506142506,0.7888065451175099,-0.9316106981310395,64,76,127.85784440423882,11.27074422908576,livecell_phase__test-Huh7_Phase_A12_1_02d16h00m_4.png
4,2937.0,242.92997820866105,0.3759589796706167,0.8403433476394849,0.6253909439825035,-1.0009777511711986,73,66,128.0561797752809,15.853922570046308,livecell_phase__test-Huh7_Phase_A12_1_02d16h00m_4.png
5,2747.0,214.2670273047588,0.7201435615114412,0.9246045102659037,0.7518961044314614,-0.9812394212740722,54,70,127.7852202402621,12.897163753609718,livecell_phase__test-Huh7_Phase_A12_1_02d16h00m_4.png
6,2307.0,202.2670273047588,0.7492197834519149,0.9580564784053156,0.7086099970828078,-1.3537777400407214,45,74,128.01950585175553,10.535512267636218,livecell_phase__test-Huh7_Phase_A12_1_02d16h00m_4.png
7,2335.0,215.34419177103416,0.8425288862378444,0.8719193427931292,0.6327474794962528,-0.7913149928923383,65,69,128.15845824411136,7.886001759268494,livecell_phase__test-Huh7_Phase_A12_1_02d16h00m_4.png
8,2175.0,181.6812408671319,0.620300600360923,0.9556239015817223,0.828035488526699,-0.8342776773790105,53,57,128.02850574712645,9.697214498585465,livecell_phase__test-Huh7_Phase_A12_1_02d16h00m_4.png
9,2107.0,180.0243866176395,0.7330834086844484,0.96918123275069,0.816980554855647,-0.9892301766524164,50,59,127.98196487897485,11.86807154891544,livecell_phase__test-Huh7_Phase_A12_1_02d16h00m_4.png
10,2111.0,186.89444430272832,0.7266532374188313,0.9275043936731108,0.7594607156800115,1.059013716005048,52,66,127.86167693036475,7.1102040905463095,livecell_phase__test-Huh7_Phase_A12_1_02d16h00m_4.png
11,2047.0,185.89444430272832,0.42643377287755185,0.9033539276257723,0.7443803250966899,1.224945531091258,54,63,128.0151441133366,14.675658549133345,livecell_phase__test-Huh7_Phase_A12_1_02d16h00m_4.png
12,2074.0,239.85891039679558,0.9200167410847366,0.8213861386138613,0.45300907594493484,1.4231986001881844,44,95,127.923818707811,14.147384480369755,livecell_phase__test-Huh7_Phase_A12_1_02d16h00m_4.png
13,2093.0,189.095454429505,0.6908419198387298,0.9269264836138176,0.7355579842828986,-0.02822650844820501,63,48,127.85523172479694,15.196894331752171,livecell_phase__test-Huh7_Phase_A12_1_02d16h00m_4.png
14,2012.0,204.99494936611666,0.797083277018495,0.8327814569536424,0.6016605248120509,1.2097357695138067,49,70,127.7589463220676,11.61617113733053,livecell_phase__test-Huh7_Phase_A12_1_02d16h00m_4.png
15,1757.0,158.8528137423857,0.41720474487443,0.9728682170542635,0.8749672583370264,1.0061748395443597,48,51,127.87023335230506,15.179562939071861,livecell_phase__test-Huh7_Phase_A12_1_02d16h00m_4.png
16,1658.0,181.58073580374355,0.8701666239005739,0.9089912280701754,0.6319094454201316,-1.355932025796071,41,71,128.04644149577805,11.428632698567252,livecell_phase__test-Huh7_Phase_A12_1_02d16h00m_4.png
17,1651.0,156.99494936611666,0.6844343487846944,0.9769230769230769,0.8417547487071327,1.0180862827311998,47,54,127.95760145366445,9.53774204834843,livecell_phase__test-Huh7_Phase_A12_1_02d16h00m_4.png
18,1593.0,161.9827560572969,0.8664935815501054,0.9544637507489515,0.7629359363454475,0.036565339334507375,61,33,128.1173885750157,18.698403346785145,livecell_phase__test-Huh7_Phase_A12_1_02d16h00m_4.png
19,1464.0,168.71067811865476,0.793276379684455,0.8861985472154964,0.6463470912090544,1.20545646559396,40,57,127.93169398907104,7.8066267824563615,livecell_phase__test-Huh7_Phase_A12_1_02d16h00m_4.png
20,1026.0,154.08326112068522,0.9363731080280375,0.8571428571428571,0.5430581072960315,1.498972151980079,25,58,127.80019493177387,8.922016483376552,livecell_phase__test-Huh7_Phase_A12_1_02d16h00m_4.png
21,1327.0,175.58073580374355,0.9236693012821556,0.8226906385616863,0.5409125495775307,-1.117634616346942,46,62,127.64506405425773,11.458908111549459,livecell_phase__test-Huh7_Phase_A12_1_02d16h00m_4.png
22,1305.0,168.92388155425118,0.8671447648906484,0.8413926499032882,0.5746961284216909,1.1345333629946535,44,60,127.83524904214559,10.339285588015501,livecell_phase__test-Huh7_Phase_A12_1_02d16h00m_4.png
23,1346.0,150.46803743153546,0.7741455765929227,0.9519094766619519,0.747078797338976,0.9030215633822261,44,47,128.0482912332838,7.071270646152752,livecell_phase__test-Huh7_Phase_A12_1_02d16h00m_4.png
24,1309.0,150.36753236814712,0.8549354346618225,0.9513081395348837,0.727514016744099,0.6791490773872312,47,46,127.62719633307869,17.83247035862736,livecell_phase__test-Huh7_Phase_A12_1_02d16h00m_4.png
25,1292.0,136.71067811865476,0.6561754196577003,0.9634601043997018,0.8686953616954176,1.4541010761197777,38,47,127.67879256965944,21.71928454490919,livecell_phase__test-Huh7_Phase_A12_1_02d16h00m_4.png
26,1246.0,146.61017305526642,0.8010347155568569,0.9298507462686567,0.7284499093394612,-0.23396964716865262,55,36,127.98394863563404,9.881467606827309,livecell_phase__test-Huh7_Phase_A12_1_02d16h00m_4.png
27,1111.0,162.36753236814712,0.939673234131688,0.7947067238912733,0.5295726432498918,-0.4796800973358195,60,38,128.3114311431143,12.125069982240994,livecell_phase__test-Huh7_Phase_A12_1_02d16h00m_4.png
28,1041.0,134.71067811865476,0.6074635686549388,0.9036458333333334,0.7208693306328958,-0.9576518327037825,42,42,127.88088376561,16.30913034322467,livecell_phase__test-Huh7_Phase_A12_1_02d16h00m_4.png
29,1031.0,126.71067811865476,0.43289660412411146,0.9296663660955816,0.8069415887348469,-0.5667502912894001,42,38,128.05043646944713,14.755076960956606,livecell_phase__test-Huh7_Phase_A12_1_02d16h00m_4.png
30,862.0,123.94112549695427,0.640487653654092,0.8932642487046633,0.7051577098184885,1.0852803540912064,29,43,127.89443155452436,14.879851107871174,livecell_phase__test-Huh7_Phase_A12_1_02d16h00m_4.png
31,939.0,184.6101730552664,0.965058297923861,0.7851170568561873,0.34622960276193543,-0.6802845088493463,60,49,127.52822151224707,19.567528744888286,livecell_phase__test-Huh7_Phase_A12_1_02d16h00m_4.png
32,825.0,127.71067811865474,0.8795805596922648,0.9156492785793563,0.6356373241451669,0.8219191608332039,39,40,127.93212121212122,10.164358334343786,livecell_phase__test-Huh7_Phase_A12_1_02d16h00m_4.png
33,756.0,110.08326112068522,0.5897808426308265,0.934487021013597,0.7839513027845646,-1.3343001211050325,31,36,127.77910052910053,12.255336262861979,livecell_phase__test-Huh7_Phase_A12_1_02d16h00m_4.png
34,745.0,112.32590180780451,0.8425980144928139,0.9588159588159588,0.7420041063871197,-0.2535779250488259,44,25,128.40134228187918,14.681449677781563,livecell_phase__test-Huh7_Phase_A12_1_02d16h00m_4.png
35,745.0,120.1604255869606,0.6453530649856963,0.8672875436554133,0.6484003208149428,-0.7542756236968289,41,38,127.66174496644295,9.482499580668273,livecell_phase__test-Huh7_Phase_A12_1_02d16h00m_4.png
36,737.0,119.88225099390856,0.8771580747238168,0.915527950310559,0.6444178682832657,-0.7429974592051962,43,33,127.9023066485753,9.691927992961789,livecell_phase__test-Huh7_Phase_A12_1_02d16h00m_4.png
37,740.0,150.88225099390854,0.9177100362787994,0.7965554359526372,0.40847480535505315,1.174715681160484,33,58,128.8054054054054,14.01177007059858,livecell_phase__test-Huh7_Phase_A12_1_02d16h00m_4.png
38,659.0,104.18376618407356,0.5198378555140023,0.9676945668135095,0.762948411012801,-1.4989237918204152,27,35,127.50379362670714,15.684519712052845,livecell_phase__test-Huh7_Phase_A12_1_02d16h00m_4.png
39,664.0,108.71067811865476,0.781361720807881,0.8960863697705803,0.7060468727584346,-1.0018425975688412,32,39,128.18373493975903,11.622033520802576,livecell_phase__test-Huh7_Phase_A12_1_02d16h00m_4.png
40,575.0,109.7401153701776,0.8094339525533799,0.8110014104372355,0.5999939674279358,0.6485423481510239,38,28,127.43130434782609,23.43208638196181,livecell_phase__test-Huh7_Phase_A12_1_02d16h00m_4.png
41,460.0,103.59797974644665,0.9069843691199678,0.944558521560575,0.538598479437629,0.049963056497936656,46,16,128.2478260869565,6.882199444011017,livecell_phase__test-Huh7_Phase_A12_1_02d16h00m_4.png
42,505.0,118.8111831820431,0.885116971017604,0.7616892911010558,0.4495589006124439,1.2347455922771466,30,44,127.96039603960396,12.98492712788254,livecell_phase__test-Huh7_Phase_A12_1_02d16h00m_4.png
43,461.0,95.39696961966999,0.85707749377943,0.8632958801498127,0.6365633508385742,-1.0389211545045045,27,35,127.82429501084599,11.533481195819132,livecell_phase__test-Huh7_Phase_A12_1_02d16h00m_4.png
44,471.0,117.79898987322333,0.9800244624992527,0.9127906976744186,0.4265280904432161,1.5192596645441356,12,52,128.55626326963906,5.343857521778347,livecell_phase__test-Huh7_Phase_A12_1_02d16h00m_4.png
45,429.0,84.97056274847714,0.8930610404917684,0.9839449541284404,0.7466725182384594,-1.5258696311784785,15,33,128.26340326340326,3.349576541874032,livecell_phase__test-Huh7_Phase_A12_1_02d16h00m_4.png
46,407.0,81.35533905932738,0.7070190634497011,0.9399538106235565,0.7727377952153657,-0.10077251119856848,30,20,127.65356265356266,27.08155633813733,livecell_phase__test-Huh7_Phase_A12_1_02d16h00m_4.png
47,231.0,75.01219330881976,0.907902082370237,0.7857142857142857,0.5158911950430478,-0.8655113409843396,24,24,126.74458874458874,20.207359117242575,livecell_phase__test-Huh7_Phase_A12_1_02d16h00m_4.png
48,219.0,63.2193000900063,0.7723343194367063,0.8295454545454546,0.6885803293577919,-0.6306501189869539,23,20,127.15981735159818,28.260966384241105,livecell_phase__test-Huh7_Phase_A12_1_02d16h00m_4.png
49,202.0,61.35533905932738,0.8658210473660135,0.8632478632478633,0.6743052058909208,-1.0164344449879172,18,21,127.65841584158416,32.32365950549343,livecell_phase__test-Huh7_Phase_A12_1_02d16h00m_4.png
50,222.0,59.11269837220809,0.8456616975586402,0.9098360655737705,0.7983645959076962,-0.4491990792591795,22,16,128.78378378378378,30.207661281492726,livecell_phase__test-Huh7_Phase_A12_1_02d16h00m_4.png
51,216.0,53.45584412271571,0.4325796042189413,0.9432314410480349,0.9498898157053113,-0.23522827268384214,18,16,128.19907407407408,22.649752657346117,livecell_phase__test-Huh7_Phase_A12_1_02d16h00m_4.png
52,223.0,55.45584412271571,0.5817576303775129,0.9369747899159664,0.9112133764014901,0.4817109991277472,19,16,127.40807174887892,27.026300549537947,livecell_phase__test-Huh7_Phase_A12_1_02d16h00m_4.png
53,177.0,48.04163056034261,0.31324427652295994,0.946524064171123,0.9637128548335132,0.2793042800682167,16,15,127.909604519774,32.7816396242434,livecell_phase__test-Huh7_Phase_A12_1_02d16h00m_4.png
54,169.0,47.798989873223334,0.6705841835433448,0.949438202247191,0.9295208395152793,0.05129120509725042,17,13,130.88165680473372,29.542831521308482,livecell_phase__test-Huh7_Phase_A12_1_02d16h00m_4.png
55,178.0,47.21320343559643,0.2994059947875623,0.9621621621621622,1.0034666175728333,-0.7985064698343842,15,15,128.19101123595505,20.716045132787627,livecell_phase__test-Huh7_Phase_A12_1_02d16h00m_4.png
56,162.0,48.62741699796952,0.69042543311092,0.9418604651162791,0.8609193638518755,-0.03986236458686722,17,13,128.14814814814815,24.703731467583932,livecell_phase__test-Huh7_Phase_A12_1_02d16h00m_4.png
1,8438.0,474.99599538664313,0.5985265253053351,0.8269306154449235,0.4699692994104948,0.5868194399469552,136,122,128.00592557478075,5.135722571232144,livecell_phase__test-Huh7_Phase_A12_1_03d08h00m_1.png
2,6420.0,364.69343417595167,0.8371973977189414,0.8616293115018119,0.6065812798779326,-0.3923371114531987,113,86,127.97040498442368,10.267484721932405,livecell_phase__test-Huh7_Phase_A12_1_03d08h00m_1.png
3,6291.0,371.2264427649427,0.2660396333970693,0.8304950495049505,0.5736562658598071,0.44441643901387595,105,100,128.1586393260213,4.756203487930566,livecell_phase__test-Huh7_Phase_A12_1_03d08h00m_1.png
4,4769.0,298.50461735799473,0.859314450049535,0.9352814277309276,0.6725662648748532,0.9321412918862108,83,107,127.85531557978612,7.328956403239804,livecell_phase__test-Huh7_Phase_A12_1_03d08h00m_1.png
5,4679.0,277.373629022557,0.5683956796743866,0.9586150379020693,0.7642449398693484,0.7773551334478292,78,81,127.98268860867707,8.923789771680168,livecell_phase__test-Huh7_Phase_A12_1_03d08h00m_1.png
6,3832.0,330.06601717798213,0.9514921212075985,0.9511044924298834,0.4420116733520165,1.4809659742643841,42,147,127.87343423799582,10.706630918140537,livecell_phase__test-Huh7_Phase_A12_1_03d08h00m_1.png
7,3792.0,280.11374439273465,0.7683470945218547,0.8532853285328533,0.6073084932193161,1.1947943663253129,71,99,128.0735759493671,7.970417223376442,livecell_phase__test-Huh7_Phase_A12_1_03d08h00m_1.png
8,3742.0,248.1787155501902,0.37935144281245625,0.9262376237623763,0.763457001206963,1.4782478554853768,76,79,128.09086050240512,8.18785172894027,livecell_phase__test-Huh7_Phase_A12_1_03d08h00m_1.png
9,2723.0,238.73506473629428,0.6630593750636388,0.8474945533769063,0.6003784317464894,-0.7852359773747103,69,76,127.57730444362835,10.073480989650458,livecell_phase__test-Huh7_Phase_A12_1_03d08h00m_1.png
10,2693.0,214.99494936611666,0.3500711702256111,0.9094900371496116,0.7321325272284148,-1.1605560223136973,62,62,127.7694021537319,12.485354193686298,livecell_phase__test-Huh7_Phase_A12_1_03d08h00m_1.png
11,2627.0,294.7289680818844,0.7190031909599361,0.668617968948842,0.38003560743621595,-0.6826398064382271,76,89,128.10582413399314,6.93590704824809,livecell_phase__test-Huh7_Phase_A12_1_03d08h00m_1.png
12,2590.0,246.55129855222071,0.8326267247138789,0.8172925213000947,0.5354205546480343,1.0498837690983251,57,86,128.06833976833977,7.302956080512952,livecell_phase__test-Huh7_Phase_A12_1_03d08h00m_1.png
13,2541.0,218.38582233137677,0.6883170403588846,0.884441350504699,0.6695232271946061,0.4517980184532623,71,62,127.98898071625344,9.261296992510971,livecell_phase__test-Huh7_Phase_A12_1_03d08h00m_1.png
14,2198.0,262.79393923934,0.8259212965026282,0.8382913806254767,0.3999510692443487,1.4348567651110222,44,75,127.6287534121929,15.18033938103967,livecell_phase__test-Huh7_Phase_A12_1_03d08h00m_1.png
15,2400.0,222.16652224137044,0.8808225253739258,0.8617594254937163,0.6110318836475169,1.3556238789656059,49,77,127.95041666666667,10.787204989850503,livecell_phase__test-Huh7_Phase_A12_1_03d08h00m_1.png
16,2223.0,227.76450198781714,0.9008857922881048,0.8391845979614949,0.5384895128338505,0.6286608666926663,73,66,127.91677912730545,6.826215118047111,livecell_phase__test-Huh7_Phase_A12_1_03d08h00m_1.png
17,2174.0,210.30865786510142,0.8154146444063674,0.8616726119698771,0.6176679971596605,-1.4467220212784722,53,76,127.98344066237351,5.470309754101377,livecell_phase__test-Huh7_Phase_A12_1_03d08h00m_1.png
18,2175.0,188.2670273047588,0.7753610430741877,0.925531914893617,0.7711175631405913,1.3583857193259923,46,67,127.90022988505747,9.189382926390788,livecell_phase__test-Huh7_Phase_A12_1_03d08h00m_1.png
19,2166.0,196.22539674441617,0.8014107258625776,0.9376623376623376,0.7068998420385908,0.2875620576922041,68,43,127.89427516158818,5.616588879619104,livecell_phase__test-Huh7_Phase_A12_1_03d08h00m_1.png
20,2087.0,189.63961030678928,0.8382861994249448,0.9430637144148215,0.7292462502338602,-0.27787933784451685,66,44,127.69813128893148,11.938426575163641,livecell_phase__test-Huh7_Phase_A12_1_03d08h00m_1.png
21,1842.0,202.9116882454314,0.8575749160358719,0.8376534788540245,0.5621929062428233,1.5576512569026528,36,72,127.4598262757872,12.568023968101047,livecell_phase__test-Huh7_Phase_A12_1_03d08h00m_1.png
22,1912.0,200.79393923933998,0.7477802687105064,0.92725509214355,0.5959317880772547,-0.9091892609606832,57,70,128.02301255230125,10.049276797177296,livecell_phase__test-Huh7_Phase_A12_1_03d08h00m_1.png
23,1759.0,187.12489168102786,0.7703184005071221,0.818901303538175,0.6312662626853262,-1.282285996256301,51,59,127.91586128482092,12.151533929709675,livecell_phase__test-Huh7_Phase_A12_1_03d08h00m_1.png
24,1784.0,165.29646455628165,0.6716380591931751,0.9570815450643777,0.820498109121596,0.3946340870150507,53,46,127.48991031390135,16.77187712582569,livecell_phase__test-Huh7_Phase_A12_1_03d08h00m_1.png
25,1784.0,173.39696961967,0.8264850918979392,0.9812981298129813,0.7456271401968769,-0.056039581130632954,64,37,127.90863228699551,5.170528497697758,livecell_phase__test-Huh7_Phase_A12_1_03d08h00m_1.png
26,1709.0,179.36753236814712,0.8133597877658505,0.8850336613153806,0.6675199654186562,-1.5301503264719911,41,66,127.63604447045056,9.945245641034466,livecell_phase__test-Huh7_Phase_A12_1_03d08h00m_1.png
27,1689.0,172.06601717798213,0.5987142447949992,0.9321192052980133,0.7168846828422277,-1.5461752595309266,50,60,127.98579040852576,8.382283431725728,livecell_phase__test-Huh7_Phase_A12_1_03d08h00m_1.png
28,1665.0,163.94112549695427,0.2934523479226976,0.9503424657534246,0.7784814657652501,-1.3142845502441287,44,46,127.93273273273273,8.888784513631176,livecell_phase__test-Huh7_Phase_A12_1_03d08h00m_1.png
29,1708.0,186.36753236814712,0.831601215420032,0.9660633484162896,0.6179555265078702,-1.5203775100481653,36,75,127.94789227166277,4.975252715750658,livecell_phase__test-Huh7_Phase_A12_1_03d08h00m_1.png
30,1674.0,196.06601717798213,0.5098030215376175,0.8181818181818182,0.5472183648775227,-1.4691454568407682,55,55,128.3279569892473,9.092480896257477,livecell_phase__test-Huh7_Phase_A12_1_03d08h00m_1.png
31,1641.0,160.2670273047588,0.571611798379288,0.9452764976958525,0.8028419960025391,0.04434711398252283,55,44,127.83424741011578,10.667454513548664,livecell_phase__test-Huh7_Phase_A12_1_03d08h00m_1.png
32,1634.0,176.65180361560903,0.8974383437524548,0.9657210401891253,0.6579998041289887,0.7866607467885998,57,55,127.97613219094248,9.294385360976783,livecell_phase__test-Huh7_Phase_A12_1_03d08h00m_1.png
33,1609.0,185.23149339882605,0.9182576782867349,0.9075014100394811,0.589299743118625,-0.38289169191174516,70,41,127.63890615288999,9.880554647687914,livecell_phase__test-Huh7_Phase_A12_1_03d08h00m_1.png
34,1565.0,168.81118318204307,0.5080469516196339,0.8902161547212741,0.6901154944423477,1.2378321379701234,47,51,127.97507987220447,9.559299642659873,livecell_phase__test-Huh7_Phase_A12_1_03d08h00m_1.png
35,1592.0,322.7289680818844,0.928902846652462,0.38962310327949096,0.1920777362939193,1.3385882997957612,62,103,127.33605527638191,11.016867219569633,livecell_phase__test-Huh7_Phase_A12_1_03d08h00m_1.png
36,1577.0,159.61017305526642,0.6474226034747209,0.9254694835680751,0.7778939976203393,-0.10320694307931284,55,44,127.80342422320862,11.003690552550117,livecell_phase__test-Huh7_Phase_A12_1_03d08h00m_1.png
37,1534.0,214.81118318204307,0.9681581657173459,0.8750713063320023,0.41775480055239916,1.337732016619926,33,87,128.15645371577574,13.967938028548456,livecell_phase__test-Huh7_Phase_A12_1_03d08h00m_1.png
38,1528.0,173.71067811865476,0.6786771172699774,0.8536312849162011,0.6363267593618525,0.11423417942107533,55,43,127.79319371727749,10.401767155499975,livecell_phase__test-Huh7_Phase_A12_1_03d08h00m_1.png
39,1512.0,157.9827560572969,0.5878837387940434,0.939714108141703,0.7612762538951906,0.9019169539573219,46,47,128.04431216931218,8.259035099227704,livecell_phase__test-Huh7_Phase_A12_1_03d08h00m_1.png
40,1513.0,165.12489168102786,0.8103649207365412,0.8915733647613435,0.6973064791963819,-0.5387720611642617,57,43,127.67151354923992,12.224430866204996,livecell_phase__test-Huh7_Phase_A12_1_03d08h00m_1.png
41,1491.0,162.61017305526642,0.6246921813385107,0.9527156549520767,0.7085852103547056,-1.5051155001995924,47,53,128.57545271629778,14.485411185148592,livecell_phase__test-Huh7_Phase_A12_1_03d08h00m_1.png
42,1465.0,161.3086578651014,0.6441353114205748,0.9144818976279651,0.7075092678986858,0.7298425298500477,55,50,128.22116040955632,14.560509124244382,livecell_phase__test-Huh7_Phase_A12_1_03d08h00m_1.png
43,1407.0,177.1543289325507,0.8062971895031689,0.84,0.5633786996703862,-1.3143982707667254,37,64,127.80668088130774,7.677555562612208,livecell_phase__test-Huh7_Phase_A12_1_03d08h00m_1.png
44,1297.0,173.47413408594534,0.9252338088716417,0.9324227174694465,0.5416021546408433,-1.032552434060423,37,70,127.88974556669237,7.991573897941401,livecell_phase__test-Huh7_Phase_A12_1_03d08h00m_1.png
45,1352.0,156.8111831820431,0.5460689131165917,0.885396201702685,0.6909275216413561,0.8135683170609802,45,43,127.87943786982248,10.663469285312475,livecell_phase__test-Huh7_Phase_A12_1_03d08h00m_1.png
46,1355.0,153.53910524340094,0.6975152864316106,0.8973509933774835,0.7222892453741209,0.12037029921849834,49,39,128.15129151291512,13.155891451430035,livecell_phase__test-Huh7_Phase_A12_1_03d08h00m_1.png
47,1373.0,148.5685424949238,0.7969675977688022,0.961484593837535,0.781675815936369,-0.4199015383894572,51,36,127.47560087399854,15.201162235372092,livecell_phase__test-Huh7_Phase_A12_1_03d08h00m_1.png
48,1337.0,145.9177848998413,0.484929376494891,0.9317073170731708,0.789086865996257,0.6748262245056524,42,42,127.86013462976814,16.853827229388,livecell_phase__test-Huh7_Phase_A12_1_03d08h00m_1.png
49,1329.0,184.3259018078045,0.9665655651596643,0.9022403258655805,0.4915436728822379,-1.503147483737184,25,78,127.94958615500376,7.848241849593481,livecell_phase__test-Huh7_Phase_A12_1_03d08h00m_1.png
50,1291.0,150.39696961967,0.8561059872004614,0.9464809384164223,0.7172291548101243,0.39043500942022613,55,35,127.87296669248644,10.750431567276804,livecell_phase__test-Huh7_Phase_A12_1_03d08h00m_1.png
51,1265.0,185.6812408671319,0.7251799682288352,0.8103779628443306,0.4610673084130682,-0.8284187079274699,43,53,127.77154150197629,14.227429264402407,livecell_phase__test-Huh7_Phase_A12_1_03d08h00m_1.png
52,1173.0,147.1543289325507,0.8216304215665854,0.9783152627189324,0.6807094676864271,-1.3259012088989133,31,57,128.01278772378515,3.3592523657906526,livecell_phase__test-Huh7_Phase_A12_1_03d08h00m_1.png
53,1177.0,139.0538238691624,0.6741109620069787,0.9431089743589743,0.7649278171377276,-0.5736942537771763,46,39,128.25233644859813,5.475678523130399,livecell_phase__test-Huh7_Phase_A12_1_03d08h00m_1.png
54,1164.0,133.39696961967,0.7672525364464451,0.9572368421052632,0.821998294950256,-1.1275513148267273,36,45,127.7147766323024,7.928010818250648,livecell_phase__test-Huh7_Phase_A12_1_03d08h00m_1.png
55,1116.0,148.05382386916236,0.7393892440565822,0.8829113924050633,0.6397861014512215,0.344482037037535,53,37,128.09856630824373,6.412294817477467,livecell_phase__test-Huh7_Phase_A12_1_03d08h00m_1.png
56,1078.0,147.29646455628165,0.8060423100132685,0.9261168384879725,0.6243728053042626,0.4820727577230466,52,38,128.11688311688312,6.037704100444155,livecell_phase__test-Huh7_Phase_A12_1_03d08h00m_1.png
57,1057.0,129.25483399593904,0.7585094750136818,0.9715073529411765,0.7950441802346916,-0.16922270302906223,47,29,127.9763481551561,13.02360889140091,livecell_phase__test-Huh7_Phase_A12_1_03d08h00m_1.png
58,1059.0,140.29646455628165,0.7739394739163334,0.9455357142857143,0.6761022326324418,-1.3039045491736243,33,53,127.34183191690273,16.260748804898753,livecell_phase__test-Huh7_Phase_A12_1_03d08h00m_1.png
59,1078.0,135.63961030678928,0.7014459901759658,0.9182282793867121,0.7363012844997141,1.209040844937097,37,46,127.57421150278293,12.49747889528916,livecell_phase__test-Huh7_Phase_A12_1_03d08h00m_1.png
60,1031.0,121.49747468305833,0.46223095013457893,0.9662605435801312,0.8776756040042465,-0.4327077838457236,38,35,127.83705140640156,10.976591998755975,livecell_phase__test-Huh7_Phase_A12_1_03d08h00m_1.png
61,984.0,171.0304832720494,0.9696279651845405,0.8785714285714286,0.42272498429608757,1.000385625775143,48,61,127.38821138211382,13.791703322674957,livecell_phase__test-Huh7_Phase_A12_1_03d08h00m_1.png
62,944.0,129.1543289325507,0.6137927500218516,0.979253112033195,0.7111544367630939,-1.12635682258665,35,43,128.6906779661017,13.502498119702345,livecell_phase__test-Huh7_Phase_A12_1_03d08h00m_1.png
63,896.0,139.57463914933368,0.7913075356754947,0.8631984585741811,0.5779694006658361,-0.9498145681015189,40,49,128.24665178571428,5.2300311085694275,livecell_phase__test-Huh7_Phase_A12_1_03d08h00m_1.png
64,874.0,137.29646455628165,0.8600126670284257,0.8468992248062015,0.5826430742246633,1.2797989094639615,35,50,127.7929061784897,8.459319533949971,livecell_phase__test-Huh7_Phase_A12_1_03d08h00m_1.png
65,879.0,111.39696961966999,0.48013570699319025,0.9606557377049181,0.8901270227934426,-1.1139855049728875,34,36,128.53697383390215,23.33196522115586,livecell_phase__test-Huh7_Phase_A12_1_03d08h00m_1.png
66,843.0,127.39696961966999,0.8810916995577485,0.9223194748358862,0.6527084625005717,0.49192592723656514,45,33,127.91696322657177,16.687703950472756,livecell_phase__test-Huh7_Phase_A12_1_03d08h00m_1.png
67,797.0,127.79898987322333,0.9398276064307266,0.9556354916067147,0.6132158096344439,-0.0309082036093512,51,18,128.0853199498118,6.609202193183374,livecell_phase__test-Huh7_Phase_A12_1_03d08h00m_1.png
68,817.0,109.63961030678928,0.48177179650245855,0.9488966318234611,0.8540768572769292,-1.3771285459613525,32,38,127.92533659730722,4.984485788013923,livecell_phase__test-Huh7_Phase_A12_1_03d08h00m_1.png
69,805.0,113.84062043356595,0.7704611971483167,0.9526627218934911,0.7805688866785887,1.5078009897689337,25,42,127.88074534161491,14.96781439514291,livecell_phase__test-Huh7_Phase_A12_1_03d08h00m_1.png
70,793.0,133.7401153701776,0.8736950835328553,0.8445154419595314,0.5571340019748539,-1.1257614830207507,31,46,127.77931904161413,5.099561194717288,livecell_phase__test-Huh7_Phase_A12_1_03d08h00m_1.png
71,692.0,110.12489168102783,0.7009609483734064,0.9276139410187667,0.7170426195015324,-0.6692933403513576,37,35,128.79768786127167,10.54865388095833,livecell_phase__test-Huh7_Phase_A12_1_03d08h00m_1.png
72,682.0,116.5269119345812,0.8754703254695861,0.8687898089171975,0.631163337273506,-0.1342582275058396,41,24,127.99120234604105,15.351977301271742,livecell_phase__test-Huh7_Phase_A12_1_03d08h00m_1.png
73,709.0,130.2193000900063,0.9341291497508056,0.9054916985951469,0.5254185308159028,-1.5333451540729692,19,58,128.87023977433003,11.808537351653063,livecell_phase__test-Huh7_Phase_A12_1_03d08h00m_1.png
74,604.0,115.84062043356595,0.85863132507228,0.9278033794162827,0.5656203846774517,-0.3922976235417419,41,25,126.99503311258277,17.137783337238666,livecell_phase__test-Huh7_Phase_A12_1_03d08h00m_1.png
75,541.0,105.11269837220809,0.8373463875098591,0.9626334519572953,0.6153139467095748,1.1573953662773444,26,36,127.87060998151571,9.52348422341402,livecell_phase__test-Huh7_Phase_A12_1_03d08h00m_1.png
76,454.0,78.76955262170047,0.41623150903611267,0.9557894736842105,0.9194941259345232,-0.28833985433009973,25,23,126.78193832599119,23.857756332313716,livecell_phase__test-Huh7_Phase_A12_1_03d08h00m_1.png
77,328.0,113.9350288425444,0.9861168619673931,0.8388746803069054,0.31751860255769293,1.4773559937415612,12,52,128.5548780487805,11.39466769214426,livecell_phase__test-Huh7_Phase_A12_1_03d08h00m_1.png
78,339.0,66.52691193458118,0.46941189216383344,0.9630681818181818,0.9625312375642673,-0.9524399423363143,21,21,127.92330383480827,29.02618113780312,livecell_phase__test-Huh7_Phase_A12_1_03d08h00m_1.png
79,340.0,82.18376618407356,0.9244144498959697,0.8673469387755102,0.6325818135996082,1.2487932528892915,19,32,125.90882352941176,29.525670462547936,livecell_phase__test-Huh7_Phase_A12_1_03d08h00m_1.png
80,145.0,42.970562748477136,0.13244891973001824,0.9354838709677419,0.9868150939050996,0.06641395131294493,14,13,130.5103448275862,33.80351282324721,livecell_phase__test-Huh7_Phase_A12_1_03d08h00m_1.png
81,146.0,43.21320343559643,0.637912152925867,0.948051948051948,0.9824937480221231,0.14294874088915385,16,12,127.05479452054794,31.926667005086337,livecell_phase__test-Huh7_Phase_A12_1_03d08h00m_1.png
1,9272.0,422.445742854949,0.7465702703243574,0.9228625460336419,0.6528920961927939,0.2179053738757348,140,103,128.06018119068162,4.704678188892835,livecell_phase__test-Huh7_Phase_A12_1_03d16h00m_1.png
2,5109.0,350.14927829866735,0.838237526160273,0.8814699792960663,0.5236478148682003,-1.359033147884338,72,113,127.98453709140732,7.550051926498303,livecell_phase__test-Huh7_Phase_A12_1_03d16h00m_1.png
3,4749.0,301.73506473629425,0.7135148181041596,0.873138444567016,0.6554815445057163,-0.8172669679165837,89,93,127.94104021899348,11.471989666443864,livecell_phase__test-Huh7_Phase_A12_1_03d16h00m_1.png
4,4613.0,279.90663761154804,0.5784515610111343,0.9251905334937826,0.739889601997544,1.2063678684147654,82,91,128.13050075872533,8.482054589754169,livecell_phase__test-Huh7_Phase_A12_1_03d16h00m_1.png
5,4187.0,309.9066376115481,0.5195495985436253,0.8111197210383573,0.5478366320050003,0.5296785380211325,91,90,128.15165989968952,5.054153739015209,livecell_phase__test-Huh7_Phase_A12_1_03d16h00m_1.png
6,3228.0,235.88225099390854,0.6488868211176396,0.9249283667621776,0.7290425276265858,1.449992110183667,59,71,127.71902106567534,9.689896757221065,livecell_phase__test-Huh7_Phase_A12_1_03d16h00m_1.png
7,3057.0,235.23759005323595,0.7408717871734853,0.9174669867947179,0.694211589485314,-1.0682635430094745,66,73,128.1282302911351,4.8290953093374585,livecell_phase__test-Huh7_Phase_A12_1_03d16h00m_1.png
8,2823.0,235.7645019878171,0.7507965479694431,0.8981864460706331,0.638210449071723,1.4177621519393944,64,84,128.04605030109812,5.164801354262964,livecell_phase__test-Huh7_Phase_A12_1_03d16h00m_1.png
9,2604.0,256.40916292848976,0.9003036033184825,0.925044404973357,0.4977184754139804,-1.5134663437762195,43,109,127.86213517665131,13.280119037375298,livecell_phase__test-Huh7_Phase_A12_1_03d16h00m_1.png
10,2491.0,234.49242404917499,0.5304334525549401,0.8646303366886497,0.5692800430719058,-1.2430135517224423,68,69,127.99076676033721,6.39471089518156,livecell_phase__test-Huh7_Phase_A12_1_03d16h00m_1.png
11,2454.0,203.9655121145938,0.6694843742180743,0.9496904024767802,0.7412606431880949,-0.7255209270042229,61,61,127.96414017929911,5.4155306690081195,livecell_phase__test-Huh7_Phase_A12_1_03d16h00m_1.png
12,2381.0,191.3380951166243,0.3242310100651992,0.9569935691318328,0.8172715245335654,1.1430375369047006,57,60,128.05333893322134,16.232563105659022,livecell_phase__test-Huh7_Phase_A12_1_03d16h00m_1.png
13,2266.0,207.7228714274745,0.29728541126588504,0.8917748917748918,0.6599349586612692,0.4814207025485704,63,61,128.07325684024713,5.7429429953082884,livecell_phase__test-Huh7_Phase_A12_1_03d16h00m_1.png
14,2275.0,213.6223663640862,0.7941532956856274,0.8841818888457054,0.6264664561504488,1.0854754910063258,58,71,127.68791208791208,9.898704934327867,livecell_phase__test-Huh7_Phase_A12_1_03d16h00m_1.png
15,2220.0,209.86500705120545,0.7098906687607155,0.9124537607891492,0.6334068824407874,-0.7383714179513404,70,63,128.00765765765766,9.913564958636627,livecell_phase__test-Huh7_Phase_A12_1_03d16h00m_1.png
16,2151.0,203.29646455628165,0.8958229918146615,0.9442493415276558,0.6540193870407057,-1.4888620359045073,35,82,127.92794049279405,12.54647947710254,livecell_phase__test-Huh7_Phase_A12_1_03d16h00m_1.png
17,2182.0,241.99494936611666,0.8083191991919872,0.8147871545929798,0.4682222054667174,0.5598778121262554,76,59,128.06736938588452,8.366082518692181,livecell_phase__test-Huh7_Phase_A12_1_03d16h00m_1.png
18,2096.0,203.43250352560273,0.9085007392547875,0.9597069597069597,0.6364443784904503,1.4987585423919214,33,83,127.92986641221374,5.877758016040759,livecell_phase__test-Huh7_Phase_A12_1_03d16h00m_1.png
19,2157.0,189.4386001800126,0.75184656590836,0.9253539253539254,0.7553062132664368,-1.5115741417514812,47,65,127.86833565136764,12.569742524514421,livecell_phase__test-Huh7_Phase_A12_1_03d16h00m_1.png
20,2073.0,189.16652224137044,0.7917628710454769,0.943130118289354,0.727981942751565,0.18652747437546127,72,44,128.35214664737097,14.264250885597338,livecell_phase__test-Huh7_Phase_A12_1_03d16h00m_1.png
21,1991.0,204.10155108391487,0.8457988039763975,0.8825354609929078,0.6006044058004129,0.4583487819738886,79,49,128.0160723254646,11.281465526816092,livecell_phase__test-Huh7_Phase_A12_1_03d16h00m_1.png
22,2000.0,194.22539674441617,0.8444550111571154,0.8873114463176575,0.6662355844609149,1.2362420571015713,47,63,127.799,9.923839932203663,livecell_phase__test-Huh7_Phase_A12_1_03d16h00m_1.png
23,1938.0,172.2670273047588,0.6167025946159317,0.968031968031968,0.8206525396311263,1.0235242769340762,51,55,127.88493292053664,5.5098813590638755,livecell_phase__test-Huh7_Phase_A12_1_03d16h00m_1.png
24,1844.0,170.6101730552664,0.6416522191793701,0.9639309984317825,0.7960877364413237,-1.0700512368640585,50,54,126.92841648590021,17.164834261842373,livecell_phase__test-Huh7_Phase_A12_1_03d16h00m_1.png
25,1801.0,218.92997820866105,0.8343965038045054,0.7592748735244519,0.47218600302310115,1.3950524977182577,48,79,128.02665186007775,20.724478504381636,livecell_phase__test-Huh7_Phase_A12_1_03d16h00m_1.png
26,1776.0,199.4386001800126,0.8647395297244875,0.9038167938931297,0.5610924060511373,0.07982634131163319,79,40,128.03603603603602,7.708428670959989,livecell_phase__test-Huh7_Phase_A12_1_03d16h00m_1.png
27,1754.0,174.50966799187808,0.7964676768323791,0.9394750937332619,0.7237698178860134,1.2885443411936666,42,65,127.63283922462942,6.37374301604517,livecell_phase__test-Huh7_Phase_A12_1_03d16h00m_1.png
28,1668.0,170.36143571373725,0.6333275916469353,0.9531428571428572,0.7222097172165196,-0.5038379044023793,49,49,127.59892086330935,12.940666063383336,livecell_phase__test-Huh7_Phase_A12_1_03d16h00m_1.png
29,1624.0,165.74011537017762,0.6299190719053457,0.9458357600465929,0.7429175456414893,0.00877710071682923,54,42,127.88546798029557,5.972880884613606,livecell_phase__test-Huh7_Phase_A12_1_03d16h00m_1.png
30,1598.0,199.09545442950497,0.7926692053383231,0.8182283666154634,0.5065985583558802,-1.4184888694817543,53,65,127.83854818523155,8.44974636672285,livecell_phase__test-Huh7_Phase_A12_1_03d16h00m_1.png
31,1568.0,168.50966799187808,0.5916261230056317,0.8868778280542986,0.6939150016213855,0.23065736452176175,57,48,127.87117346938776,5.927063977930372,livecell_phase__test-Huh7_Phase_A12_1_03d16h00m_1.png
32,1590.0,173.36753236814712,0.6773663021136458,0.8702791461412152,0.6647700623932623,1.3480570582046927,46,57,127.79559748427673,19.378724136828886,livecell_phase__test-Huh7_Phase_A12_1_03d16h00m_1.png
33,1590.0,189.88834764831842,0.32035948385736474,0.7699757869249395,0.5541283342647809,-1.3290607323657,59,58,127.94905660377358,9.585657314656554,livecell_phase__test-Huh7_Phase_A12_1_03d16h00m_1.png
34,1575.0,153.0538238691624,0.7224878074589282,0.9586122945830797,0.8448936641234083,1.325800030187186,39,53,127.83428571428571,8.511047855634876,livecell_phase__test-Huh7_Phase_A12_1_03d16h00m_1.png
35,1579.0,192.7228714274745,0.9302442472428885,0.8647316538882804,0.5342265633190787,1.1012895336102932,52,70,128.17352754908168,8.035877965401594,livecell_phase__test-Huh7_Phase_A12_1_03d16h00m_1.png
36,1520.0,166.0243866176395,0.8250483974204722,0.9206541490006057,0.6929624201820241,-0.5848163940566456,52,48,128.0092105263158,7.998267536614265,livecell_phase__test-Huh7_Phase_A12_1_03d16h00m_1.png
37,1528.0,158.99494936611666,0.3233121869079631,0.9271844660194175,0.7595678265277286,0.019194566739592075,50,52,128.02814136125656,8.361819155070936,livecell_phase__test-Huh7_Phase_A12_1_03d16h00m_1.png
38,1521.0,190.0243866176395,0.7799202483399622,0.768958543983822,0.5293225540911154,0.29584663718441595,54,48,128.29454306377383,7.04106694608635,livecell_phase__test-Huh7_Phase_A12_1_03d16h00m_1.png
39,1511.0,152.12489168102786,0.7129215817173463,0.9605848696757787,0.8204908918094164,-0.10494108364618637,54,38,127.56121773659828,13.38875747942018,livecell_phase__test-Huh7_Phase_A12_1_03d16h00m_1.png
40,1516.0,168.61017305526642,0.8809987592089505,0.9369592088998764,0.6701029302649257,-0.4171025003756792,60,43,127.94788918205805,6.842599147299348,livecell_phase__test-Huh7_Phase_A12_1_03d16h00m_1.png
41,1513.0,150.46803743153546,0.5704715215857799,0.9515723270440252,0.8397698516893541,-0.6255250514037745,48,43,127.80370125578321,9.973881929098779,livecell_phase__test-Huh7_Phase_A12_1_03d16h00m_1.png
42,1434.0,173.43250352560273,0.8926732043225378,0.9311688311688312,0.5990982194604382,0.07452670042902143,71,31,127.6513249651325,16.336499475724263,livecell_phase__test-Huh7_Phase_A12_1_03d16h00m_1.png
43,1419.0,177.88225099390854,0.9444666470587335,0.879182156133829,0.5635429568918061,-1.3674054067960673,34,71,127.87667371388302,9.942449545246946,livecell_phase__test-Huh7_Phase_A12_1_03d16h00m_1.png
44,1404.0,147.39696961967,0.6618970941765006,0.9486486486486486,0.8120819585382915,-0.18146271431141364,48,39,127.99358974358974,11.75724733479392,livecell_phase__test-Huh7_Phase_A12_1_03d16h00m_1.png
45,1359.0,151.63961030678928,0.565273756393595,0.9308219178082192,0.7426838864463601,-1.213854217316846,39,52,128.13245033112582,6.691793648733597,livecell_phase__test-Huh7_Phase_A12_1_03d16h00m_1.png
46,1344.0,143.19595949289334,0.7011599981217502,0.9372384937238494,0.8236592974532841,-0.8685432350942981,44,46,127.75520833333333,9.379660093441657,livecell_phase__test-Huh7_Phase_A12_1_03d16h00m_1.png
47,1381.0,187.8233764908628,0.9453489522147058,0.9206666666666666,0.491931072626764,0.5754736850827675,68,49,128.16292541636494,7.857637257722253,livecell_phase__test-Huh7_Phase_A12_1_03d16h00m_1.png
48,1364.0,161.33809511662426,0.8975896863770434,0.9465648854961832,0.6584918198834253,-0.5628390278810894,54,48,127.86950146627566,7.633694565106792,livecell_phase__test-Huh7_Phase_A12_1_03d16h00m_1.png
49,1319.0,156.8528137423857,0.8351216745724088,0.9223776223776223,0.6737054055345099,-0.399458114083888,56,43,128.07657316148598,9.257714694113865,livecell_phase__test-Huh7_Phase_A12_1_03d16h00m_1.png
50,1316.0,143.29646455628165,0.6693599918823943,0.9488103821196827,0.8053688023139459,0.2847994247537346,46,40,128.09650455927053,12.840047768122561,livecell_phase__test-Huh7_Phase_A12_1_03d16h00m_1.png
51,1291.0,150.2670273047588,0.49098676424686444,0.9201710620099787,0.7184701284913825,-0.8935012934288367,49,45,127.64601084430674,9.309932684843606,livecell_phase__test-Huh7_Phase_A12_1_03d16h00m_1.png
52,1280.0,159.33199846221441,0.7229086822017667,0.8743169398907104,0.6335980424912572,1.3154296481626433,40,57,128.17265625,8.77900740797819,livecell_phase__test-Huh7_Phase_A12_1_03d16h00m_1.png
53,1293.0,153.1959594928933,0.833984787100916,0.9424198250728864,0.6923309819880971,-1.4969990584805726,34,61,128.1214230471771,8.956021128171516,livecell_phase__test-Huh7_Phase_A12_1_03d16h00m_1.png
54,584.0,199.4030662740799,0.6452411912929921,0.4192390524048816,0.18456912211991558,-1.087175122646357,45,45,128.73116438356163,15.010087521774622,livecell_phase__test-Huh7_Phase_A12_1_03d16h00m_1.png
55,1250.0,162.19595949289334,0.683604356465533,0.8771929824561403,0.597090023287988,0.6832123378555028,49,50,127.3704,19.57000776290086,livecell_phase__test-Huh7_Phase_A12_1_03d16h00m_1.png
56,1298.0,321.14927829866735,0.9137120205611262,0.3373180873180873,0.1581505314706956,1.489935472470894,67,96,127.22650231124807,11.335322172408949,livecell_phase__test-Huh7_Phase_A12_1_03d16h00m_1.png
57,1200.0,160.5685424949238,0.8734517030568449,0.9302325581395349,0.584884590648138,-1.3144254208202377,33,61,128.09833333333333,19.295387978017498,livecell_phase__test-Huh7_Phase_A12_1_03d16h00m_1.png
58,1222.0,147.29646455628165,0.8136194949270547,0.9078751857355126,0.7077769648254257,-1.1419387116145405,38,51,127.7201309328969,10.55692560432546,livecell_phase__test-Huh7_Phase_A12_1_03d16h00m_1.png
59,1209.0,137.095454429505,0.5661339547980132,0.9467501957713391,0.8083325250951263,0.6665916547346067,45,44,127.44003308519437,19.143787957680487,livecell_phase__test-Huh7_Phase_A12_1_03d16h00m_1.png
60,1199.0,156.36753236814712,0.9109666091314567,0.9244410177332305,0.6162201308452906,-0.1502033817777431,65,29,126.66388657214345,20.58691670754546,livecell_phase__test-Huh7_Phase_A12_1_03d16h00m_1.png
61,1189.0,153.4386001800126,0.9200853924362828,0.9573268921095008,0.6346327253475833,1.1428583595006023,34,61,127.67872161480236,9.634239109039092,livecell_phase__test-Huh7_Phase_A12_1_03d16h00m_1.png
62,1174.0,174.47413408594534,0.7587839087656605,0.7718606180144642,0.4846362078120921,0.36992223000964847,57,45,127.93952299829643,8.937064931233063,livecell_phase__test-Huh7_Phase_A12_1_03d16h00m_1.png
63,1175.0,167.61017305526642,0.8574406332038745,0.8058984910836763,0.525589864483346,-1.1418968217027579,43,55,128.05617021276595,12.264957616426146,livecell_phase__test-Huh7_Phase_A12_1_03d16h00m_1.png
64,1174.0,144.36753236814712,0.8243168966043459,0.9136186770428015,0.7078461828132756,0.831100123324484,42,46,127.63032367972743,5.903364362643349,livecell_phase__test-Huh7_Phase_A12_1_03d16h00m_1.png
65,1121.0,150.47413408594534,0.85101517819742,0.9011254019292605,0.6221452231772145,0.968168135758589,39,56,127.37377341659233,17.90739357962914,livecell_phase__test-Huh7_Phase_A12_1_03d16h00m_1.png
66,1078.0,163.23759005323592,0.935168488278989,0.8785656071719642,0.5083797882847575,-0.9146273050439913,46,59,128.58070500927644,8.802327164470944,livecell_phase__test-Huh7_Phase_A12_1_03d16h00m_1.png
67,1080.0,137.78174593052023,0.7994971453282617,0.9052808046940486,0.7149081566147375,0.7689125015760598,42,41,127.88148148148149,7.905039978676381,livecell_phase__test-Huh7_Phase_A12_1_03d16h00m_1.png
68,1075.0,129.78174593052023,0.7570585481196925,0.9504862953138815,0.8020309052154,1.05500126125664,37,46,127.86232558139535,13.165198103458186,livecell_phase__test-Huh7_Phase_A12_1_03d16h00m_1.png
69,1050.0,145.4386001800126,0.828615939668521,0.8692052980132451,0.6237919864754892,-0.728998784428208,44,47,128.51809523809524,16.76771717405279,livecell_phase__test-Huh7_Phase_A12_1_03d16h00m_1.png
70,1028.0,130.12489168102783,0.7910357537816137,0.9413919413919414,0.7629256505372873,-0.4320630657956402,45,34,127.47568093385215,9.333550628666751,livecell_phase__test-Huh7_Phase_A12_1_03d16h00m_1.png
71,1017.0,146.9116882454314,0.8959660583431942,0.93646408839779,0.5921314356795896,-1.569946929243347,26,60,126.84070796460178,10.193129865286972,livecell_phase__test-Huh7_Phase_A12_1_03d16h00m_1.png
72,971.0,128.18376618407356,0.6765273133466441,0.9661691542288557,0.7426138401297355,1.172014501846209,31,43,128.16477857878476,6.756896421865073,livecell_phase__test-Huh7_Phase_A12_1_03d16h00m_1.png
73,964.0,136.91168824543144,0.8486143914512196,0.8763636363636363,0.6462578723293718,0.26238819690592463,47,32,127.95539419087137,8.82994492249188,livecell_phase__test-Huh7_Phase_A12_1_03d16h00m_1.png
74,966.0,144.0538238691624,0.8740018758667051,0.8473684210526315,0.5849751378622262,-0.750100658638924,38,47,127.93167701863354,5.557854074020422,livecell_phase__test-Huh7_Phase_A12_1_03d16h00m_1.png
75,965.0,126.32590180780451,0.5400639310481139,0.9208015267175572,0.7598928582860549,-0.7578387716899172,39,37,127.26943005181347,16.72570384483747,livecell_phase__test-Huh7_Phase_A12_1_03d16h00m_1.png
76,901.0,114.91168824543142,0.6415578535897819,0.9595314164004259,0.8574449454742702,0.792292751089142,34,36,125.92230854605994,23.445891650610065,livecell_phase__test-Huh7_Phase_A12_1_03d16h00m_1.png
77,652.0,174.40306627407986,0.5879607916592788,0.6965811965811965,0.26937000063114375,0.03804635656630897,41,34,127.42638036809817,12.194956858793534,livecell_phase__test-Huh7_Phase_A12_1_03d16h00m_1.png
78,871.0,139.61017305526642,0.781737206850966,0.7896645512239348,0.5615570555107516,0.18227087857267135,44,36,127.8243398392652,15.968544136260402,livecell_phase__test-Huh7_Phase_A12_1_03d16h00m_1.png
79,835.0,118.46803743153546,0.7535514718787757,0.9360986547085202,0.7476424495355362,0.8813440646175272,35,37,127.50898203592814,8.211185786330825,livecell_phase__test-Huh7_Phase_A12_1_03d16h00m_1.png
80,802.0,122.32590180780451,0.903254893880979,0.9491124260355029,0.6735151668622519,0.2548215605030733,50,24,127.06608478802993,10.588511719392567,livecell_phase__test-Huh7_Phase_A12_1_03d16h00m_1.png
81,808.0,129.1543289325507,0.9160832155519804,0.8763557483731019,0.6086999840090889,-0.08228850165509433,52,26,127.34158415841584,10.850110802251523,livecell_phase__test-Huh7_Phase_A12_1_03d16h00m_1.png
82,752.0,135.53910524340094,0.9281197221330594,0.7991498405951116,0.5143970578705845,0.888233287850897,42,43,127.88962765957447,17.797615154298384,livecell_phase__test-Huh7_Phase_A12_1_03d16h00m_1.png
83,755.0,123.6335136523794,0.8960042777804287,0.967948717948718,0.6207037820178478,0.011816672374147689,52,21,127.95364238410596,4.345261175126058,livecell_phase__test-Huh7_Phase_A12_1_03d16h00m_1.png
84,669.0,107.76955262170047,0.7773323720324578,0.9330543933054394,0.7238420715289607,-1.227074499427389,24,39,127.79671150971599,11.976955499098517,livecell_phase__test-Huh7_Phase_A12_1_03d16h00m_1.png
85,628.0,110.5269119345812,0.8742391646932207,0.9646697388632872,0.6460013644750886,1.4806151287586298,20,44,128.46815286624204,5.903464795194165,livecell_phase__test-Huh7_Phase_A12_1_03d16h00m_1.png
86,638.0,104.90559159102155,0.7350551456859123,0.9652042360060514,0.7285062270046228,1.0074394241341507,27,34,128.04545454545453,3.1725907399820383,livecell_phase__test-Huh7_Phase_A12_1_03d16h00m_1.png
87,628.0,107.84062043356593,0.8914943828985458,0.9429429429429429,0.6785857761619801,0.22146853164373756,43,22,127.71815286624204,12.741870960302048,livecell_phase__test-Huh7_Phase_A12_1_03d16h00m_1.png
88,575.0,120.76955262170046,0.9422702596896638,0.9599332220367279,0.4954077470752867,0.03079528351104835,55,16,128.17217391304348,7.803004413865068,livecell_phase__test-Huh7_Phase_A12_1_03d16h00m_1.png
89,526.0,109.9116882454314,0.9111675970267783,0.8193146417445483,0.5471518233216287,-0.25723840989134955,39,24,127.39353612167301,9.568796129031142,livecell_phase__test-Huh7_Phase_A12_1_03d16h00m_1.png
90,502.0,110.18986283848344,0.9230029560163294,0.8338870431893688,0.5195535256223124,-1.0106653499120501,31,37,127.90438247011951,15.570135012257657,livecell_phase__test-Huh7_Phase_A12_1_03d16h00m_1.png
91,448.0,77.11269837220809,0.3473403954249938,0.9655172413793104,0.9467516639257436,-0.1109401311552373,24,23,126.80133928571429,23.461181806928277,livecell_phase__test-Huh7_Phase_A12_1_03d16h00m_1.png
92,445.0,81.698484809835,0.5447627321695089,0.9232365145228216,0.8378029220632222,-1.2456010626373444,23,25,129.8988764044944,14.392761089215682,livecell_phase__test-Huh7_Phase_A12_1_03d16h00m_1.png
93,438.0,77.94112549695427,0.6847655523450618,0.9626373626373627,0.9060467957096503,1.0828637404259929,22,26,128.29223744292239,29.998119941367662,livecell_phase__test-Huh7_Phase_A12_1_03d16h00m_1.png
94,426.0,90.32590180780451,0.7556940679650719,0.83203125,0.6561374865804765,0.23104118143230293,31,24,127.37793427230046,24.032653480035336,livecell_phase__test-Huh7_Phase_A12_1_03d16h00m_1.png
95,390.0,74.2842712474619,0.657192727549602,0.9535452322738386,0.8881385818359327,0.3908747938540449,24,21,126.99230769230769,25.807620466864737,livecell_phase__test-Huh7_Phase_A12_1_03d16h00m_1.png
96,399.0,94.11269837220809,0.7996421716065497,0.8730853391684902,0.5660910759627628,0.5553811809951584,30,25,128.21553884711778,10.520473375660892,livecell_phase__test-Huh7_Phase_A12_1_03d16h00m_1.png
97,374.0,71.698484809835,0.4392034203340594,0.9516539440203562,0.9142427192076646,0.6593570523541872,22,22,127.5909090909091,18.04024089880517,livecell_phase__test-Huh7_Phase_A12_1_03d16h00m_1.png
98,363.0,69.698484809835,0.6145045973324497,0.968,0.9390091303425919,0.7170225866646516,22,21,130.04407713498622,31.12028095000547,livecell_phase__test-Huh7_Phase_A12_1_03d16h00m_1.png
99,346.0,82.76955262170047,0.9173576887974703,0.9057591623036649,0.6346652898961681,-1.1216042379074769,19,32,126.27745664739885,29.512775922713633,livecell_phase__test-Huh7_Phase_A12_1_03d16h00m_1.png
100,322.0,88.07716446627535,0.9463332503439075,0.9498525073746312,0.5216018060467923,-0.017814637539054653,40,12,127.96583850931677,2.9163408875984516,livecell_phase__test-Huh7_Phase_A12_1_03d16h00m_1.png
101,333.0,71.94112549695427,0.5422401735164166,0.9224376731301939,0.808536521372443,1.5403907039205782,20,23,125.12912912912913,22.298106374538456,livecell_phase__test-Huh7_Phase_A12_1_03d16h00m_1.png
102,325.0,69.35533905932738,0.7835729307661522,0.9530791788856305,0.849050313282694,1.5494281148023772,17,27,126.11076923076924,26.27967991303092,livecell_phase__test-Huh7_Phase_A12_1_03d16h00m_1.png
103,285.0,79.6335136523794,0.80274417520505,0.8558558558558559,0.5647587485066279,0.5414276531070189,26,22,128.09824561403508,30.090579578636735,livecell_phase__test-Huh7_Phase_A12_1_03d16h00m_1.png
104,242.0,62.04163056034261,0.7830987647110066,0.9343629343629344,0.7900577241802164,-0.752899536308633,20,18,126.76859504132231,17.321825114543163,livecell_phase__test-Huh7_Phase_A12_1_03d16h00m_1.png
105,237.0,60.834523779156065,0.6455787528047354,0.915057915057915,0.804744439709215,-1.2913302727532223,16,22,125.35443037974683,26.832361896200965,livecell_phase__test-Huh7_Phase_A12_1_03d16h00m_1.png
106,241.0,57.45584412271571,0.5708547307691842,0.9488188976377953,0.9173994755129817,-0.7133782406320869,19,17,127.2240663900415,23.671323093385443,livecell_phase__test-Huh7_Phase_A12_1_03d16h00m_1.png
107,234.0,59.698484809834994,0.6124536567621668,0.9140625,0.8250857838024525,-1.18590712000324,18,20,127.36752136752136,20.45553789584908,livecell_phase__test-Huh7_Phase_A12_1_03d16h00m_1.png
108,199.0,57.526911934581186,0.8575999452774978,0.908675799086758,0.7556502272622003,0.32572057144718114,24,14,127.69849246231156,23.571542926127787,livecell_phase__test-Huh7_Phase_A12_1_03d16h00m_1.png
109,164.0,46.62741699796952,0.33629111707457,0.9371428571428572,0.9479184945424235,-0.06162352055953377,15,15,127.98170731707317,19.762144324555994,livecell_phase__test-Huh7_Phase_A12_1_03d16h00m_1.png
110,175.0,50.62741699796952,0.8269283122618951,0.9668508287292817,0.8579784348471712,1.1977264848637001,12,20,126.30285714285715,16.323330992596993,livecell_phase__test-Huh7_Phase_A12_1_03d16h00m_1.png
111,156.0,45.798989873223334,0.3173176405551393,0.9454545454545454,0.9345933003629702,0.30416250430928643,15,14,126.96153846153847,33.303939209407424,livecell_phase__test-Huh7_Phase_A12_1_03d16h00m_1.png
112,115.0,42.62741699796952,0.7282776141670128,0.8646616541353384,0.7952975956765814,0.6757064352902702,14,14,126.87826086956522,26.431255485516434,livecell_phase__test-Huh7_Phase_A12_1_03d16h00m_1.png
113,102.0,39.21320343559643,0.7111960268232307,0.8947368421052632,0.8335763622686277,0.3630023645689451,14,12,126.91176470588235,23.886620646408335,livecell_phase__test-Huh7_Phase_A12_1_03d16h00m_1.png
1,9497.0,419.6234123846127,0.6720490701849474,0.9177618863548512,0.6777614758000683,0.11208350513234744,142,107,127.99462988312098,8.568356572308367,livecell_phase__test-Huh7_Phase_A12_1_04d00h00m_1.png
2,4311.0,422.3746750430836,0.8658049632861728,0.8252297090352221,0.30366318689472815,0.9087443180288602,81,102,127.87241939225238,12.187145715191376,livecell_phase__test-Huh7_Phase_A12_1_04d00h00m_1.png
3,4251.0,270.9360748630709,0.6381776355637337,0.9155718285591212,0.7277250078962622,-0.46728463830933664,83,78,128.045871559633,4.183456317704703,livecell_phase__test-Huh7_Phase_A12_1_04d00h00m_1.png
4,4189.0,270.3086578651014,0.7000143786116569,0.9096634093376764,0.7204441380288422,1.2765516812736413,70,88,127.99904511816662,12.272197296870242,livecell_phase__test-Huh7_Phase_A12_1_04d00h00m_1.png
5,3592.0,238.50966799187808,0.5581101375911305,0.9596580283195298,0.793476769109033,-1.4282905391567062,61,77,127.82767260579065,7.851459394773663,livecell_phase__test-Huh7_Phase_A12_1_04d00h00m_1.png
6,3303.0,295.32085117392114,0.7334121778981334,0.8383248730964467,0.4759159002863055,-1.1620452576243934,60,90,127.8386315470784,7.665600182794312,livecell_phase__test-Huh7_Phase_A12_1_04d00h00m_1.png
7,3518.0,276.73506473629425,0.9048178959292773,0.9366347177848775,0.5772677772653381,-0.7495781393647272,87,85,127.98237635019898,7.116366233710074,livecell_phase__test-Huh7_Phase_A12_1_04d00h00m_1.png
8,3218.0,253.5929291125633,0.7146465467977927,0.8835804503020318,0.628813162265216,1.3436092970580473,64,88,127.99689247980112,6.383097263784283,livecell_phase__test-Huh7_Phase_A12_1_04d00h00m_1.png
9,3222.0,251.1370849898476,0.8481603434761815,0.8575991482565877,0.6419684755154123,-0.8161839385973356,72,75,127.99565487274984,7.0139512292377795,livecell_phase__test-Huh7_Phase_A12_1_04d00h00m_1.png
10,3080.0,302.73506473629425,0.7159969780890635,0.7065840789171829,0.4223136580579048,-0.7221748164369579,82,88,128.15194805194804,10.046141733897702,livecell_phase__test-Huh7_Phase_A12_1_04d00h00m_1.png
11,2934.0,243.9655121145938,0.8186172524644117,0.8489583333333334,0.6194597589364312,1.060249886973117,62,81,127.75289706884799,14.873630958118266,livecell_phase__test-Huh7_Phase_A12_1_04d00h00m_1.png
12,2857.0,214.16652224137047,0.7297021896710341,0.9373359580052494,0.7827389323786165,1.4406959924720042,51,73,127.6730836541827,12.939192485687094,livecell_phase__test-Huh7_Phase_A12_1_04d00h00m_1.png
13,2691.0,238.75840533340724,0.8528775773191718,0.8591954022988506,0.5932069391532288,1.215725531497881,57,79,127.99256781865478,10.828342926666359,livecell_phase__test-Huh7_Phase_A12_1_04d00h00m_1.png
14,2622.0,212.79393923933998,0.8496191582106607,0.9721913236929922,0.7276525284631483,1.2028505126023932,51,82,128.01906941266208,11.224786077024733,livecell_phase__test-Huh7_Phase_A12_1_04d00h00m_1.png
15,2503.0,222.92388155425118,0.8058830157551404,0.9111758281761922,0.6329326811818017,-1.4663246339364702,51,80,128.00279664402717,4.9891204217074145,livecell_phase__test-Huh7_Phase_A12_1_04d00h00m_1.png
16,2461.0,205.4386001800126,0.6582217864067652,0.9389545974818772,0.7327526256866452,1.068268786615949,54,66,128.10280373831776,6.0943079555610575,livecell_phase__test-Huh7_Phase_A12_1_04d00h00m_1.png
17,2445.0,228.30256121069152,0.721109649010361,0.8849077090119435,0.5894774011840713,-0.560178800907008,67,63,127.79918200408999,10.42853561911276,livecell_phase__test-Huh7_Phase_A12_1_04d00h00m_1.png
18,2374.0,210.373629022557,0.7403412619333563,0.8982217177449867,0.6740746286584062,0.7271589279979803,63,64,128.01179443976412,7.8698787457296975,livecell_phase__test-Huh7_Phase_A12_1_04d00h00m_1.png
19,2260.0,187.58073580374355,0.6293902957341994,0.9507782919646613,0.8071269208782356,-0.8313892468565861,58,58,128.13451327433629,8.80705439201911,livecell_phase__test-Huh7_Phase_A12_1_04d00h00m_1.png
20,2234.0,190.95331880577402,0.7511194692834959,0.9547008547008548,0.7699076076219237,0.48934509320252345,61,52,128.16204118173678,8.787640387867876,livecell_phase__test-Huh7_Phase_A12_1_04d00h00m_1.png
21,2243.0,199.78174593052023,0.5429216162106099,0.9211498973305955,0.706199700793102,-1.3207891810645698,56,58,127.9384752563531,5.93813812856875,livecell_phase__test-Huh7_Phase_A12_1_04d00h00m_1.png
22,2162.0,244.8355697996826,0.5646703694841203,0.7785379906373785,0.45322778740142033,1.1399739410950698,61,75,128.17298797409805,8.361327394012546,livecell_phase__test-Huh7_Phase_A12_1_04d00h00m_1.png
23,2137.0,206.95331880577402,0.8791845391823987,0.9058923272573124,0.6270029663451786,0.3184798144114432,73,46,127.98128217126813,6.143017511712369,livecell_phase__test-Huh7_Phase_A12_1_04d00h00m_1.png
24,2089.0,232.8944443027283,0.9434946775673531,0.9051126516464472,0.4839829327399789,-0.3124282984885143,90,46,128.01627573001437,5.471430066474527,livecell_phase__test-Huh7_Phase_A12_1_04d00h00m_1.png
25,2046.0,182.2670273047588,0.3801690039274922,0.9411223551057958,0.7739257067299653,0.36733894978755816,56,55,127.93597262952102,7.10865994023335,livecell_phase__test-Huh7_Phase_A12_1_04d00h00m_1.png
26,2031.0,218.53910524340094,0.9440063365315071,0.8420398009950248,0.5343938680803664,-1.5204226292190601,33,89,127.85032003938946,6.917196735704455,livecell_phase__test-Huh7_Phase_A12_1_04d00h00m_1.png
27,1893.0,228.675144212722,0.8501996691186395,0.8387239698715109,0.45490693191478865,-1.2752577626226507,47,82,128.24088748019017,2.1022659408657813,livecell_phase__test-Huh7_Phase_A12_1_04d00h00m_1.png
28,1961.0,175.3380951166243,0.6110219476722005,0.9608035276825085,0.8015578830351672,0.25183048904473265,60,49,127.91636919938807,7.86909357106252,livecell_phase__test-Huh7_Phase_A12_1_04d00h00m_1.png
29,1940.0,182.95331880577402,0.6752874146334057,0.9246901811248809,0.7283347139135359,-1.5605474082411093,46,63,127.81082474226804,10.799426595135397,livecell_phase__test-Huh7_Phase_A12_1_04d00h00m_1.png
30,1870.0,196.7462120245875,0.8647467335626935,0.9594663930220626,0.6070699158486388,-0.31643877544771964,73,43,128.2,7.136004963908012,livecell_phase__test-Huh7_Phase_A12_1_04d00h00m_1.png
31,1909.0,172.8528137423857,0.6209863795810161,0.961712846347607,0.8029026391156819,-1.0134095592296417,49,56,127.59874279727606,13.819130933996329,livecell_phase__test-Huh7_Phase_A12_1_04d00h00m_1.png
32,1872.0,173.7401153701776,0.5426869201607747,0.9369369369369369,0.7793194175907607,0.7979097429920139,48,51,127.86485042735043,5.777979452959712,livecell_phase__test-Huh7_Phase_A12_1_04d00h00m_1.png
33,1881.0,174.95331880577405,0.693859769349188,0.9690880989180835,0.7722435487565306,0.6321977221380805,58,47,127.92610313662945,6.728529889918573,livecell_phase__test-Huh7_Phase_A12_1_04d00h00m_1.png
34,1855.0,175.82337649086284,0.7119049798360363,0.9265734265734266,0.7540506976573634,0.347287021880813,61,48,127.50727762803234,18.63801366844474,livecell_phase__test-Huh7_Phase_A12_1_04d00h00m_1.png
35,1805.0,182.75230867899737,0.48678356982697063,0.8926805143422354,0.679143152415613,-1.4388065126643292,55,58,127.58116343490305,13.727287654422131,livecell_phase__test-Huh7_Phase_A12_1_04d00h00m_1.png
36,1783.0,189.68124086713192,0.8419078421386542,0.893734335839599,0.6227481457058641,0.7702004842680692,56,57,128.05720695457094,6.6681690399869575,livecell_phase__test-Huh7_Phase_A12_1_04d00h00m_1.png
37,1784.0,183.4386001800126,0.8603658613522358,0.923873640600725,0.6662285793769118,1.1251715035904528,46,60,128.06165919282512,6.318845819745561,livecell_phase__test-Huh7_Phase_A12_1_04d00h00m_1.png
38,1795.0,167.19595949289334,0.5157256483374936,0.9467299578059072,0.8069056585891409,-0.8982892398672968,51,50,127.76713091922005,10.229529071635136,livecell_phase__test-Huh7_Phase_A12_1_04d00h00m_1.png
39,1756.0,165.0538238691624,0.6604289706198442,0.955386289445049,0.8099965984366723,0.9948049346393799,45,51,127.67141230068337,9.08581602845342,livecell_phase__test-Huh7_Phase_A12_1_04d00h00m_1.png
40,1697.0,188.2842712474619,0.9166724560147261,0.9469866071428571,0.6015387691219772,1.4531332635006597,32,71,127.82321744254567,5.612248014313725,livecell_phase__test-Huh7_Phase_A12_1_04d00h00m_1.png
41,1654.0,174.12489168102786,0.7403866857452023,0.9334085778781038,0.6855255576198988,1.3633022148859322,40,64,128.09854897218864,8.230540661911833,livecell_phase__test-Huh7_Phase_A12_1_04d00h00m_1.png
42,1662.0,175.58073580374355,0.7065196167137129,0.9167126309983453,0.6774654539546766,-0.2709484783284239,64,44,128.2123947051745,9.156810958233963,livecell_phase__test-Huh7_Phase_A12_1_04d00h00m_1.png
43,1655.0,172.50966799187808,0.814983574280203,0.9266517357222844,0.6988451949828179,-0.3744727601710307,61,46,127.9202416918429,6.793433469915276,livecell_phase__test-Huh7_Phase_A12_1_04d00h00m_1.png
44,1557.0,171.1959594928933,0.7916781508332581,0.9453551912568307,0.6675925104547876,-1.2242047032179502,40,64,127.5844572896596,10.123328897558853,livecell_phase__test-Huh7_Phase_A12_1_04d00h00m_1.png
45,1508.0,163.09545442950497,0.6345518749627191,0.8928359976317347,0.71240587326468,-1.0567374194937789,46,56,127.90517241379311,10.083650121425995,livecell_phase__test-Huh7_Phase_A12_1_04d00h00m_1.png
46,1535.0,147.7401153701776,0.6900994808142903,0.9777070063694268,0.8837336178670616,1.4272228867402266,37,50,127.87491856677525,9.266238826871772,livecell_phase__test-Huh7_Phase_A12_1_04d00h00m_1.png
47,1477.0,147.63961030678928,0.7237491802989917,0.9710716633793557,0.8514998561208915,-0.5906240798167639,47,42,127.79553148273527,7.714710447161209,livecell_phase__test-Huh7_Phase_A12_1_04d00h00m_1.png
48,1451.0,172.61017305526642,0.6018389368536222,0.8258394991462721,0.6119902462468686,0.3451913627255959,52,47,127.6933149552033,7.3727442043003055,livecell_phase__test-Huh7_Phase_A12_1_04d00h00m_1.png
49,1443.0,163.01219330881975,0.8622173843419103,0.9285714285714286,0.6823952787491826,-0.1521243542204631,58,33,127.16839916839916,17.577983437639894,livecell_phase__test-Huh7_Phase_A12_1_04d00h00m_1.png
50,1312.0,153.1543289325507,0.6811041491671797,0.9117442668519805,0.7028864085651898,1.5409688656725151,38,51,128.05411585365854,8.779096126108655,livecell_phase__test-Huh7_Phase_A12_1_04d00h00m_1.png
51,1372.0,160.71067811865476,0.5726750766635841,0.894393741851369,0.667535717427915,-1.5517041008653645,44,53,127.47667638483965,15.730516980181749,livecell_phase__test-Huh7_Phase_A12_1_04d00h00m_1.png
52,1358.0,198.75230867899734,0.7565037653804542,0.754863813229572,0.4320015149843621,0.442740826573947,57,43,128.0294550810015,11.966288613382298,livecell_phase__test-Huh7_Phase_A12_1_04d00h00m_1.png
53,1317.0,151.53910524340094,0.7402522456704719,0.9447632711621234,0.720686192704501,-0.14807671839167133,53,39,127.64768413059984,13.428245863395723,livecell_phase__test-Huh7_Phase_A12_1_04d00h00m_1.png
54,1311.0,171.4386001800126,0.7778809945061302,0.8496435515230071,0.5605254445217968,0.10597023976199568,55,39,127.89855072463769,10.04169443820209,livecell_phase__test-Huh7_Phase_A12_1_04d00h00m_1.png
55,1272.0,140.50966799187808,0.7100038907268542,0.9478390461997019,0.8096262119086601,0.6887711166841108,46,45,128.01022012578616,8.130271252754643,livecell_phase__test-Huh7_Phase_A12_1_04d00h00m_1.png
56,1288.0,168.8528137423857,0.8492344243192845,0.8429319371727748,0.5676872273170719,0.7056251597654422,54,46,127.53416149068323,7.977087573811395,livecell_phase__test-Huh7_Phase_A12_1_04d00h00m_1.png
57,1265.0,169.92388155425118,0.8386564067841987,0.8300524934383202,0.5505433858004598,-0.14912632161340375,64,38,127.48221343873517,15.46716143472113,livecell_phase__test-Huh7_Phase_A12_1_04d00h00m_1.png
58,1255.0,145.53910524340094,0.8113924672980586,0.9221160911094783,0.744550549746542,-0.08964905726942589,54,35,127.27330677290837,14.41704546091969,livecell_phase__test-Huh7_Phase_A12_1_04d00h00m_1.png
59,1211.0,140.56244584051393,0.7710845836417436,0.9431464174454829,0.77022107241768,0.04422078137704696,46,32,128.3517753922378,9.716890199385238,livecell_phase__test-Huh7_Phase_A12_1_04d00h00m_1.png
60,1209.0,147.99494936611666,0.847718065269353,0.9343122102009274,0.6936531710178836,-0.8347909099225717,46,51,127.66832092638545,8.315431392810384,livecell_phase__test-Huh7_Phase_A12_1_04d00h00m_1.png
61,1135.0,140.0243866176395,0.5967984153916247,0.9101844426623897,0.7274419926917416,-1.523914721012218,39,49,127.88105726872247,7.35739268192309,livecell_phase__test-Huh7_Phase_A12_1_04d00h00m_1.png
62,1089.0,132.08326112068522,0.7343593760047595,0.968,0.7844082950397095,0.9165622998615441,38,40,127.13406795224977,16.09568570542422,livecell_phase__test-Huh7_Phase_A12_1_04d00h00m_1.png
63,1110.0,173.47413408594534,0.7782330753074953,0.757162346521146,0.4635145656525335,0.08524762307102807,63,38,127.75405405405405,10.473383543245468,livecell_phase__test-Huh7_Phase_A12_1_04d00h00m_1.png
64,1065.0,133.25483399593904,0.5782858283757336,0.9629294755877035,0.7536913424361411,0.09281360166828945,44,34,128.07417840375587,19.55114011315045,livecell_phase__test-Huh7_Phase_A12_1_04d00h00m_1.png
65,1081.0,161.29646455628165,0.8172748535705043,0.8289877300613497,0.5221386735171599,0.013839404382394782,60,33,128.0804810360777,7.2736900044676585,livecell_phase__test-Huh7_Phase_A12_1_04d00h00m_1.png
66,1046.0,143.39087296526012,0.81187871199474,0.9569990850869168,0.6392909126004735,1.1393318436783404,32,50,127.81739961759082,5.801374806316607,livecell_phase__test-Huh7_Phase_A12_1_04d00h00m_1.png
67,1033.0,133.0538238691624,0.6970442186127348,0.9157801418439716,0.7332557289114215,-1.3480896247554308,33,47,127.82865440464666,9.536127455302692,livecell_phase__test-Huh7_Phase_A12_1_04d00h00m_1.png
68,1002.0,136.95331880577402,0.7428516257975071,0.912568306010929,0.6713244481254605,1.2791019424863674,34,50,127.79141716566866,5.13096021055126,livecell_phase__test-Huh7_Phase_A12_1_04d00h00m_1.png
69,981.0,134.84062043356596,0.7685957850329136,0.8798206278026905,0.6780120104362055,0.4103435012804867,41,38,128.0703363914373,10.172324930132268,livecell_phase__test-Huh7_Phase_A12_1_04d00h00m_1.png
70,936.0,133.63961030678928,0.7279794148382063,0.8478260869565217,0.6585902722223491,0.6984647462089304,43,39,127.34294871794872,10.38072843922786,livecell_phase__test-Huh7_Phase_A12_1_04d00h00m_1.png
71,958.0,124.32590180780451,0.8374102458876996,0.9447731755424064,0.7788469739684681,0.15085731296345595,47,28,127.89874739039666,15.093417473871598,livecell_phase__test-Huh7_Phase_A12_1_04d00h00m_1.png
72,917.0,120.32590180780451,0.6513545211062721,0.917,0.7959044797679848,0.46477817872478183,38,35,127.74372955288986,7.905437332399675,livecell_phase__test-Huh7_Phase_A12_1_04d00h00m_1.png
73,938.0,125.1543289325507,0.7969894366680802,0.9571428571428572,0.7525250314789214,0.25863922827452723,46,30,127.61300639658849,7.483636827951164,livecell_phase__test-Huh7_Phase_A12_1_04d00h00m_1.png
74,883.0,123.98275605729688,0.7982960232671672,0.9324181626187962,0.7218517192453369,-1.140186928270977,30,46,127.73272933182334,15.244883816701355,livecell_phase__test-Huh7_Phase_A12_1_04d00h00m_1.png
75,879.0,134.22539674441617,0.8750837478358378,0.9223504721930745,0.6130972193692608,0.41178843344996546,49,33,127.65529010238907,9.935088122236975,livecell_phase__test-Huh7_Phase_A12_1_04d00h00m_1.png
76,860.0,112.9116882454314,0.6691564293693054,0.9419496166484118,0.8476772218912811,0.12434252340652573,38,31,127.82790697674419,8.980115645948135,livecell_phase__test-Huh7_Phase_A12_1_04d00h00m_1.png
77,874.0,150.61017305526642,0.8858707115135618,0.7547495682210709,0.4841865058239263,0.21280924328352827,58,33,127.52173913043478,12.313602781127782,livecell_phase__test-Huh7_Phase_A12_1_04d00h00m_1.png
78,831.0,136.12489168102786,0.8586599454261018,0.8505629477993859,0.5635543331957158,0.8261015865815923,38,47,127.75210589651023,12.154289592279662,livecell_phase__test-Huh7_Phase_A12_1_04d00h00m_1.png
79,826.0,120.46803743153546,0.837780320299731,0.9494252873563218,0.7152308538092466,-0.3512351590336156,47,29,128.1271186440678,6.329688353448623,livecell_phase__test-Huh7_Phase_A12_1_04d00h00m_1.png
80,801.0,116.5685424949238,0.8129552839554739,0.9228110599078341,0.7407636235399816,-1.28251661606793,31,41,128.1385767790262,9.592158807259214,livecell_phase__test-Huh7_Phase_A12_1_04d00h00m_1.png
81,784.0,142.66904755831212,0.9328348468781941,0.9001148105625718,0.4840234499085722,-0.060935540095252996,62,20,128.0841836734694,3.485473476304067,livecell_phase__test-Huh7_Phase_A12_1_04d00h00m_1.png
82,760.0,107.63961030678928,0.665167787541271,0.96569250317662,0.8242884655558812,0.07766472743171339,40,29,127.93684210526315,11.171449066178798,livecell_phase__test-Huh7_Phase_A12_1_04d00h00m_1.png
83,742.0,114.80508652763321,0.7524244241447943,0.9171817058096415,0.7074430898072035,0.7787609692541388,34,33,127.49460916442048,17.619422266911997,livecell_phase__test-Huh7_Phase_A12_1_04d00h00m_1.png
84,762.0,110.2193000900063,0.777328749911756,0.9477611940298507,0.788223788426575,0.1531117737599681,39,26,128.25853018372703,9.234909628409445,livecell_phase__test-Huh7_Phase_A12_1_04d00h00m_1.png
85,687.0,109.8700576850888,0.8471324108914324,0.9554937413073713,0.7151677071807331,1.4810105004234064,21,41,127.24163027656478,15.443086541941906,livecell_phase__test-Huh7_Phase_A12_1_04d00h00m_1.png
86,641.0,113.59797974644665,0.9251923405371663,0.9454277286135693,0.6242041875357973,0.005648001092648176,49,18,128.1248049921997,7.20461106471385,livecell_phase__test-Huh7_Phase_A12_1_04d00h00m_1.png
87,621.0,91.01219330881975,0.3612554349499085,0.971830985915493,0.942111495517544,-1.4823921482077613,27,29,128.4524959742351,26.662917871498735,livecell_phase__test-Huh7_Phase_A12_1_04d00h00m_1.png
88,626.0,117.39696961966999,0.9138869042807933,0.8981348637015782,0.5707822039920356,0.6156817394441245,43,30,127.53194888178913,18.31695826548784,livecell_phase__test-Huh7_Phase_A12_1_04d00h00m_1.png
89,607.0,97.6335136523794,0.5690395000037133,0.9253048780487805,0.8002039981766168,-0.0038016402048225207,32,27,127.7495881383855,7.135536216403704,livecell_phase__test-Huh7_Phase_A12_1_04d00h00m_1.png
90,634.0,129.49747468305833,0.8911864138206594,0.8649386084583902,0.4750906935143745,-0.11354043693068816,56,21,128.8596214511041,18.140292148303065,livecell_phase__test-Huh7_Phase_A12_1_04d00h00m_1.png
91,559.0,107.73401871576775,0.915078178656737,0.9621342512908778,0.605223734951684,0.052299762752655944,46,17,128.11627906976744,6.727967668276645,livecell_phase__test-Huh7_Phase_A12_1_04d00h00m_1.png
92,594.0,107.39696961966999,0.7738784805644089,0.88,0.6471608765704377,-0.6497590449183643,37,31,127.38888888888889,16.154304690852324,livecell_phase__test-Huh7_Phase_A12_1_04d00h00m_1.png
93,575.0,109.25483399593904,0.7407206885812515,0.8190883190883191,0.6053358370317815,-1.123008426204374,27,38,128.2591304347826,13.618937554501876,livecell_phase__test-Huh7_Phase_A12_1_04d00h00m_1.png
94,551.0,88.76955262170047,0.5771318947865026,0.9599303135888502,0.8786853802763568,1.02327311985947,26,28,127.83484573502723,11.31129969712903,livecell_phase__test-Huh7_Phase_A12_1_04d00h00m_1.png
95,548.0,100.08326112068522,0.7535717812345832,0.8867313915857605,0.6874918063039899,0.5514946746211354,32,30,127.94890510948905,10.374604850716679,livecell_phase__test-Huh7_Phase_A12_1_04d00h00m_1.png
96,514.0,95.59797974644665,0.7852945941075498,0.9643527204502814,0.7067658454302568,-1.5425428859899843,21,37,128.07003891050584,4.366809420172198,livecell_phase__test-Huh7_Phase_A12_1_04d00h00m_1.png
97,516.0,98.66904755831214,0.8374746233081941,0.9020979020979021,0.6660359841834135,0.6280823586665537,34,27,126.90503875968992,17.263257286221524,livecell_phase__test-Huh7_Phase_A12_1_04d00h00m_1.png
98,505.0,95.25483399593904,0.7124329949004674,0.881326352530541,0.6994025205948365,1.4531692173493105,23,35,127.11485148514852,25.5321710716384,livecell_phase__test-Huh7_Phase_A12_1_04d00h00m_1.png
99,455.0,91.14823227814082,0.853586303145873,0.9639830508474576,0.688215991724627,-0.02124009662268544,37,18,128.07032967032967,2.660145187539582,livecell_phase__test-Huh7_Phase_A12_1_04d00h00m_1.png
100,393.0,129.57463914933368,0.9674245286189112,0.6390243902439025,0.29414562841165215,0.7448044258455345,41,41,127.56743002544529,27.699884857713755,livecell_phase__test-Huh7_Phase_A12_1_04d00h00m_1.png
101,373.0,78.76955262170047,0.8429001829480698,0.9443037974683545,0.7554434118360731,0.43517270538633573,28,21,127.46112600536193,12.38747598175673,livecell_phase__test-Huh7_Phase_A12_1_04d00h00m_1.png
102,327.0,77.59188309203678,0.7218319419886703,0.8837837837837837,0.6825351667265621,-0.6904544708410424,23,23,129.59021406727828,19.386388923400443,livecell_phase__test-Huh7_Phase_A12_1_04d00h00m_1.png
103,365.0,90.76955262170046,0.9004667798744682,0.852803738317757,0.5567014322217593,0.27662071935744215,35,18,128.96986301369864,9.819001496699839,livecell_phase__test-Huh7_Phase_A12_1_04d00h00m_1.png
104,343.0,82.42640687119285,0.4871306293077632,0.8683544303797468,0.634411792444978,0.605745532067255,27,24,127.79883381924198,15.851637170096469,livecell_phase__test-Huh7_Phase_A12_1_04d00h00m_1.png
105,315.0,87.76955262170046,0.8782280242251608,0.8583106267029973,0.5138456075553969,-1.5680932597205273,17,38,128.56190476190477,3.2197519657713443,livecell_phase__test-Huh7_Phase_A12_1_04d00h00m_1.png
106,298.0,70.38477631085023,0.7456024373570936,0.9430379746835443,0.7559075074611891,0.4507138779573151,22,19,125.8255033557047,16.79394727320202,livecell_phase__test-Huh7_Phase_A12_1_04d00h00m_1.png
107,291.0,66.2842712474619,0.7851167125367082,0.9448051948051948,0.8323038073236061,0.10510198398484075,25,16,124.9278350515464,19.911098334691488,livecell_phase__test-Huh7_Phase_A12_1_04d00h00m_1.png
108,215.0,56.8700576850888,0.8096417968265848,0.9429824561403509,0.8353740618296969,0.28754699219303903,22,14,127.52093023255814,23.715528796790757,livecell_phase__test-Huh7_Phase_A12_1_04d00h00m_1.png
109,189.0,50.62741699796952,0.7398353525939869,0.9545454545454546,0.926616709634945,-1.16438653869561,14,18,128.15873015873015,24.401322508963425,livecell_phase__test-Huh7_Phase_A12_1_04d00h00m_1.png
110,181.0,47.21320343559643,0.2071984782411196,0.9679144385026738,1.020378976295971,0.8219360651245875,15,15,127.58563535911603,19.340782585127172,livecell_phase__test-Huh7_Phase_A12_1_04d00h00m_1.png
111,174.0,52.14213562373095,0.7993401875241187,0.9405405405405406,0.8042322462888605,-1.426332582630986,12,19,128.05172413793105,12.282717154828134,livecell_phase__test-Huh7_Phase_A12_1_04d00h00m_1.png
112,135.0,40.97056274847714,0.6920773437645564,0.9854014598540146,1.0106476583487134,0.13713953397550677,15,11,126.8,34.022824582809,livecell_phase__test-Huh7_Phase_A12_1_04d00h00m_1.png
113,77.0,33.89949493661166,0.8571270578101866,0.9625,0.8420039593139099,0.111812902624563,14,7,127.45454545454545,16.957965951403867,livecell_phase__test-Huh7_Phase_A12_1_04d00h00m_1.png
114,73.0,29.899494936611667,0.383377223869216,0.948051948051948,1.026136225281625,1.1780972450961722,9,10,127.94520547945206,27.71572443798216,livecell_phase__test-Huh7_Phase_A12_1_04d00h00m_1.png
1,7389.0,348.5340546095176,0.7370437803175369,0.9448849104859335,0.7643725693654059,0.6219761026327244,113,99,127.8287995669238,8.355985707949888,livecell_phase__test-Huh7_Phase_A12_1_04d00h00m_2.png
2,7268.0,439.78888860545663,0.5061882523078628,0.7842037116961589,0.4722111934069016,1.3485412473807934,112,110,127.98445239405613,8.882552040605379,livecell_phase__test-Huh7_Phase_A12_1_04d00h00m_2.png
3,6238.0,371.1553749530772,0.7474619614329848,0.8891106043329533,0.5690412188842247,0.6682229419673137,100,100,127.76178262263547,14.326741850745723,livecell_phase__test-Huh7_Phase_A12_1_04d00h00m_2.png
4,4519.0,284.208152801713,0.4792921014166147,0.9030775379696243,0.7030385531246537,-0.21690775043306165,80,79,127.9690196946227,9.378303138767311,livecell_phase__test-Huh7_Phase_A12_1_04d00h00m_2.png
5,3373.0,231.8233764908628,0.7334097600776988,0.9504085657931812,0.7886998372274359,0.4247510647205582,74,63,128.02875778238956,7.6883834061313765,livecell_phase__test-Huh7_Phase_A12_1_04d00h00m_2.png
6,2959.0,222.8528137423857,0.3071961913670972,0.9180887372013652,0.7487185366531411,-0.9912128940535923,63,65,127.8901655964853,7.518352083602522,livecell_phase__test-Huh7_Phase_A12_1_04d00h00m_2.png
7,2815.0,252.61626970967632,0.8641935261048652,0.853288875416793,0.554326483115816,0.8764446244558772,61,84,127.92824156305507,8.11028566066557,livecell_phase__test-Huh7_Phase_A12_1_04d00h00m_2.png
8,2837.0,256.79393923934,0.6662836559826413,0.8461079630181927,0.5406294018868858,0.34519903734559254,67,64,127.92492069087064,8.712560429496582,livecell_phase__test-Huh7_Phase_A12_1_04d00h00m_2.png
9,2818.0,245.3797256769669,0.882813916918431,0.8923369221025966,0.5881302256604907,0.3065379358751425,85,56,127.77111426543648,6.49325054120953,livecell_phase__test-Huh7_Phase_A12_1_04d00h00m_2.png
10,2532.0,242.10764773832472,0.8100884157202011,0.8536749831422792,0.5428208851867445,0.8391582879110974,65,75,127.93996840442338,11.648228634893602,livecell_phase__test-Huh7_Phase_A12_1_04d00h00m_2.png
11,2341.0,267.1370849898476,0.9445068930133531,0.7272444858651755,0.4122331495689958,0.9767661201254978,72,85,127.85348141819735,10.616187460308632,livecell_phase__test-Huh7_Phase_A12_1_04d00h00m_2.png
12,2229.0,180.99494936611666,0.627540507868087,0.9691304347826087,0.8550411579176124,-0.8678129708327076,55,58,127.8138178555406,17.221405900213938,livecell_phase__test-Huh7_Phase_A12_1_04d00h00m_2.png
13,2169.0,250.10764773832474,0.8168502006321844,0.7568039078855547,0.435728003939824,0.35642541952688384,78,58,127.79391424619641,22.67056023499189,livecell_phase__test-Huh7_Phase_A12_1_04d00h00m_2.png
14,1929.0,212.23149339882605,0.902392894075942,0.8934691987031033,0.5381736518362885,1.1718045741332115,47,74,128.00103680663557,7.71861268737605,livecell_phase__test-Huh7_Phase_A12_1_04d00h00m_2.png
15,2053.0,349.2447327281724,0.9880419936422561,0.6018762826150689,0.2115139831014075,0.8664404386371416,100,127,127.36775450560155,14.373816397588989,livecell_phase__test-Huh7_Phase_A12_1_04d00h00m_2.png
16,1913.0,209.85891039679558,0.6692255356036626,0.8375656742556917,0.545845842455933,0.27065825910906655,66,49,127.76215368531103,11.323009707575762,livecell_phase__test-Huh7_Phase_A12_1_04d00h00m_2.png
17,1600.0,169.43250352560273,0.5248363487323247,0.8084891359272359,0.7003842813207212,0.4938059992715145,50,58,128.140625,7.946121670939541,livecell_phase__test-Huh7_Phase_A12_1_04d00h00m_2.png
18,1643.0,195.2670273047588,0.8496396687923375,0.8365580448065173,0.5414889493427436,-1.0783208961208932,50,64,127.54960438222763,8.378911128532566,livecell_phase__test-Huh7_Phase_A12_1_04d00h00m_2.png
19,1481.0,179.36753236814712,0.8121867163424723,0.865070093457944,0.5784652245670158,0.9887317784443731,45,61,127.33490884537474,17.104316816407465,livecell_phase__test-Huh7_Phase_A12_1_04d00h00m_2.png
20,1460.0,153.19595949289334,0.6822251508365306,0.9352978859705318,0.781750374093288,1.4243796514028357,41,53,127.46643835616439,18.624541099052873,livecell_phase__test-Huh7_Phase_A12_1_04d00h00m_2.png
21,1321.0,156.57463914933368,0.4182972599476963,0.8871725990597716,0.6771265499268356,1.5318494327099446,45,51,127.87887963663891,13.762575853635543,livecell_phase__test-Huh7_Phase_A12_1_04d00h00m_2.png
22,1274.0,151.78174593052023,0.5880133491782545,0.8927820602662929,0.6949286289936025,-1.3672536213888842,42,48,127.78963893249608,10.85365846465755,livecell_phase__test-Huh7_Phase_A12_1_04d00h00m_2.png
23,1267.0,163.29646455628165,0.9367643772266205,0.9141414141414141,0.5970805367797714,-1.293396473301269,32,66,127.53749013417521,14.064317509484702,livecell_phase__test-Huh7_Phase_A12_1_04d00h00m_2.png
24,1225.0,147.3380951166243,0.7698280804248836,0.9176029962546817,0.7091136597046139,0.6105227229139829,50,44,127.35510204081632,11.387373265487824,livecell_phase__test-Huh7_Phase_A12_1_04d00h00m_2.png
25,1107.0,165.1959594928933,0.834989573253477,0.8373676248108926,0.5097516537238913,-0.13614753512052075,50,33,127.13459801264679,11.654501783872018,livecell_phase__test-Huh7_Phase_A12_1_04d00h00m_2.png
26,1240.0,173.49747468305833,0.8690530432853554,0.8528198074277854,0.5176607455203358,0.05085586780658031,65,33,127.98387096774194,6.171322688474989,livecell_phase__test-Huh7_Phase_A12_1_04d00h00m_2.png
27,1170.0,139.49747468305833,0.6970320580674616,0.9293089753772835,0.7555496947194354,-0.11028245299949027,46,34,127.53931623931624,9.347822610996603,livecell_phase__test-Huh7_Phase_A12_1_04d00h00m_2.png
28,1119.0,140.12489168102783,0.8471727954241366,0.9371859296482412,0.7161588626165731,0.5856646357463475,49,37,127.18141197497766,18.70537700812675,livecell_phase__test-Huh7_Phase_A12_1_04d00h00m_2.png
29,1131.0,135.84062043356593,0.2585869964590285,0.9347107438016529,0.7702170992549869,-0.8375878767751095,37,42,127.42086648983201,22.222603167875892,livecell_phase__test-Huh7_Phase_A12_1_04d00h00m_2.png
30,1097.0,204.06601717798213,0.9720926809498172,0.6956246036778694,0.3310359156566751,0.5721519640743769,69,57,127.20783956244303,7.679698495900308,livecell_phase__test-Huh7_Phase_A12_1_04d00h00m_2.png
31,1058.0,144.22539674441617,0.8823497697242312,0.8928270042194093,0.6391636189837036,1.1401764216576655,35,52,128.468809073724,12.726714185885463,livecell_phase__test-Huh7_Phase_A12_1_04d00h00m_2.png
32,910.0,119.88225099390856,0.7973299613612199,0.948905109489051,0.7956855632805588,0.7863527342176988,37,38,127.94725274725275,12.421333479930215,livecell_phase__test-Huh7_Phase_A12_1_04d00h00m_2.png
33,912.0,127.63961030678928,0.7319386732575416,0.9240121580547113,0.7034508571695984,0.8229202413783967,39,39,128.16666666666666,11.230864167174335,livecell_phase__test-Huh7_Phase_A12_1_04d00h00m_2.png
34,874.0,125.7401153701776,0.7860567004170699,0.9229144667370645,0.6946620724576887,1.4273004263037559,29,46,128.22311212814645,3.071142188521781,livecell_phase__test-Huh7_Phase_A12_1_04d00h00m_2.png
35,874.0,141.29646455628165,0.8672478608983851,0.828436018957346,0.5501216109032214,0.6785564097119243,47,38,126.7654462242563,24.916999896451934,livecell_phase__test-Huh7_Phase_A12_1_04d00h00m_2.png
36,892.0,166.25483399593904,0.943791469598492,0.8893320039880359,0.405532957709006,-1.5496649013465253,21,73,127.81838565022422,5.202683258563995,livecell_phase__test-Huh7_Phase_A12_1_04d00h00m_2.png
37,805.0,120.67514421272202,0.8196341702671007,0.87882096069869,0.6946564801299803,0.8512489547479869,34,43,128.57018633540372,8.416287409190527,livecell_phase__test-Huh7_Phase_A12_1_04d00h00m_2.png
38,794.0,138.11879502661796,0.8223872313734524,0.816032887975334,0.5230278381355865,-1.2349547257897953,30,46,128.34005037783376,9.204791928984617,livecell_phase__test-Huh7_Phase_A12_1_04d00h00m_2.png
39,695.0,102.9116882454314,0.5470035735315285,0.9341397849462365,0.8246416447391981,0.6679377268529646,34,30,126.52374100719425,11.962492839108766,livecell_phase__test-Huh7_Phase_A12_1_04d00h00m_2.png
40,724.0,100.42640687119285,0.48982803805168157,0.9666221628838452,0.9020956347795381,-0.5223093789687481,32,29,127.56353591160222,19.569965054866866,livecell_phase__test-Huh7_Phase_A12_1_04d00h00m_2.png
41,652.0,129.63961030678928,0.8526355838535234,0.8079306071871127,0.4875083133260459,0.7311770340708563,36,37,126.27914110429448,31.275865279086197,livecell_phase__test-Huh7_Phase_A12_1_04d00h00m_2.png
42,581.0,97.01219330881975,0.7004734642076536,0.9266347687400319,0.7757706583726957,0.4777418271599567,33,26,126.77969018932875,20.64884673546457,livecell_phase__test-Huh7_Phase_A12_1_04d00h00m_2.png
43,575.0,106.46194077712559,0.8771169824738888,0.9244372990353698,0.6375128612756528,0.0521615388753526,45,21,126.73739130434782,32.646335331641914,livecell_phase__test-Huh7_Phase_A12_1_04d00h00m_2.png
44,570.0,107.01219330881975,0.5605714641812535,0.8482142857142857,0.6254868575198044,0.7980059323393424,31,30,126.92631578947369,10.34534434344684,livecell_phase__test-Huh7_Phase_A12_1_04d00h00m_2.png
45,538.0,87.11269837220809,0.6387036480642312,0.9746376811594203,0.8909005082329181,-0.13514823391319536,30,22,127.50743494423791,23.99118759603352,livecell_phase__test-Huh7_Phase_A12_1_04d00h00m_2.png
46,497.0,105.94112549695429,0.9108019735796525,0.9448669201520913,0.5564640186489727,-1.5451658915584494,17,45,128.35412474849093,14.570419721949463,livecell_phase__test-Huh7_Phase_A12_1_04d00h00m_2.png
47,499.0,97.49747468305833,0.7630366870830176,0.8926654740608229,0.6596653544622755,-1.4544189313738127,23,37,127.27855711422846,12.57508754545256,livecell_phase__test-Huh7_Phase_A12_1_04d00h00m_2.png
48,464.0,82.18376618407356,0.7406005532360944,0.9586776859504132,0.8632881220888772,-1.5526038240003168,21,30,123.29956896551724,34.443461916301715,livecell_phase__test-Huh7_Phase_A12_1_04d00h00m_2.png
49,448.0,83.01219330881975,0.8140718716849338,0.9511677282377919,0.816966221688281,1.4101192773033977,20,32,127.53571428571429,20.851592338745366,livecell_phase__test-Huh7_Phase_A12_1_04d00h00m_2.png
50,439.0,91.59797974644667,0.8498532653909153,0.9502164502164502,0.6575103507361281,0.844108187685886,26,30,129.20501138952164,12.829488826216403,livecell_phase__test-Huh7_Phase_A12_1_04d00h00m_2.png
51,365.0,80.52691193458118,0.8841753869421588,0.9102244389027432,0.7073276551843652,-1.3350003864821556,17,31,126.14794520547945,20.81240482039393,livecell_phase__test-Huh7_Phase_A12_1_04d00h00m_2.png
52,325.0,75.59797974644667,0.8215825098220026,0.9206798866855525,0.7146161807968197,0.43115880747467145,28,20,126.60615384615384,16.803624855489478,livecell_phase__test-Huh7_Phase_A12_1_04d00h00m_2.png
53,251.0,60.62741699796952,0.7395767759498262,0.9330855018587361,0.8581149219127568,0.9909787112469828,17,20,128.26693227091633,30.773113655513864,livecell_phase__test-Huh7_Phase_A12_1_04d00h00m_2.png
54,167.0,53.04163056034261,0.7849018216228774,0.8882978723404256,0.7459206023566148,1.289371059233487,13,21,124.77245508982035,29.30587741151528,livecell_phase__test-Huh7_Phase_A12_1_04d00h00m_2.png
55,160.0,46.97056274847714,0.5982602894175106,0.9302325581395349,0.9113355666464191,-1.472180820814913,13,16,125.3,22.97030692002177,livecell_phase__test-Huh7_Phase_A12_1_04d00h00m_2.png
56,128.0,40.384776310850235,0.6503194219668718,0.9552238805970149,0.9862442184088464,1.280200761893337,12,14,126.4609375,17.69661970889056,livecell_phase__test-Huh7_Phase_A12_1_04d00h00m_2.png
57,126.0,41.79898987322333,0.6288694123698872,0.9264705882352942,0.9062517034627903,0.6544487547982261,14,13,124.93650793650794,24.51295285449638,livecell_phase__test-Huh7_Phase_A12_1_04d00h00m_2.png
58,120.0,40.14213562373095,0.5941221637339311,0.9375,0.9358153450370208,0.2621833536255237,14,11,128.4,16.94028728603306,livecell_phase__test-Huh7_Phase_A12_1_04d00h00m_2.png
59,79.0,31.899494936611664,0.7079433049111047,0.9404761904761905,0.9755944958383352,0.8611523096399188,10,10,123.83544303797468,23.95218357940334,livecell_phase__test-Huh7_Phase_A12_1_04d00h00m_2.png
60,80.0,31.65685424949238,0.5288269172960653,0.975609756097561,1.0031464431191957,0.6313623578422051,10,9,127.2375,23.414869073945297,livecell_phase__test-Huh7_Phase_A12_1_04d00h00m_2.png
61,63.0,27.31370849898476,0.5966359116465786,0.9402985074626866,1.0611800412661492,-1.4583620871556509,8,10,123.6984126984127,35.33361856157782,livecell_phase__test-Huh7_Phase_A12_1_04d00h00m_2.png
1,2549.0,360.1614716074871,0.7522905117487554,0.7754791603285671,0.24693644703373463,-0.8158665244578711,71,67,127.0690466849745,27.819401939609307,livecell_phase__test-MCF7_Phase_H4_2_00d00h00m_3.png
2,1553.0,234.2670273047588,0.8495052136731109,0.7094563727729557,0.35559773529923266,-0.15808339463222745,69,44,127.14101738570508,24.05799117956366,livecell_phase__test-MCF7_Phase_H4_2_00d00h00m_3.png
3,1065.0,208.92388155425118,0.7919422498859152,0.6501831501831502,0.30660787131502804,0.5157494996878169,54,40,128.72863849765258,43.56048707597915,livecell_phase__test-MCF7_Phase_H4_2_00d00h00m_3.png
4,1001.0,148.81118318204307,0.9033205025744905,0.8803869832893579,0.5680319996408799,-0.32202750147727066,53,30,127.20779220779221,26.853001611090964,livecell_phase__test-MCF7_Phase_H4_2_00d00h00m_3.png
5,916.0,164.6101730552664,0.8208801749186125,0.8193202146690519,0.4248073230253057,-0.19209292375513012,51,30,128.14082969432314,37.82144375939702,livecell_phase__test-MCF7_Phase_H4_2_00d00h00m_3.png
6,844.0,163.0243866176395,0.9342211742046692,0.7062761506276151,0.3990682356811084,-1.4967648849365784,29,62,125.94549763033176,28.62193283079208,livecell_phase__test-MCF7_Phase_H4_2_00d00h00m_3.png
7,773.0,170.82337649086284,0.965270836459644,0.7104779411764706,0.3328854048447575,-0.9291759788666024,48,54,126.80853816300129,29.9758346753944,livecell_phase__test-MCF7_Phase_H4_2_00d00h00m_3.png
8,721.0,118.81118318204308,0.6972648450302945,0.8792682926829268,0.6418454798843013,-1.5677408567464843,29,38,127.29264909847434,27.35747966346795,livecell_phase__test-MCF7_Phase_H4_2_00d00h00m_3.png
9,688.0,117.39696961966999,0.7824230825628218,0.8935064935064935,0.6273133487963586,0.2880733529862032,43,28,127.94331395348837,33.70957504156391,livecell_phase__test-MCF7_Phase_H4_2_00d00h00m_3.png
10,648.0,140.81118318204307,0.5396111712213535,0.6735966735966736,0.4106866394004122,-1.4214797339436471,34,41,127.35648148148148,34.016441485313116,livecell_phase__test-MCF7_Phase_H4_2_00d00h00m_3.png
11,626.0,147.8528137423857,0.9323734803346649,0.6624338624338625,0.3598529021086394,-0.691516358239706,39,46,127.73482428115015,27.784599959998957,livecell_phase__test-MCF7_Phase_H4_2_00d00h00m_3.png
12,598.0,115.84671708797582,0.8326330428834361,0.8005354752342704,0.5599426983768757,-1.2716805334139667,28,43,123.82943143812709,32.41378072075506,livecell_phase__test-MCF7_Phase_H4_2_00d00h00m_3.png
13,530.0,109.9827560572969,0.8119619314150688,0.7863501483679525,0.5506004179124215,-0.7407691508031556,33,35,126.77924528301887,17.63215179122766,livecell_phase__test-MCF7_Phase_H4_2_00d00h00m_3.png
14,499.0,97.1543289325507,0.8338969804632745,0.8816254416961131,0.664333414360573,-0.16328482048395224,37,22,129.7935871743487,25.096277118495735,livecell_phase__test-MCF7_Phase_H4_2_00d00h00m_3.png
15,527.0,96.08326112068522,0.8127803924752238,0.9149305555555556,0.7173399357305952,-0.13907330493572012,36,21,126.78178368121442,34.79966806978549,livecell_phase__test-MCF7_Phase_H4_2_00d00h00m_3.png
16,530.0,108.46803743153546,0.9116492695673123,0.828125,0.5660856801499221,-0.767842748378208,34,33,128.3377358490566,30.71188526874267,livecell_phase__test-MCF7_Phase_H4_2_00d00h00m_3.png
17,459.0,92.42640687119285,0.7237113289441427,0.8611632270168855,0.6751968534375885,-0.2413132785184985,32,23,127.12854030501089,24.30961401584028,livecell_phase__test-MCF7_Phase_H4_2_00d00h00m_3.png
18,459.0,86.5685424949238,0.6754052830835247,0.9216867469879518,0.7696660643594523,1.4591075817479293,25,32,126.35729847494554,22.739186328459766,livecell_phase__test-MCF7_Phase_H4_2_00d00h00m_3.png
19,427.0,86.46194077712559,0.5293900697408458,0.8858921161825726,0.7177740938248245,1.496402298611433,26,28,126.26463700234191,23.38332919737928,livecell_phase__test-MCF7_Phase_H4_2_00d00h00m_3.png
20,445.0,93.84062043356593,0.8310685914104654,0.8492366412213741,0.6350210679708459,0.6050317635199203,31,25,128.24269662921347,22.541536629676944,livecell_phase__test-MCF7_Phase_H4_2_00d00h00m_3.png
21,459.0,97.01219330881975,0.8861706773222061,0.8484288354898336,0.6128721724493412,0.13939598061602626,34,19,124.5599128540305,30.8106559388531,livecell_phase__test-MCF7_Phase_H4_2_00d00h00m_3.png
22,453.0,83.84062043356595,0.8400290278428039,0.94375,0.8098397672797377,-0.892708787885715,25,28,126.66666666666667,30.20930176570537,livecell_phase__test-MCF7_Phase_H4_2_00d00h00m_3.png
23,379.0,100.60407640085654,0.8959042524043473,0.7330754352030948,0.4705631531259577,-0.6574509702563445,32,33,125.2269129287599,28.278136360285277,livecell_phase__test-MCF7_Phase_H4_2_00d00h00m_3.png
24,417.0,77.94112549695427,0.6938952337046763,0.9413092550790068,0.8626061959153519,1.3548699509926831,21,26,126.2326139088729,25.163372016663732,livecell_phase__test-MCF7_Phase_H4_2_00d00h00m_3.png
25,383.0,80.2842712474619,0.6421340461416783,0.8948598130841121,0.7467026607274562,-0.3109859307592372,27,20,127.95039164490862,33.45782027336099,livecell_phase__test-MCF7_Phase_H4_2_00d00h00m_3.png
26,352.0,81.07716446627535,0.6990848175115002,0.8186046511627907,0.6729075859866452,0.20577289741255295,26,22,127.03125,37.0116173503948,livecell_phase__test-MCF7_Phase_H4_2_00d00h00m_3.png
27,355.0,85.59797974644667,0.7830888856499503,0.8294392523364486,0.6088512298303135,-0.08462602205719169,33,19,124.15492957746478,24.943681853961742,livecell_phase__test-MCF7_Phase_H4_2_00d00h00m_3.png
28,383.0,79.01219330881975,0.760908093850903,0.9075829383886256,0.7709396863294017,-1.486214253022599,19,27,124.33942558746736,43.74044840675616,livecell_phase__test-MCF7_Phase_H4_2_00d00h00m_3.png
29,351.0,70.35533905932738,0.6202493561393462,0.9335106382978723,0.8910926465066485,-1.4275801156836747,20,24,128.30769230769232,21.657181962849926,livecell_phase__test-MCF7_Phase_H4_2_00d00h00m_3.png
30,329.0,72.31980515339464,0.8372524146250389,0.9215686274509803,0.7904806933512722,0.0058655457646966235,28,16,126.07294832826747,40.09101534468977,livecell_phase__test-MCF7_Phase_H4_2_00d00h00m_3.png
31,359.0,81.59797974644667,0.904180952639103,0.8952618453865336,0.6775564749442109,-0.4128885139850228,31,19,128.18384401114207,39.09654738638127,livecell_phase__test-MCF7_Phase_H4_2_00d00h00m_3.png
32,340.0,79.698484809835,0.9066859967850756,0.8970976253298153,0.6726492330025745,-1.272861562765714,17,31,125.4735294117647,37.0806260561998,livecell_phase__test-MCF7_Phase_H4_2_00d00h00m_3.png
33,348.0,85.94112549695427,0.916270638107757,0.8592592592592593,0.5920890563430597,-0.3281654252148457,33,19,128.67816091954023,45.791818837865044,livecell_phase__test-MCF7_Phase_H4_2_00d00h00m_3.png
34,319.0,82.91168824543142,0.9444815639905936,0.8910614525139665,0.5831348948526615,-0.6028922076977239,30,24,124.13479623824452,36.27348244976923,livecell_phase__test-MCF7_Phase_H4_2_00d00h00m_3.png
35,330.0,66.8700576850888,0.6643427693718182,0.9649122807017544,0.92738572838185,1.3638166938290075,18,23,127.12121212121212,38.45103740237239,livecell_phase__test-MCF7_Phase_H4_2_00d00h00m_3.png
36,278.0,79.25483399593904,0.9076760768707672,0.8938906752411575,0.5561643389672412,-0.356328186037259,33,18,128.36330935251797,33.785096633217016,livecell_phase__test-MCF7_Phase_H4_2_00d00h00m_3.png
37,308.0,63.94112549695428,0.3104557210734116,0.9535603715170279,0.9466730800710611,-0.27647882979126764,21,20,124.50324675324676,31.66817591971426,livecell_phase__test-MCF7_Phase_H4_2_00d00h00m_3.png
38,306.0,66.76955262170047,0.822664862384792,0.9592476489028213,0.8625302948800198,0.6842123176526335,23,20,126.3529411764706,41.01155115270316,livecell_phase__test-MCF7_Phase_H4_2_00d00h00m_3.png
39,296.0,69.698484809835,0.7527397885346416,0.9051987767584098,0.7656933955410666,1.2847938852188945,18,25,119.91554054054055,42.11354056633259,livecell_phase__test-MCF7_Phase_H4_2_00d00h00m_3.png
40,258.0,67.97665940288701,0.8256506870179847,0.8865979381443299,0.7016328815749215,0.7758380392659828,21,23,124.3875968992248,25.614709339268018,livecell_phase__test-MCF7_Phase_H4_2_00d00h00m_3.png
41,279.0,80.76955262170047,0.9447448065627823,0.8181818181818182,0.537426048703258,0.08816225837080996,34,14,127.99283154121864,39.916758621712944,livecell_phase__test-MCF7_Phase_H4_2_00d00h00m_3.png
42,298.0,64.5269119345812,0.7330600768738927,0.9612903225806452,0.8993823593102187,-1.2634269918001058,17,24,128.54697986577182,47.617175933678844,livecell_phase__test-MCF7_Phase_H4_2_00d00h00m_3.png
43,295.0,77.59797974644667,0.9143266621138003,0.8727810650887574,0.615645983969534,-0.5845865175990672,27,22,126.34576271186441,35.662102193965616,livecell_phase__test-MCF7_Phase_H4_2_00d00h00m_3.png
44,251.0,62.870057685088796,0.7926221783858937,0.9365671641791045,0.7979870946767961,0.3782768052569204,22,17,124.7211155378486,45.49219442209014,livecell_phase__test-MCF7_Phase_H4_2_00d00h00m_3.png
45,283.0,67.94112549695427,0.8335898507758422,0.907051282051282,0.7704258133273566,1.031443365682724,19,24,125.886925795053,41.468553440788426,livecell_phase__test-MCF7_Phase_H4_2_00d00h00m_3.png
46,286.0,61.698484809834994,0.6644242160495247,0.959731543624161,0.9441193519516523,0.5211077761190902,21,18,127.84265734265735,45.50593289454536,livecell_phase__test-MCF7_Phase_H4_2_00d00h00m_3.png
47,287.0,60.2842712474619,0.4687945056009072,0.9695945945945946,0.9923930867790384,0.3629883550057932,20,18,125.47386759581882,42.78149466461599,livecell_phase__test-MCF7_Phase_H4_2_00d00h00m_3.png
48,279.0,60.8700576850888,0.48164324340584574,0.9587628865979382,0.9462516300653079,-0.6839774751371963,19,19,132.6451612903226,47.76832797566263,livecell_phase__test-MCF7_Phase_H4_2_00d00h00m_3.png
49,275.0,64.5269119345812,0.7742534042403136,0.935374149659864,0.829966942316477,0.33804485308678106,25,16,125.6290909090909,42.67978730767175,livecell_phase__test-MCF7_Phase_H4_2_00d00h00m_3.png
50,254.0,62.2842712474619,0.7783577487029523,0.9372693726937269,0.8227858341645435,-1.3243424319403712,16,23,125.83858267716535,30.305945330918895,livecell_phase__test-MCF7_Phase_H4_2_00d00h00m_3.png
51,269.0,60.76955262170047,0.6007276427026838,0.9471830985915493,0.9153560698636957,-1.1241541557929653,19,21,127.52416356877323,34.28402539863987,livecell_phase__test-MCF7_Phase_H4_2_00d00h00m_3.png
52,253.0,60.970562748477136,0.7820016927150084,0.9693486590038314,0.8552438860265781,0.07316721229088696,22,14,125.4901185770751,21.741494661235148,livecell_phase__test-MCF7_Phase_H4_2_00d00h00m_3.png
53,262.0,58.87005768508881,0.5467515037469348,0.9562043795620438,0.9499969973337957,0.10574151842555392,20,17,127.40458015267176,44.25477567293609,livecell_phase__test-MCF7_Phase_H4_2_00d00h00m_3.png
54,269.0,66.2842712474619,0.787712291780043,0.9212328767123288,0.7693804954297253,-0.7245927387699269,22,19,131.52044609665427,52.19847515706691,livecell_phase__test-MCF7_Phase_H4_2_00d00h00m_3.png
55,264.0,59.21320343559643,0.631009811922939,0.9705882352941176,0.9461863462837877,-0.5274221875179117,19,17,128.43560606060606,41.39457699911573,livecell_phase__test-MCF7_Phase_H4_2_00d00h00m_3.png
56,256.0,58.04163056034261,0.42294389003743493,0.9552238805970149,0.9549279835285654,0.1538781074070162,19,17,128.796875,20.103971690548487,livecell_phase__test-MCF7_Phase_H4_2_00d00h00m_3.png
57,250.0,82.18376618407356,0.9262062016581635,0.7374631268436578,0.4651336864703001,1.0215408079298431,22,28,126.172,30.6399480417314,livecell_phase__test-MCF7_Phase_H4_2_00d00h00m_3.png
58,258.0,60.87005768508881,0.703558796026695,0.945054945054945,0.87502838909265,-0.18263077500260633,22,16,124.81395348837209,36.97815559687468,livecell_phase__test-MCF7_Phase_H4_2_00d00h00m_3.png
59,252.0,57.21320343559643,0.5264862498156382,0.9692307692307692,0.9674262662234705,0.3677680255303571,19,16,124.31746031746032,46.49178981857054,livecell_phase__test-MCF7_Phase_H4_2_00d00h00m_3.png
60,259.0,67.11269837220809,0.8415325549275533,0.9024390243902439,0.7226037761849309,1.459413318045932,15,27,126.27413127413128,30.83243645511702,livecell_phase__test-MCF7_Phase_H4_2_00d00h00m_3.png
61,242.0,63.11269837220809,0.8496451136958353,0.9063670411985019,0.7634695711492427,0.14784033236446267,25,14,122.62396694214875,26.12658164706762,livecell_phase__test-MCF7_Phase_H4_2_00d00h00m_3.png
62,251.0,57.4558441227157,0.5351944290959738,0.9616858237547893,0.955465843791529,-1.4461239196072886,17,19,130.85258964143426,48.98668596323179,livecell_phase__test-MCF7_Phase_H4_2_00d00h00m_3.png
63,251.0,60.04163056034261,0.7922244007790217,0.9616858237547893,0.8749407208733601,1.4163965655074722,14,23,128.27888446215138,38.472864037935516,livecell_phase__test-MCF7_Phase_H4_2_00d00h00m_3.png
64,239.0,55.4558441227157,0.5570421825636174,0.956,0.9765919146186376,-0.6471926099387423,18,17,125.43514644351464,39.136962847949995,livecell_phase__test-MCF7_Phase_H4_2_00d00h00m_3.png
65,246.0,56.87005768508881,0.6394468634023638,0.9571984435797666,0.9558233451632809,-0.6052381416886835,19,17,129.3861788617886,31.743273598232367,livecell_phase__test-MCF7_Phase_H4_2_00d00h00m_3.png
66,248.0,58.04163056034261,0.7412458098289111,0.9575289575289575,0.9250864840432977,-0.22680860301733205,21,15,128.6733870967742,50.16941236365712,livecell_phase__test-MCF7_Phase_H4_2_00d00h00m_3.png
67,248.0,62.526911934581186,0.8392376725604442,0.9358490566037736,0.7971271183186821,0.6300977556323897,22,18,124.65725806451613,41.379141296277204,livecell_phase__test-MCF7_Phase_H4_2_00d00h00m_3.png
68,206.0,57.21320343559643,0.7889286201280131,0.911504424778761,0.7908325827064877,-1.2029962514682169,15,20,115.09223300970874,36.379021985819456,livecell_phase__test-MCF7_Phase_H4_2_00d00h00m_3.png
69,241.0,57.4558441227157,0.5965042349666762,0.9450980392156862,0.9173994755129821,1.409516769246916,17,19,129.8921161825726,50.32768947494924,livecell_phase__test-MCF7_Phase_H4_2_00d00h00m_3.png
70,242.0,56.04163056034261,0.34546384173475525,0.9565217391304348,0.9682861153242618,-1.129360527019815,17,18,130.78099173553719,45.23151613542291,livecell_phase__test-MCF7_Phase_H4_2_00d00h00m_3.png
71,242.0,56.87005768508881,0.6379151334247654,0.952755905511811,0.940281502152496,-1.1022137419187423,17,19,125.09504132231405,47.28211506651941,livecell_phase__test-MCF7_Phase_H4_2_00d00h00m_3.png
72,221.0,54.04163056034261,0.5428513351510675,0.9567099567099567,0.9509227754949258,-0.5119341263194753,18,16,128.0950226244344,44.52438472291604,livecell_phase__test-MCF7_Phase_H4_2_00d00h00m_3.png
73,213.0,54.62741699796952,0.6211817606815884,0.9383259911894273,0.8969497967844833,0.9786070952492931,16,18,131.93896713615024,42.26077141760579,livecell_phase__test-MCF7_Phase_H4_2_00d00h00m_3.png
74,194.0,53.45584412271571,0.5549233476339923,0.9509803921568627,0.853141778920511,-0.37156682155982623,18,16,131.68556701030928,42.02317840962974,livecell_phase__test-MCF7_Phase_H4_2_00d00h00m_3.png
75,172.0,58.87005768508881,0.8899464618979105,0.8229665071770335,0.6236621509214231,-0.4806168890192798,21,15,128.23837209302326,42.60781309671739,livecell_phase__test-MCF7_Phase_H4_2_00d00h00m_3.png
76,209.0,51.21320343559643,0.2913331994842268,0.9675925925925926,1.0013646724498069,1.033228182903003,16,16,123.81818181818181,52.049253951287355,livecell_phase__test-MCF7_Phase_H4_2_00d00h00m_3.png
77,213.0,52.38477631085024,0.5038399256773972,0.9551569506726457,0.9753922036509589,-0.8264828042420561,16,16,130.13145539906102,53.104658790032325,livecell_phase__test-MCF7_Phase_H4_2_00d00h00m_3.png
78,215.0,71.49137802864844,0.9048698205273314,0.8237547892720306,0.5286168314603121,-0.42976007887392087,25,17,125.04186046511627,29.908435712541497,livecell_phase__test-MCF7_Phase_H4_2_00d00h00m_3.png
79,210.0,52.384776310850235,0.5588299054173007,0.9545454545454546,0.961654285289678,-1.1817288002977016,15,17,127.60952380952381,51.539073524591444,livecell_phase__test-MCF7_Phase_H4_2_00d00h00m_3.png
80,187.0,50.62741699796952,0.6775856004856597,0.949238578680203,0.9168112418081202,-0.14791322755027983,18,14,132.7860962566845,57.42679338192036,livecell_phase__test-MCF7_Phase_H4_2_00d00h00m_3.png
81,179.0,49.21320343559643,0.5537934942775943,0.93717277486911,0.9287517049497336,0.7570726010985571,16,15,123.24581005586592,40.11388705870244,livecell_phase__test-MCF7_Phase_H4_2_00d00h00m_3.png
82,185.0,49.79898987322333,0.5106321123815406,0.9390862944162437,0.9374336206711865,0.47354245155495894,16,15,128.38918918918918,44.01719432948769,livecell_phase__test-MCF7_Phase_H4_2_00d00h00m_3.png
83,204.0,51.45584412271571,0.5601948731305562,0.9577464788732394,0.9682123483556626,-0.02791204850321379,18,15,131.68627450980392,48.06602493224699,livecell_phase__test-MCF7_Phase_H4_2_00d00h00m_3.png
84,193.0,58.62741699796952,0.6860499368421437,0.8733031674208145,0.705611502862468,-1.2755324714244312,15,20,128.45077720207254,44.00281328638164,livecell_phase__test-MCF7_Phase_H4_2_00d00h00m_3.png
85,199.0,51.55634918610404,0.35588960149978155,0.9660194174757282,0.940802856834308,-0.2182575075473561,16,15,125.48241206030151,50.82503678337293,livecell_phase__test-MCF7_Phase_H4_2_00d00h00m_3.png
86,185.0,52.8700576850888,0.8329653042886606,0.9203980099502488,0.8316910422344852,-0.5985856200552384,18,16,129.75675675675674,42.640803580865054,livecell_phase__test-MCF7_Phase_H4_2_00d00h00m_3.png
87,181.0,47.45584412271571,0.3899445243514977,0.9627659574468085,1.0099713010770075,1.4140067604955455,15,16,130.9060773480663,47.68771592725592,livecell_phase__test-MCF7_Phase_H4_2_00d00h00m_3.png
88,174.0,47.79898987322333,0.5427885790632083,0.9508196721311475,0.9570214560689858,-0.1479462951856611,16,14,129.9367816091954,49.78865128258158,livecell_phase__test-MCF7_Phase_H4_2_00d00h00m_3.png
89,180.0,53.45584412271572,0.528458667194044,0.9183673469387755,0.7915748464210927,0.9185781160567845,15,19,120.37777777777778,37.85486253156852,livecell_phase__test-MCF7_Phase_H4_2_00d00h00m_3.png
90,171.0,47.45584412271572,0.6591277981791337,0.95,0.9541717816804874,0.5852763072477235,16,15,130.05263157894737,43.67466957036584,livecell_phase__test-MCF7_Phase_H4_2_00d00h00m_3.png
91,132.0,44.970562748477136,0.693985004830634,0.8859060402684564,0.8202139488028485,1.1192621304534032,13,15,122.29545454545455,38.49866952371756,livecell_phase__test-MCF7_Phase_H4_2_00d00h00m_3.png
92,155.0,44.38477631085023,0.47179505275285344,0.9567901234567902,0.9887203915995307,1.4381167950382576,13,15,134.8774193548387,46.41333727724433,livecell_phase__test-MCF7_Phase_H4_2_00d00h00m_3.png
93,164.0,57.55634918610405,0.9271745037822136,0.9479768786127167,0.6221100748061601,0.08537414953831919,25,9,127.29878048780488,37.307584378666576,livecell_phase__test-MCF7_Phase_H4_2_00d00h00m_3.png
94,160.0,45.798989873223334,0.5901474066555009,0.9467455621301775,0.9585572311415079,-0.6906613202944225,15,14,127.71875,24.845817524032086,livecell_phase__test-MCF7_Phase_H4_2_00d00h00m_3.png
95,131.0,40.62741699796952,0.5862748017935748,0.9562043795620438,0.9973388488979306,-0.7982840114480093,13,14,131.80152671755727,21.110910260343548,livecell_phase__test-MCF7_Phase_H4_2_00d00h00m_3.png
96,108.0,44.72792206135786,0.9063383323260507,0.9230769230769231,0.6783849031608021,0.18010724888773047,20,8,134.1851851851852,41.95062091716971,livecell_phase__test-MCF7_Phase_H4_2_00d00h00m_3.png
97,70.0,35.31370849898476,0.9123572850802593,0.9459459459459459,0.7053769250479937,-0.025792224354838383,16,6,133.4142857142857,24.098899119576192,livecell_phase__test-MCF7_Phase_H4_2_00d00h00m_3.png
1,3675.0,251.21424945612296,0.7869617198081439,0.9144065687982085,0.731776852038547,-0.4900672334250445,87,69,128.00108843537416,7.688634524811592,livecell_phase__train-Huh7_Phase_A10_1_00d16h00m_1.png
2,2494.0,198.65180361560903,0.7848969166223163,0.9636785162287481,0.7941842831979943,-0.8025057514207495,61,62,127.85805934242181,12.143385423587478,livecell_phase__train-Huh7_Phase_A10_1_00d16h00m_1.png
3,2190.0,194.65180361560903,0.8728203797652713,0.961369622475856,0.7263352381990406,-0.4197312412687809,73,46,127.93196347031963,10.989593719395955,livecell_phase__train-Huh7_Phase_A10_1_00d16h00m_1.png
4,2220.0,240.62236636408616,0.8601127494481412,0.731948565776459,0.48182668794635447,1.0145829745862704,67,74,127.86621621621622,7.751700371915393,livecell_phase__train-Huh7_Phase_A10_1_00d16h00m_1.png
5,2225.0,185.09545442950497,0.7864406272312591,0.9682332463011314,0.8161093854282933,0.3140343105140359,67,45,127.92539325842696,9.725620404944774,livecell_phase__train-Huh7_Phase_A10_1_00d16h00m_1.png
6,2110.0,197.82337649086284,0.8588033964399554,0.9315673289183223,0.6775433683890628,0.5751490525174536,63,53,128.15924170616114,5.386506521444041,livecell_phase__train-Huh7_Phase_A10_1_00d16h00m_1.png
7,1976.0,192.65180361560903,0.8928558529946883,0.9131238447319778,0.6690377847159921,1.210505214267787,47,72,128.07085020242914,12.235047905621961,livecell_phase__train-Huh7_Phase_A10_1_00d16h00m_1.png
8,1749.0,161.2670273047588,0.5952270766288831,0.9646993932708219,0.8451007993303034,1.091739616991013,47,53,127.778730703259,10.060632900185428,livecell_phase__train-Huh7_Phase_A10_1_00d16h00m_1.png
9,1769.0,162.61017305526642,0.2689240918592511,0.9645583424209379,0.8407023723121893,-0.47856186977636705,50,50,127.8439796495195,13.67127886034697,livecell_phase__train-Huh7_Phase_A10_1_00d16h00m_1.png
10,1675.0,164.55129855222071,0.799893238707534,0.9517045454545454,0.7773597457188464,0.7734371376341853,54,54,127.87940298507462,12.973719461222313,livecell_phase__train-Huh7_Phase_A10_1_00d16h00m_1.png
11,1583.0,163.78174593052023,0.6500195939531707,0.9284457478005865,0.7415830350366407,-0.10218827577211176,54,43,127.83828174352496,14.762354165986208,livecell_phase__train-Huh7_Phase_A10_1_00d16h00m_1.png
12,1594.0,167.61017305526642,0.8262329148037395,0.9103369503141062,0.7130129736054924,-0.9834029459629436,50,51,127.89021329987453,9.615238693679705,livecell_phase__train-Huh7_Phase_A10_1_00d16h00m_1.png
13,1563.0,183.2670273047588,0.6768505205296771,0.8336,0.5847903147104716,-1.024099709533431,49,55,127.62699936020474,9.346378575025192,livecell_phase__train-Huh7_Phase_A10_1_00d16h00m_1.png
14,1575.0,153.82337649086284,0.6394803946378028,0.968039336201598,0.8364610870621145,0.4768773000572895,53,47,128.02603174603175,11.3021962382767,livecell_phase__train-Huh7_Phase_A10_1_00d16h00m_1.png
15,1496.0,179.7228714274745,0.8506303201742524,0.8597701149425288,0.5820157806487228,0.28487019586540774,69,43,127.57085561497327,16.052814097359803,livecell_phase__train-Huh7_Phase_A10_1_00d16h00m_1.png
16,1461.0,166.61017305526642,0.8687629225415915,0.8985239852398524,0.6613891239643664,-0.1083872475554224,65,35,127.86036960985626,12.154873154840994,livecell_phase__train-Huh7_Phase_A10_1_00d16h00m_1.png
17,1166.0,177.71677477306463,0.7608542114815885,0.8193956430077302,0.4639290507437894,0.34117098481765207,58,36,127.60548885077186,16.052244379910867,livecell_phase__train-Huh7_Phase_A10_1_00d16h00m_1.png
18,1391.0,140.12489168102783,0.4851537271402,0.9666435024322446,0.890238586148037,-1.276558596676992,42,45,127.89647735442128,10.035633591403355,livecell_phase__train-Huh7_Phase_A10_1_00d16h00m_1.png
19,1342.0,160.36753236814712,0.8829631505301071,0.895263509006004,0.655736693763646,-1.5404038398160238,30,61,128.0350223546945,12.650623175490736,livecell_phase__train-Huh7_Phase_A10_1_00d16h00m_1.png
20,1314.0,152.22539674441617,0.8042530942326874,0.9118667591950035,0.7125756866713343,-0.18424153669978582,54,34,127.96803652968036,10.060723454044293,livecell_phase__train-Huh7_Phase_A10_1_00d16h00m_1.png
21,1336.0,159.7401153701776,0.874804837831383,0.9303621169916435,0.6579430968244288,1.5587018423839059,29,62,127.83532934131736,10.9289955373039,livecell_phase__train-Huh7_Phase_A10_1_00d16h00m_1.png
22,1306.0,171.23759005323592,0.9497740225867385,0.8988300068823124,0.5596993812756975,-0.8759012203898687,53,56,127.88055130168453,11.313890079512374,livecell_phase__train-Huh7_Phase_A10_1_00d16h00m_1.png
23,1321.0,152.61017305526642,0.7468589074910017,0.9237762237762238,0.7127639270824137,0.43995476589033555,52,43,127.87963663890991,7.691726151698505,livecell_phase__train-Huh7_Phase_A10_1_00d16h00m_1.png
24,1228.0,146.02438661763952,0.7281371908025788,0.9022777369581191,0.7236981285220959,0.013259794125381573,52,36,128.10179153094464,11.840425015296532,livecell_phase__train-Huh7_Phase_A10_1_00d16h00m_1.png
25,1280.0,141.88225099390857,0.8198664900127017,0.9674981103552532,0.7990311189275877,-1.3978892793329345,32,55,128.15234375,7.745830177058876,livecell_phase__train-Huh7_Phase_A10_1_00d16h00m_1.png
26,1226.0,147.9177848998413,0.7299123480251273,0.8975109809663251,0.7041408579708537,0.7323679619334651,46,42,128.14029363784667,11.23789432035818,livecell_phase__train-Huh7_Phase_A10_1_00d16h00m_1.png
27,1279.0,149.4386001800126,0.783835234956903,0.9349415204678363,0.719705508857304,0.7273815237033521,47,47,128.16888193901485,14.832173508757245,livecell_phase__train-Huh7_Phase_A10_1_00d16h00m_1.png
28,1206.0,156.78174593052023,0.6507428786891926,0.8305785123966942,0.6165469857943461,-1.3098315807470233,42,49,127.80845771144278,15.234832702464844,livecell_phase__train-Huh7_Phase_A10_1_00d16h00m_1.png
29,1188.0,145.19595949289334,0.7673942727168664,0.9511609287429944,0.7081369280784459,0.42999389105919544,53,36,127.8459595959596,9.931279472352163,livecell_phase__train-Huh7_Phase_A10_1_00d16h00m_1.png
30,1180.0,152.46803743153546,0.7377646505503892,0.8556925308194344,0.6378730462506782,-0.4245369839194557,48,40,127.74237288135593,15.807037730930523,livecell_phase__train-Huh7_Phase_A10_1_00d16h00m_1.png
31,1096.0,154.6040764008565,0.8579998905331971,0.845679012345679,0.5762070091624102,1.1267836704678376,35,53,127.73631386861314,14.248920906383647,livecell_phase__train-Huh7_Phase_A10_1_00d16h00m_1.png
32,1091.0,137.33809511662426,0.44805404764847356,0.9168067226890756,0.7268630226468581,0.45868199341765437,47,43,127.28230980751604,15.6071456694687,livecell_phase__train-Huh7_Phase_A10_1_00d16h00m_1.png
33,1092.0,168.22539674441617,0.9110422980400443,0.8367816091954023,0.4848968690937949,-1.5399798687899453,27,66,128.17948717948718,5.768013709640221,livecell_phase__train-Huh7_Phase_A10_1_00d16h00m_1.png
34,1099.0,133.78174593052023,0.8626695851868579,0.9606643356643356,0.7716384101203216,0.8898465276554484,42,43,127.63330300272976,22.127581533515677,livecell_phase__train-Huh7_Phase_A10_1_00d16h00m_1.png
35,1107.0,139.6812408671319,0.7005040247688775,0.9133663366336634,0.7129865150571724,1.1485886375636225,40,47,127.95754290876242,13.02880571059932,livecell_phase__train-Huh7_Phase_A10_1_00d16h00m_1.png
36,898.0,136.64570696119915,0.7999366313704109,0.8424015009380863,0.6043579187336449,-1.2238343519583315,34,44,127.85634743875278,7.783432008458,livecell_phase__train-Huh7_Phase_A10_1_00d16h00m_1.png
37,1079.0,133.9827560572969,0.6739201539667269,0.9548672566371681,0.7553243654865663,-1.3579564471490124,36,45,128.06024096385542,8.502907115432317,livecell_phase__train-Huh7_Phase_A10_1_00d16h00m_1.png
38,885.0,137.29646455628165,0.41177039853177216,0.8240223463687151,0.5899761106279485,1.335443619535979,40,38,127.51864406779661,11.600162787328518,livecell_phase__train-Huh7_Phase_A10_1_00d16h00m_1.png
39,666.0,193.36753236814712,0.9357316787215527,0.5463494667760459,0.2238293239815398,0.456571895868695,55,34,128.22522522522522,11.077004303902433,livecell_phase__train-Huh7_Phase_A10_1_00d16h00m_1.png
40,1072.0,127.78174593052023,0.6765228783915943,0.9614349775784753,0.8250248196344793,-0.4154725137759894,46,36,128.18563432835822,8.17235389923515,livecell_phase__train-Huh7_Phase_A10_1_00d16h00m_1.png
41,1009.0,151.09545442950497,0.950940234836232,0.9164396003633061,0.5553902251384366,1.0275516708156063,39,57,127.61843409316154,15.858270224562014,livecell_phase__train-Huh7_Phase_A10_1_00d16h00m_1.png
42,1021.0,127.29646455628165,0.7729360581375068,0.9613935969868174,0.7917770730969298,0.5235594314658059,46,34,128.09402546523017,12.709477810084577,livecell_phase__train-Huh7_Phase_A10_1_00d16h00m_1.png
43,1036.0,170.50966799187808,0.9597962989155461,0.7932618683001531,0.44778712452224906,1.0556816571146288,41,65,128.1669884169884,11.851400997442557,livecell_phase__train-Huh7_Phase_A10_1_00d16h00m_1.png
44,974.0,132.71067811865476,0.8102923779189917,0.907735321528425,0.6949556406782063,1.4814966738281667,33,50,127.19507186858316,21.879334392407685,livecell_phase__train-Huh7_Phase_A10_1_00d16h00m_1.png
45,895.0,139.16652224137044,0.9243576799690842,0.9013091641490433,0.5807154097623681,0.7276391921895509,47,45,127.13072625698324,12.127981636640783,livecell_phase__train-Huh7_Phase_A10_1_00d16h00m_1.png
46,938.0,131.49747468305833,0.8783352375257603,0.8882575757575758,0.6816758011595306,-0.2938468176921213,49,29,128.24413646055436,10.765235286737576,livecell_phase__train-Huh7_Phase_A10_1_00d16h00m_1.png
47,923.0,142.46803743153546,0.9155601526374559,0.8832535885167464,0.5714479533342545,1.0423529628056307,32,56,127.9815817984832,6.928413313357453,livecell_phase__train-Huh7_Phase_A10_1_00d16h00m_1.png
48,867.0,126.02438661763952,0.7736967398396974,0.8802030456852792,0.6859931464750351,-0.9861597192352544,38,43,128.1776239907728,14.213183521625314,livecell_phase__train-Huh7_Phase_A10_1_00d16h00m_1.png
49,879.0,108.5685424949238,0.4272387487448981,0.9766666666666667,0.937110327208638,0.44805296264420164,35,33,128.05346985210466,12.166389429896565,livecell_phase__train-Huh7_Phase_A10_1_00d16h00m_1.png
50,847.0,118.60407640085654,0.5519552209427707,0.9287280701754386,0.7566482684237478,0.08276581871307959,40,32,128.10625737898465,7.68094875859885,livecell_phase__train-Huh7_Phase_A10_1_00d16h00m_1.png
51,822.0,111.78174593052023,0.634834532750895,0.9659224441833137,0.8266847083552322,0.7535135757183717,37,37,127.58515815085158,12.835736444960117,livecell_phase__train-Huh7_Phase_A10_1_00d16h00m_1.png
52,848.0,118.08326112068522,0.5461611406351411,0.9328932893289329,0.7642387229988422,0.7485847272953517,33,38,128.58018867924528,9.89654904415009,livecell_phase__train-Huh7_Phase_A10_1_00d16h00m_1.png
53,833.0,126.9116882454314,0.9097864458628215,0.8976293103448276,0.6499076106038447,0.007027943971825791,51,24,128.33493397358944,10.193067426200235,livecell_phase__train-Huh7_Phase_A10_1_00d16h00m_1.png
54,837.0,138.06601717798213,0.9489184598324628,0.9197802197802197,0.5517746301587183,0.6645380703474286,50,43,128.36559139784947,5.671632763026506,livecell_phase__train-Huh7_Phase_A10_1_00d16h00m_1.png
55,825.0,109.84062043356595,0.7142764629989236,0.9649122807017544,0.8592862410303952,-0.8320515323236867,32,34,127.79272727272728,11.832956359183749,livecell_phase__train-Huh7_Phase_A10_1_00d16h00m_1.png
56,758.0,117.98275605729688,0.7262546325570912,0.8981042654028436,0.6842928397117275,-0.8361639399571652,34,39,127.79683377308707,9.410648574763508,livecell_phase__train-Huh7_Phase_A10_1_00d16h00m_1.png
57,744.0,108.76955262170048,0.8137903697735855,0.9750982961992136,0.7902565698720164,1.5688679531586343,24,40,127.77688172043011,11.59781695054151,livecell_phase__train-Huh7_Phase_A10_1_00d16h00m_1.png
58,749.0,122.49747468305833,0.8055773360804029,0.8550228310502284,0.6272452920936143,0.11775163186545291,43,30,128.2536715620828,6.880808860764617,livecell_phase__train-Huh7_Phase_A10_1_00d16h00m_1.png
59,745.0,142.36753236814712,0.8752531559438052,0.7376237623762376,0.46189602167119137,0.5835472648097496,47,41,128.62953020134228,16.583639966677698,livecell_phase__train-Huh7_Phase_A10_1_00d16h00m_1.png
60,726.0,116.32590180780451,0.8889470166450796,0.9343629343629344,0.6742075764359728,0.09160631814229628,47,24,127.54132231404958,16.379296392629364,livecell_phase__train-Huh7_Phase_A10_1_00d16h00m_1.png
61,658.0,121.02438661763951,0.909576682457728,0.863517060367454,0.564533836307621,0.6042658970049086,44,33,128.88601823708206,10.727521303865837,livecell_phase__train-Huh7_Phase_A10_1_00d16h00m_1.png
62,685.0,110.7401153701776,0.8275146373648781,0.8804627249357326,0.7019246469958084,0.24170770595151075,42,27,127.72846715328467,14.430679751430185,livecell_phase__train-Huh7_Phase_A10_1_00d16h00m_1.png
63,606.0,103.5685424949238,0.6483883578628744,0.8657142857142858,0.7099483581081035,0.8029186872261451,34,31,127.95709570957095,11.688538043660566,livecell_phase__train-Huh7_Phase_A10_1_00d16h00m_1.png
64,673.0,105.22539674441617,0.47211466300339117,0.9465541490857946,0.763807264252372,-0.3783568612224292,36,31,127.48588410104011,9.228655217085496,livecell_phase__train-Huh7_Phase_A10_1_00d16h00m_1.png
65,659.0,121.36143571373725,0.6723688366401435,0.862565445026178,0.5622557008294923,1.8045455918200297e-06,44,32,128.05311077389985,13.984770663302985,livecell_phase__train-Huh7_Phase_A10_1_00d16h00m_1.png
66,355.0,116.46803743153546,0.9588435957378371,0.509325681492109,0.3288703362442012,-1.0562982483342755,31,46,128.6112676056338,11.16210325599084,livecell_phase__train-Huh7_Phase_A10_1_00d16h00m_1.png
67,556.0,124.52691193458118,0.9574151713705322,0.8462709284627092,0.45056579484580994,-0.16487577598800787,52,18,128.27338129496403,6.556128173274095,livecell_phase__train-Huh7_Phase_A10_1_00d16h00m_1.png
68,638.0,101.43250352560273,0.7500070602427481,0.9140401146131805,0.7792489993531478,0.6527010479671966,34,33,127.55329153605015,18.158380540032663,livecell_phase__train-Huh7_Phase_A10_1_00d16h00m_1.png
69,446.0,150.12489168102786,0.9375826694530074,0.6389684813753582,0.24867911241815033,0.4546777559625738,44,28,129.43273542600897,17.563432894188292,livecell_phase__train-Huh7_Phase_A10_1_00d16h00m_1.png
70,646.0,102.2842712474619,0.7841969470380881,0.9728915662650602,0.7759338020859629,0.3850807109089019,35,24,128.04489164086687,7.538107331416891,livecell_phase__train-Huh7_Phase_A10_1_00d16h00m_1.png
71,617.0,121.88225099390857,0.41376337620605225,0.7636138613861386,0.5219322050636326,1.3094276584829223,37,35,127.24959481361427,16.774583420890487,livecell_phase__train-Huh7_Phase_A10_1_00d16h00m_1.png
72,575.0,122.16042558696057,0.9596341136462474,0.8832565284178188,0.48419091297737127,0.6169652248811437,44,34,127.4191304347826,9.141019785675843,livecell_phase__train-Huh7_Phase_A10_1_00d16h00m_1.png
73,598.0,96.04772721475248,0.4764116689399106,0.9101978691019786,0.8145858520382468,-0.5723411691734805,29,29,127.13377926421404,14.620465890008699,livecell_phase__train-Huh7_Phase_A10_1_00d16h00m_1.png
74,592.0,94.32590180780451,0.7811477053179591,0.9487179487179487,0.8361219769940749,0.3922073099067995,34,26,128.04898648648648,14.1129360938469,livecell_phase__train-Huh7_Phase_A10_1_00d16h00m_1.png
75,606.0,116.71067811865476,0.8485216716410057,0.8440111420612814,0.5590637114494572,-0.7943264541699402,38,37,127.13201320132013,18.114480055916466,livecell_phase__train-Huh7_Phase_A10_1_00d16h00m_1.png
76,287.0,97.49747468305833,0.8931921080528297,0.5394736842105263,0.3794067269151765,-0.6806542314863215,26,27,128.02787456445992,5.583629944497417,livecell_phase__train-Huh7_Phase_A10_1_00d16h00m_1.png
77,574.0,138.0538238691624,0.9645963170396695,0.7220125786163522,0.37846426185758686,1.2823510078463398,28,51,129.11324041811847,10.327194182056735,livecell_phase__train-Huh7_Phase_A10_1_00d16h00m_1.png
78,514.0,96.49747468305833,0.745234469452911,0.9001751313485113,0.6936511119563628,0.650917527322782,32,27,127.48832684824903,21.944590195189438,livecell_phase__train-Huh7_Phase_A10_1_00d16h00m_1.png
79,535.0,94.42640687119285,0.49125226568453867,0.9402460456942003,0.754009326406553,0.226828572280792,31,26,128.1663551401869,13.016035716777115,livecell_phase__train-Huh7_Phase_A10_1_00d16h00m_1.png
80,519.0,91.84062043356595,0.8022562378694035,0.9089316987740805,0.7732280564594265,0.9384765108378157,26,31,128.82851637764932,8.108814153151393,livecell_phase__train-Huh7_Phase_A10_1_00d16h00m_1.png
81,513.0,83.59797974644665,0.3349561517633613,0.9588785046728971,0.9224347695960544,-0.04757293366729596,27,25,128.458089668616,37.808570584009054,livecell_phase__train-Huh7_Phase_A10_1_00d16h00m_1.png
82,308.0,97.39696961966999,0.6668161113326261,0.6829268292682927,0.4080089514797503,1.5400259601656388,26,28,126.48051948051948,12.51088916832405,livecell_phase__train-Huh7_Phase_A10_1_00d16h00m_1.png
83,485.0,104.29646455628165,0.9494378990183345,0.8915441176470589,0.5602894290297997,0.5891371497803909,38,30,128.98350515463918,10.494757458161839,livecell_phase__train-Huh7_Phase_A10_1_00d16h00m_1.png
84,457.0,88.5269119345812,0.7220060512844054,0.892578125,0.7327830817464931,0.3688713951847851,28,23,127.85339168490154,18.185115300008185,livecell_phase__train-Huh7_Phase_A10_1_00d16h00m_1.png
85,447.0,93.94112549695427,0.8253503316527625,0.9254658385093167,0.6365109348296084,-0.23625873257101102,35,21,127.74720357941834,14.01807988878644,livecell_phase__train-Huh7_Phase_A10_1_00d16h00m_1.png
86,445.0,86.5685424949238,0.8774865988311351,0.956989247311828,0.7461904109802968,0.8734836111748094,25,32,127.01348314606741,27.456274496296984,livecell_phase__train-Huh7_Phase_A10_1_00d16h00m_1.png
87,437.0,108.08326112068522,0.8577548078070748,0.7626527050610821,0.47008286526163184,-0.06106876559882975,40,25,128.64530892448514,10.338440286572627,livecell_phase__train-Huh7_Phase_A10_1_00d16h00m_1.png
88,370.0,76.11269837220809,0.309190576206892,0.9135802469135802,0.8025966638307265,0.06471093562068357,25,22,126.3,22.95234192843946,livecell_phase__train-Huh7_Phase_A10_1_00d16h00m_1.png
89,400.0,76.42640687119285,0.5959342209279868,0.9433962264150944,0.8605635977329642,-0.5121766639749374,27,22,127.745,21.6411639012323,livecell_phase__train-Huh7_Phase_A10_1_00d16h00m_1.png
90,385.0,89.59797974644665,0.850983702595508,0.9144893111638955,0.6026624862520197,0.2618157876429321,37,19,129.37402597402598,13.681738730900545,livecell_phase__train-Huh7_Phase_A10_1_00d16h00m_1.png
91,368.0,88.07716446627535,0.9290405541770245,0.9735449735449735,0.5961163497677626,-0.04776064529593448,39,13,127.92391304347827,20.68526239476465,livecell_phase__train-Huh7_Phase_A10_1_00d16h00m_1.png
92,406.0,85.59797974644667,0.847071470259758,0.8942731277533039,0.6963199980594571,0.30687472129784665,31,19,130.38177339901478,39.34687928121272,livecell_phase__train-Huh7_Phase_A10_1_00d16h00m_1.png
93,377.0,97.05382386916237,0.9361322614363968,0.7854166666666667,0.5029512735202617,0.6836004475761043,33,28,128.72944297082228,33.2989992434923,livecell_phase__train-Huh7_Phase_A10_1_00d16h00m_1.png
94,364.0,76.84062043356595,0.5305418937663295,0.8943488943488943,0.7746928042336075,-0.05797700113350541,27,23,128.72252747252747,5.8790406433879925,livecell_phase__train-Huh7_Phase_A10_1_00d16h00m_1.png
95,289.0,68.5269119345812,0.5209311849205484,0.8704819277108434,0.7733665502065056,0.4492406420017565,22,21,128.85121107266437,38.786461897948165,livecell_phase__train-Huh7_Phase_A10_1_00d16h00m_1.png
96,344.0,66.8700576850888,0.5135732976626732,0.9717514124293786,0.9667293653435043,0.026268082420850516,22,19,123.71511627906976,36.311638910070094,livecell_phase__train-Huh7_Phase_A10_1_00d16h00m_1.png
97,282.0,71.25483399593904,0.6575307094440095,0.8623853211009175,0.6979596353513997,0.3252842679600672,25,22,130.63475177304966,19.494259878251206,livecell_phase__train-Huh7_Phase_A10_1_00d16h00m_1.png
98,294.0,66.18376618407356,0.7787848938841575,0.9333333333333333,0.8434400909996814,0.2565764684314935,25,18,127.98299319727892,21.693984476562655,livecell_phase__train-Huh7_Phase_A10_1_00d16h00m_1.png
99,237.0,67.14823227814082,0.40346961680095833,0.8745387453874539,0.6605246686973439,0.6435885592418105,21,21,126.91983122362869,16.06152159419778,livecell_phase__train-Huh7_Phase_A10_1_00d16h00m_1.png
100,271.0,59.21320343559643,0.45725998176197896,0.9609929078014184,0.9712746206170699,1.4594148613109168,17,19,126.83763837638377,34.61975078243967,livecell_phase__train-Huh7_Phase_A10_1_00d16h00m_1.png
101,260.0,58.2842712474619,0.39860090260059794,0.9523809523809523,0.9617904725113369,1.0048984962175997,18,19,129.15769230769232,22.96942236768973,livecell_phase__train-Huh7_Phase_A10_1_00d16h00m_1.png
102,231.0,54.04163056034261,0.4404640980514682,0.9705882352941176,0.993950955381574,-1.5679361994807446,16,18,126.14285714285714,25.654909803613418,livecell_phase__train-Huh7_Phase_A10_1_00d16h00m_1.png
103,210.0,52.62741699796952,0.3521078366119817,0.9459459459459459,0.952807240666353,1.439555153904446,16,17,131.09047619047618,31.178845159619495,livecell_phase__train-Huh7_Phase_A10_1_00d16h00m_1.png
104,212.0,51.45584412271571,0.5273966994275193,0.9724770642201835,1.0061814600558847,-0.03561886120173618,18,15,129.18867924528303,31.802193233832508,livecell_phase__train-Huh7_Phase_A10_1_00d16h00m_1.png
105,199.0,50.2842712474619,0.5511692365139579,0.961352657004831,0.9890053014082885,0.6220769903739188,17,16,129.17085427135677,27.97595799795579,livecell_phase__train-Huh7_Phase_A10_1_00d16h00m_1.png
106,205.0,51.45584412271571,0.6407267499517821,0.9579439252336449,0.9729584873181903,0.032988020446089804,19,14,122.49756097560976,34.42498020832899,livecell_phase__train-Huh7_Phase_A10_1_00d16h00m_1.png
107,187.0,49.45584412271571,0.45723456966868714,0.9396984924623115,0.9607629185877138,0.07135323800114304,17,15,132.07486631016042,34.10889700545374,livecell_phase__train-Huh7_Phase_A10_1_00d16h00m_1.png
108,96.0,35.21320343559643,0.5662879577582444,0.9411764705882353,0.9729040819938799,0.7130645276859046,12,12,121.10416666666667,27.31814078542356,livecell_phase__train-Huh7_Phase_A10_1_00d16h00m_1.png
109,158.0,50.38477631085023,0.8192265871852493,0.9518072289156626,0.7821107970604338,0.03497472469587236,20,11,129.2594936708861,9.422690349073182,livecell_phase__train-Huh7_Phase_A10_1_00d16h00m_1.png
110,151.0,44.48528137423857,0.5318203861720935,0.9741935483870968,0.9588576280618295,1.47572770084825,12,14,126.23841059602648,18.686577896990265,livecell_phase__train-Huh7_Phase_A10_1_00d16h00m_1.png
111,135.0,42.04163056034261,0.42502848342461685,0.9440559440559441,0.959808362389789,-1.371337072966044,13,14,130.75555555555556,33.02512324628174,livecell_phase__train-Huh7_Phase_A10_1_00d16h00m_1.png
112,117.0,40.48528137423857,0.7759676411852475,0.9669421487603306,0.8970185037671567,-0.19871398136032475,15,9,128.4102564102564,23.41347184927553,livecell_phase__train-Huh7_Phase_A10_1_00d16h00m_1.png
113,104.0,46.62741699796952,0.5881755938776976,0.7647058823529411,0.6011190453195857,-1.5228112808520533,14,16,130.0,14.740707633572466,livecell_phase__train-Huh7_Phase_A10_1_00d16h00m_1.png
114,68.0,29.556349186104043,0.5070999154786089,0.9315068493150684,0.978176441832853,0.9003824294302797,10,10,134.2058823529412,46.2148304512006,livecell_phase__train-Huh7_Phase_A10_1_00d16h00m_1.png
115,58.0,26.727922061357855,0.6139536829747074,0.9354838709677419,1.020252024276075,-0.09675806250231322,10,8,133.68965517241378,32.033499112621705,livecell_phase__train-Huh7_Phase_A10_1_00d16h00m_1.png
116,57.0,27.31370849898476,0.724610546139912,0.9193548387096774,0.9601152754312778,-0.6810403757901793,9,9,133.56140350877192,26.04518175722729,livecell_phase__train-Huh7_Phase_A10_1_00d16h00m_1.png
117,59.0,30.142135623730947,0.8705497227978958,0.8805970149253731,0.8160444894768402,-0.7190880724185829,10,10,132.71186440677965,25.522373599473582,livecell_phase__train-Huh7_Phase_A10_1_00d16h00m_1.png
118,56.0,26.899494936611667,0.542297296587387,0.8888888888888888,0.9725448522598933,-1.3480478736489763,8,9,130.03571428571428,49.40646439981104,livecell_phase__train-Huh7_Phase_A10_1_00d16h00m_1.png
119,64.0,28.14213562373095,0.6062429137088962,0.9142857142857143,1.0154901954491722,-0.5095706721331749,10,9,137.375,40.08798916134358,livecell_phase__train-Huh7_Phase_A10_1_00d16h00m_1.png
120,62.0,26.72792206135785,0.3780833214594152,0.9538461538461539,1.0906142328468393,0.5508504149014728,9,9,129.0483870967742,28.261696076854246,livecell_phase__train-Huh7_Phase_A10_1_00d16h00m_1.png
1,4239.0,259.62236636408613,0.5538769000170602,0.9542998649257092,0.7902947056422029,-0.01286407878107522,84,68,127.91884878509083,7.7681684241357605,livecell_phase__train-Huh7_Phase_A10_1_01d04h00m_2.png
2,3132.0,258.45079348883235,0.8892447428942726,0.864715626725566,0.5892178264170914,0.9625913447639601,68,86,127.79885057471265,12.222177932635736,livecell_phase__train-Huh7_Phase_A10_1_01d04h00m_2.png
3,3103.0,225.78174593052023,0.8182135945275999,0.9495104039167687,0.764916423112628,-0.21317150584656053,77,51,127.72349339349017,10.435517163810763,livecell_phase__train-Huh7_Phase_A10_1_01d04h00m_2.png
4,2902.0,218.99494936611666,0.7187599288565567,0.923909582935371,0.760394688009019,-0.09154095047691677,74,56,127.86905582356995,10.572682398468345,livecell_phase__train-Huh7_Phase_A10_1_01d04h00m_2.png
5,2716.0,216.20815280171308,0.5985728018016617,0.9349397590361446,0.7301221044826038,-0.6300538682256104,71,63,127.38696612665684,18.34173133781708,livecell_phase__train-Huh7_Phase_A10_1_01d04h00m_2.png
6,2634.0,257.14927829866735,0.7908770193435195,0.7804444444444445,0.5005587011522216,-1.5546156421381687,60,78,127.94381169324221,11.035968049342328,livecell_phase__train-Huh7_Phase_A10_1_01d04h00m_2.png
7,2498.0,201.58073580374355,0.7677136518932799,0.9523446435379337,0.7725102416105138,-1.043887564437762,54,69,127.77021617293835,11.171745071548203,livecell_phase__train-Huh7_Phase_A10_1_01d04h00m_2.png
8,2329.0,192.3086578651014,0.5719037940645287,0.9379782521143778,0.7913738195939409,-0.38523806830066987,64,55,128.00300558179475,10.038760838669784,livecell_phase__train-Huh7_Phase_A10_1_01d04h00m_2.png
9,2302.0,199.65180361560903,0.6281588100122286,0.9211684673869548,0.7257193577524153,0.10297873409377468,68,50,127.85099913119026,8.387806421769021,livecell_phase__train-Huh7_Phase_A10_1_01d04h00m_2.png
10,2247.0,206.8233764908628,0.73355836086943,0.9389887170915169,0.6601060126816894,-0.9290892944978044,51,63,127.99821984868714,11.767930913638118,livecell_phase__train-Huh7_Phase_A10_1_01d04h00m_2.png
11,2165.0,209.96551211459376,0.8800595728198635,0.9108119478334035,0.6171231433201103,-0.3395642093467784,80,48,127.75612009237875,10.69508599273724,livecell_phase__train-Huh7_Phase_A10_1_01d04h00m_2.png
12,2167.0,192.89444430272832,0.58458345986254,0.9372837370242214,0.7318622332691498,0.8499891770402396,61,59,127.82602676511306,16.369879766993062,livecell_phase__train-Huh7_Phase_A10_1_01d04h00m_2.png
13,1996.0,202.16652224137047,0.6924659259292588,0.8067906224737268,0.6136940611132231,1.3191346128885655,56,58,127.71743486973948,9.219507322183443,livecell_phase__train-Huh7_Phase_A10_1_01d04h00m_2.png
14,2028.0,225.0660171779821,0.7715671453388776,0.7943595769682726,0.5031042237781599,-0.8686734035819876,58,62,127.72140039447731,10.322931502445481,livecell_phase__train-Huh7_Phase_A10_1_01d04h00m_2.png
15,1974.0,171.09545442950497,0.6043827947669481,0.9648093841642229,0.8473836285230869,-1.5330723391198773,48,58,127.67933130699087,13.552442638796704,livecell_phase__train-Huh7_Phase_A10_1_01d04h00m_2.png
16,1917.0,181.9827560572969,0.7512632180811063,0.915035799522673,0.7273969923119641,-0.2684620564296668,60,42,127.76317162232655,9.508211861852788,livecell_phase__train-Huh7_Phase_A10_1_01d04h00m_2.png
17,1953.0,186.99494936611666,0.816740298297782,0.9134705332086062,0.7018630091508885,-0.9384649545348904,51,65,127.4910394265233,12.929326449283323,livecell_phase__train-Huh7_Phase_A10_1_01d04h00m_2.png
18,1821.0,189.96551211459376,0.7154432693698717,0.900593471810089,0.6341182965704777,-0.952981684200461,55,62,127.79846238330587,12.186249930419612,livecell_phase__train-Huh7_Phase_A10_1_01d04h00m_2.png
19,1691.0,184.61017305526642,0.8242945069113022,0.8313667649950836,0.6235082622688313,-0.6110950615406873,54,54,127.76700177409816,11.3386711502267,livecell_phase__train-Huh7_Phase_A10_1_01d04h00m_2.png
20,1676.0,163.6162697096763,0.6667533218259187,0.9538986909504837,0.7867394075797614,1.5298183476893301,44,61,127.65035799522673,14.858543619331984,livecell_phase__train-Huh7_Phase_A10_1_01d04h00m_2.png
21,1649.0,182.71067811865476,0.39225175607621426,0.8357830714647745,0.6207298932358993,0.019478835121955963,56,43,127.75439660400242,8.301531295269797,livecell_phase__train-Huh7_Phase_A10_1_01d04h00m_2.png
22,1610.0,177.09545442950497,0.852705060799141,0.8660570199031737,0.6450908943806906,1.3088760906537462,41,62,127.50496894409937,13.779507249175909,livecell_phase__train-Huh7_Phase_A10_1_01d04h00m_2.png
23,1596.0,175.92388155425118,0.8841792554793675,0.8793388429752066,0.6480270785244063,-0.3832587663390221,63,45,127.64724310776943,9.468533756463541,livecell_phase__train-Huh7_Phase_A10_1_01d04h00m_2.png
24,1574.0,162.42640687119285,0.7452972293241519,0.9746130030959752,0.7497238345627181,-1.4438622708550184,35,57,128.02160101651842,9.62001254683007,livecell_phase__train-Huh7_Phase_A10_1_01d04h00m_2.png
25,1519.0,148.3259018078045,0.4425830071744106,0.9706070287539936,0.8676281674838565,0.41375928519708405,46,41,127.73140223831469,11.891278720991188,livecell_phase__train-Huh7_Phase_A10_1_01d04h00m_2.png
26,1434.0,150.95331880577402,0.5799430097044618,0.9329863370201692,0.7908127887150034,-0.04956798514333279,50,42,127.93654114365411,8.93893842211792,livecell_phase__train-Huh7_Phase_A10_1_01d04h00m_2.png
27,1408.0,147.1959594928933,0.6579375993227841,0.9643835616438357,0.8166213708177902,-0.6584986789320195,47,44,127.9580965909091,10.9233683934422,livecell_phase__train-Huh7_Phase_A10_1_01d04h00m_2.png
28,1337.0,138.95331880577402,0.4019202205358432,0.9584229390681004,0.8701686308785981,-1.1814582421592277,43,44,127.71428571428571,12.39088070173344,livecell_phase__train-Huh7_Phase_A10_1_01d04h00m_2.png
29,1347.0,168.5685424949238,0.8610330681519959,0.8445141065830721,0.5956956054164605,1.1332792306217756,45,54,128.06607275426873,10.630778511618091,livecell_phase__train-Huh7_Phase_A10_1_01d04h00m_2.png
30,1300.0,167.1370849898476,0.9201990921797054,0.8867667121418826,0.5848002767173096,-0.6261341051049062,59,47,127.76307692307692,10.81235147313933,livecell_phase__train-Huh7_Phase_A10_1_01d04h00m_2.png
31,1271.0,141.05382386916236,0.5497480602437432,0.9506357516828721,0.8027599300454088,-0.03281244175704788,47,39,127.81825334382376,19.213836979867523,livecell_phase__train-Huh7_Phase_A10_1_01d04h00m_2.png
32,1225.0,165.92388155425118,0.8553933043562815,0.8743754461099215,0.5591497756570267,0.6894101614856366,52,45,127.45142857142856,14.740624415650284,livecell_phase__train-Huh7_Phase_A10_1_01d04h00m_2.png
33,1190.0,139.0538238691624,0.44081472823201046,0.9414556962025317,0.7733764676243804,1.359994998046099,40,43,127.88151260504202,20.156369664405354,livecell_phase__train-Huh7_Phase_A10_1_01d04h00m_2.png
34,1140.0,136.95331880577405,0.8651133251265495,0.9628378378378378,0.7637823062505237,-0.7047267187523203,46,40,128.19736842105263,12.759330679568647,livecell_phase__train-Huh7_Phase_A10_1_01d04h00m_2.png
35,1148.0,137.05382386916236,0.734803617610687,0.9348534201954397,0.7680145325580179,0.05634852648572406,50,34,127.84756097560975,11.014099420162447,livecell_phase__train-Huh7_Phase_A10_1_01d04h00m_2.png
36,1157.0,139.0538238691624,0.594079767195194,0.9444897959183673,0.7519298933121077,1.1974092837359867,38,46,127.72169403630078,15.373100728155087,livecell_phase__train-Huh7_Phase_A10_1_01d04h00m_2.png
37,1137.0,166.78174593052023,0.8717889083884187,0.8075284090909091,0.5136571017238972,-1.1907570129076226,36,65,127.92260334212841,14.303322648290397,livecell_phase__train-Huh7_Phase_A10_1_01d04h00m_2.png
38,1132.0,149.05382386916236,0.812790806946224,0.8864526233359437,0.6402801629905266,-0.9192156079573482,44,46,127.69611307420494,12.696423597649845,livecell_phase__train-Huh7_Phase_A10_1_01d04h00m_2.png
39,1091.0,130.12489168102786,0.7098763510229168,0.9545056867891514,0.8096808217278016,1.3047991200348124,35,47,127.87992667277727,16.745719739697343,livecell_phase__train-Huh7_Phase_A10_1_01d04h00m_2.png
40,1123.0,158.61017305526642,0.6204964146972219,0.8501135503406511,0.5609543786362323,0.5096765104601346,49,43,127.73642030276046,16.886135365896628,livecell_phase__train-Huh7_Phase_A10_1_01d04h00m_2.png
41,1082.0,132.81118318204307,0.6931085419701586,0.9335634167385677,0.7708463730371596,0.7789424766660566,39,40,127.67097966728281,22.482296768494265,livecell_phase__train-Huh7_Phase_A10_1_01d04h00m_2.png
42,1121.0,154.53910524340094,0.8382930557435526,0.87578125,0.5898460694710119,1.3028991493485196,34,56,127.59054415700268,14.261826548253726,livecell_phase__train-Huh7_Phase_A10_1_01d04h00m_2.png
43,1095.0,134.12489168102783,0.8509870639310007,0.958005249343832,0.7649009753762439,-0.4389643990653368,48,35,127.94611872146119,23.136675919563505,livecell_phase__train-Huh7_Phase_A10_1_01d04h00m_2.png
44,1048.0,139.63961030678928,0.725421791860033,0.8625514403292182,0.6753888558657076,0.7319871351608676,41,44,129.13454198473283,22.976465506179018,livecell_phase__train-Huh7_Phase_A10_1_01d04h00m_2.png
45,1020.0,123.88225099390857,0.6980280870089149,0.9586466165413534,0.8352026423255506,1.0092401244105271,34,44,128.10686274509803,10.514572145956945,livecell_phase__train-Huh7_Phase_A10_1_01d04h00m_2.png
46,857.0,129.88225099390854,0.8506987322068833,0.8771750255885363,0.6383973452656344,-0.46734515900272783,47,34,127.62077012835472,15.248381144510256,livecell_phase__train-Huh7_Phase_A10_1_01d04h00m_2.png
47,769.0,182.16042558696057,0.9656763888638124,0.6733800350262698,0.2912246548967675,-1.1900960769723667,36,73,126.83615084525357,12.91430971159708,livecell_phase__train-Huh7_Phase_A10_1_01d04h00m_2.png
48,758.0,185.44469683442247,0.9792803814448798,0.6137651821862348,0.276981162080029,0.7850168877609357,59,57,127.7018469656992,5.9947885694502725,livecell_phase__train-Huh7_Phase_A10_1_01d04h00m_2.png
49,601.0,122.74621202458749,0.9281532432173155,0.8232876712328767,0.501265873840975,0.6109915189123386,42,37,128.153078202995,22.637118400091794,livecell_phase__train-Huh7_Phase_A10_1_01d04h00m_2.png
50,571.0,120.63961030678928,0.9475023272130244,0.7875862068965517,0.49302179773101484,-0.7216209429946875,40,36,127.69352014010508,17.1144988268859,livecell_phase__train-Huh7_Phase_A10_1_01d04h00m_2.png
51,514.0,99.01219330881976,0.831575273941351,0.8908145580589255,0.6588637607815948,1.2961619701783678,24,35,127.43385214007782,13.715015697731898,livecell_phase__train-Huh7_Phase_A10_1_01d04h00m_2.png
52,516.0,93.25483399593904,0.5780433364993341,0.8896551724137931,0.7456188158291014,0.04934729925715675,30,27,128.27906976744185,11.383707073338044,livecell_phase__train-Huh7_Phase_A10_1_01d04h00m_2.png
53,513.0,88.08326112068522,0.6868784959312996,0.9412844036697248,0.8308841199338799,0.1862467085045208,32,24,126.78557504873294,25.861394427705214,livecell_phase__train-Huh7_Phase_A10_1_01d04h00m_2.png
54,512.0,107.39696961966999,0.9393046448494393,0.89198606271777,0.5578221697038117,-0.9456643116553445,28,40,128.87890625,10.002586793110616,livecell_phase__train-Huh7_Phase_A10_1_01d04h00m_2.png
55,432.0,125.88225099390857,0.8704093066844284,0.6127659574468085,0.3425820551195834,0.025355511748798017,40,23,128.1851851851852,7.467085985433313,livecell_phase__train-Huh7_Phase_A10_1_01d04h00m_2.png
56,388.0,81.01219330881975,0.7839912768513103,0.8960739030023095,0.7429178768977905,0.1289066826532782,29,20,127.50773195876289,18.352994699601965,livecell_phase__train-Huh7_Phase_A10_1_01d04h00m_2.png
57,358.0,68.2842712474619,0.49903942801890083,0.9701897018970189,0.9648316311702385,-1.1238535982972178,20,22,127.61731843575419,18.931261473172828,livecell_phase__train-Huh7_Phase_A10_1_01d04h00m_2.png
58,348.0,69.94112549695427,0.627907128411147,0.9508196721311475,0.8939719135522043,1.2481840429750772,20,24,128.3706896551724,32.0257251586622,livecell_phase__train-Huh7_Phase_A10_1_01d04h00m_2.png
59,297.0,69.00609665440987,0.5941156471821252,0.9488817891373802,0.7837749681634911,-0.019007205674446487,24,17,128.27609427609428,15.002060494770548,livecell_phase__train-Huh7_Phase_A10_1_01d04h00m_2.png
60,280.0,71.25483399593904,0.9000526956247955,0.9302325581395349,0.6930095670155741,0.6125664820827065,25,21,128.67857142857142,20.084559761576216,livecell_phase__train-Huh7_Phase_A10_1_01d04h00m_2.png
61,258.0,60.52691193458118,0.5264808847905192,0.9347826086956522,0.8849781256125123,-0.9177166712235397,18,20,128.02325581395348,37.66353800197257,livecell_phase__train-Huh7_Phase_A10_1_01d04h00m_2.png
62,234.0,61.07716446627535,0.6243705991699489,0.8698884758364313,0.7882572762835346,-0.4259514465030645,21,18,129.0854700854701,30.92617972366434,livecell_phase__train-Huh7_Phase_A10_1_01d04h00m_2.png
63,154.0,44.38477631085023,0.6024565710188104,0.9565217391304348,0.9823415503634048,0.9692600006168965,13,15,127.59740259740259,19.15470830882989,livecell_phase__train-Huh7_Phase_A10_1_01d04h00m_2.png
64,91.0,35.55634918610404,0.6615045002505281,0.9191919191919192,0.9045174113382337,0.6436093308238512,11,12,133.97802197802199,26.559482494452773,livecell_phase__train-Huh7_Phase_A10_1_01d04h00m_2.png
1,3715.0,274.1431816442575,0.8831982121214645,0.9289822455613903,0.6211747366428916,-0.37385833972988003,106,61,127.99730820995963,5.8965960270154305,livecell_phase__train-Huh7_Phase_A10_1_01d08h00m_1.png
2,3581.0,229.68124086713192,0.7072970071293382,0.9776139776139776,0.8530276987923089,0.037401610229990986,78,57,128.00530578050825,7.2794941992772335,livecell_phase__train-Huh7_Phase_A10_1_01d08h00m_1.png
3,3181.0,225.29646455628165,0.7666771418013627,0.9712977099236642,0.7875257805663479,0.2414043734537373,79,50,127.82175416535681,11.598842404106378,livecell_phase__train-Huh7_Phase_A10_1_01d08h00m_1.png
4,3144.0,304.2497833620557,0.9258639193440084,0.7929382093316519,0.42680730705638736,-0.331852662792943,121,59,127.89344783715013,8.857819984672686,livecell_phase__train-Huh7_Phase_A10_1_01d08h00m_1.png
5,3008.0,216.65180361560903,0.6820478476497402,0.9552238805970149,0.8053099744084283,1.4541318383531237,59,73,127.99900265957447,8.802860787713575,livecell_phase__train-Huh7_Phase_A10_1_01d08h00m_1.png
6,2326.0,307.73506473629425,0.8605177452824956,0.7768871075484302,0.308649519565488,-0.8557476241221843,70,69,127.96560619088564,10.546324305691606,livecell_phase__train-Huh7_Phase_A10_1_01d08h00m_1.png
7,2699.0,276.2081528017131,0.8348468430675829,0.7784828381886357,0.44456959967653975,0.514865011644956,95,58,128.22860318636532,6.975582030108109,livecell_phase__train-Huh7_Phase_A10_1_01d08h00m_1.png
8,2462.0,257.1015510839149,0.9035918334236498,0.7776373973468098,0.46804597964271355,-1.2673842294879492,52,87,128.03777416734363,8.84457102622114,livecell_phase__train-Huh7_Phase_A10_1_01d08h00m_1.png
9,2330.0,252.40916292848976,0.7530700994515689,0.7392131979695431,0.4595741069177764,1.2059376340927537,62,80,127.80472103004291,14.497330641798385,livecell_phase__train-Huh7_Phase_A10_1_01d08h00m_1.png
10,2390.0,191.095454429505,0.6529452333073971,0.9625453080950463,0.8224453540932468,-0.23111088706979288,64,50,127.9142259414226,9.71427402322597,livecell_phase__train-Huh7_Phase_A10_1_01d08h00m_1.png
11,2257.0,193.30256121069152,0.6785152466064382,0.9376817615288742,0.7590426974316139,0.5333451723127371,64,52,127.9818342933097,6.547676457664316,livecell_phase__train-Huh7_Phase_A10_1_01d08h00m_1.png
12,1801.0,257.3025612106915,0.8272717073118776,0.7602363866610384,0.34184982221407884,0.8214678396226713,57,58,128.03720155469185,9.573657508953552,livecell_phase__train-Huh7_Phase_A10_1_01d08h00m_1.png
13,2171.0,194.50966799187808,0.7253283883242335,0.9218683651804671,0.7210863961892059,-9.429878279005554e-05,69,45,127.89912482726854,8.332255956870403,livecell_phase__train-Huh7_Phase_A10_1_01d08h00m_1.png
14,2156.0,195.52186130069782,0.7522377164995926,0.9514563106796117,0.7087090436343086,-0.5020724353388967,71,56,127.90862708719851,9.90106437973512,livecell_phase__train-Huh7_Phase_A10_1_01d08h00m_1.png
15,2091.0,188.95331880577402,0.43645010200836154,0.9199296084469863,0.7359610801990847,0.18098313906107108,57,52,127.97226207556193,8.111206717519835,livecell_phase__train-Huh7_Phase_A10_1_01d08h00m_1.png
16,2109.0,202.78174593052023,0.8784573903317187,0.927032967032967,0.6445086164607852,1.4943188519457067,38,76,127.99336178283546,6.243209950877417,livecell_phase__train-Huh7_Phase_A10_1_01d08h00m_1.png
17,1942.0,209.58073580374355,0.8920237372462567,0.8735942420152947,0.5555924917518656,-1.5620786338842425,40,83,128.20751802265704,5.045792888003303,livecell_phase__train-Huh7_Phase_A10_1_01d08h00m_1.png
18,1781.0,191.33199846221441,0.7716923809909114,0.859141341051616,0.6113621786738307,1.106518431536947,51,58,127.67883211678833,8.811657455577341,livecell_phase__train-Huh7_Phase_A10_1_01d08h00m_1.png
19,1846.0,170.26702730475878,0.5470958810926488,0.9418367346938775,0.8001666623290785,1.3413109291786958,50,55,127.95395449620801,9.315322659894882,livecell_phase__train-Huh7_Phase_A10_1_01d08h00m_1.png
20,1826.0,173.53910524340094,0.6621346961409765,0.9203629032258065,0.7619315012109045,1.2557061147147437,45,59,128.01040525739322,6.642523005903647,livecell_phase__train-Huh7_Phase_A10_1_01d08h00m_1.png
21,1857.0,196.75230867899737,0.8981432744621722,0.9120825147347741,0.6028122839516645,0.46600432467494396,70,49,128.00861604738827,10.267867968777898,livecell_phase__train-Huh7_Phase_A10_1_01d08h00m_1.png
22,1861.0,202.7523086789974,0.8889978395994965,0.8474499089253188,0.5688851811009098,1.2348902125157255,45,71,127.9355185384202,7.251387690745039,livecell_phase__train-Huh7_Phase_A10_1_01d08h00m_1.png
23,1761.0,168.02438661763952,0.7647111711551088,0.9412079102084446,0.7838348752262512,-1.2684470790468747,42,61,127.8557637705849,10.367614473354154,livecell_phase__train-Huh7_Phase_A10_1_01d08h00m_1.png
24,1686.0,196.64570696119915,0.6459612891132837,0.8597654258031616,0.5478964608029818,0.3266588593583267,67,52,127.98042704626334,10.55613571536095,livecell_phase__train-Huh7_Phase_A10_1_01d08h00m_1.png
25,1715.0,174.3259018078045,0.8667819180323928,0.9255261737722612,0.7091696602801248,0.15569775041512565,62,36,127.95626822157435,12.083473525005752,livecell_phase__train-Huh7_Phase_A10_1_01d08h00m_1.png
26,1561.0,171.3380951166243,0.530372704554086,0.87109375,0.6681975802674517,-0.9757721551535335,49,51,127.98718770019218,6.987576774717952,livecell_phase__train-Huh7_Phase_A10_1_01d08h00m_1.png
27,1524.0,163.12489168102786,0.7073910723688909,0.9023090586145648,0.7197047324601158,-0.7921764342880915,47,53,127.96062992125984,12.927204772310464,livecell_phase__train-Huh7_Phase_A10_1_01d08h00m_1.png
28,1558.0,183.39696961967,0.8976408565092293,0.856985698569857,0.5820938445638592,1.3193461563425926,40,63,127.95507060333762,7.554035338727103,livecell_phase__train-Huh7_Phase_A10_1_01d08h00m_1.png
29,1512.0,189.7462120245875,0.6069022769809751,0.740813326800588,0.5277344262054239,-1.0235722336520006,52,55,127.994708994709,9.57268067949132,livecell_phase__train-Huh7_Phase_A10_1_01d08h00m_1.png
30,1500.0,160.61017305526642,0.7231788886411102,0.9052504526252263,0.7307267785420763,-1.5400398353094047,41,55,127.94066666666667,7.004651755956339,livecell_phase__train-Huh7_Phase_A10_1_01d08h00m_1.png
31,1518.0,163.9827560572969,0.8562824908069536,0.9619771863117871,0.7093903443937394,1.5328144409456632,32,64,127.79973649538867,9.498807909902244,livecell_phase__train-Huh7_Phase_A10_1_01d08h00m_1.png
32,1445.0,166.71067811865476,0.7253314402138471,0.8789537712895377,0.6533574912565636,-0.5578327127258775,50,43,127.94602076124568,6.277536687636391,livecell_phase__train-Huh7_Phase_A10_1_01d08h00m_1.png
33,1450.0,151.05382386916236,0.6395412188892992,0.9421702404158544,0.7985726254225505,0.6872067647746334,44,44,128.18275862068967,7.236048119658402,livecell_phase__train-Huh7_Phase_A10_1_01d08h00m_1.png
34,1395.0,140.66904755831214,0.5603428603809518,0.9775753328661527,0.8859046428365303,-0.8390345794491563,40,42,127.78064516129032,10.479776647437802,livecell_phase__train-Huh7_Phase_A10_1_01d08h00m_1.png
35,1445.0,165.23149339882605,0.481885266178077,0.9122474747474747,0.6651078211944716,-1.3426915647311197,50,52,128.01176470588234,8.373165243429252,livecell_phase__train-Huh7_Phase_A10_1_01d08h00m_1.png
36,1424.0,179.19595949289334,0.811447866769645,0.7807017543859649,0.5572671301447245,0.43489495666859507,54,49,127.94662921348315,7.869812533469623,livecell_phase__train-Huh7_Phase_A10_1_01d08h00m_1.png
37,1398.0,157.98275605729688,0.8878570704550786,0.9503738953093134,0.7038784411015058,1.4582730356182634,30,62,127.94992846924177,6.375723751608831,livecell_phase__train-Huh7_Phase_A10_1_01d08h00m_1.png
38,1340.0,148.61017305526642,0.6815437455069271,0.910944935418083,0.7624609090679897,0.543137014623634,50,42,127.69925373134329,9.384243671912477,livecell_phase__train-Huh7_Phase_A10_1_01d08h00m_1.png
39,1297.0,140.36753236814712,0.6959968237244706,0.9460247994164843,0.8272113978140134,0.9511820763156714,42,46,128.0377794911334,27.738551769746564,livecell_phase__train-Huh7_Phase_A10_1_01d08h00m_1.png
40,1285.0,139.1543289325507,0.6134450344304118,0.9589552238805971,0.8339107053066906,0.9056172776610796,40,43,128.08015564202336,6.915878305639962,livecell_phase__train-Huh7_Phase_A10_1_01d08h00m_1.png
41,1274.0,146.5685424949238,0.591423302318173,0.9087018544935807,0.7452427396035516,0.42583483698276753,43,40,127.82888540031396,9.265773051884734,livecell_phase__train-Huh7_Phase_A10_1_01d08h00m_1.png
42,953.0,212.16652224137044,0.7689647137042926,0.7203325774754347,0.2660412926818316,1.2860442124764775,35,51,128.07030430220357,12.192849194133581,livecell_phase__train-Huh7_Phase_A10_1_01d08h00m_1.png
43,1255.0,133.88225099390854,0.4697052210755132,0.9631619339984651,0.8798478528854908,0.08173314157180424,44,39,127.85896414342629,14.56169829018346,livecell_phase__train-Huh7_Phase_A10_1_01d08h00m_1.png
44,1235.0,162.8528137423857,0.8025083970738918,0.8576388888888888,0.5851757067893656,-0.2525387963491676,51,39,128.26882591093118,6.441939368857889,livecell_phase__train-Huh7_Phase_A10_1_01d08h00m_1.png
45,1211.0,144.71067811865476,0.8352025647216798,0.9315384615384615,0.7266961341836539,-0.8335668838324313,43,46,128.00165152766309,8.459843293607175,livecell_phase__train-Huh7_Phase_A10_1_01d08h00m_1.png
46,1214.0,155.4386001800126,0.8680354204770393,0.8746397694524496,0.6314090432627919,-0.16144216192622665,59,35,128.0485996705107,8.30534119935836,livecell_phase__train-Huh7_Phase_A10_1_01d08h00m_1.png
47,1139.0,136.08326112068522,0.8388277284037797,0.9595619208087616,0.7729015382437571,-1.3598735881926232,29,51,128.29762949956103,11.462275552547856,livecell_phase__train-Huh7_Phase_A10_1_01d08h00m_1.png
48,1000.0,124.5685424949238,0.6249018833131116,0.940733772342427,0.8098285769336058,0.2412541738518785,41,35,127.99,12.383048897585764,livecell_phase__train-Huh7_Phase_A10_1_01d08h00m_1.png
49,975.0,124.71067811865476,0.6416341106431206,0.9250474383301708,0.7877840767124209,-0.7737272488622492,40,39,127.87897435897436,6.347195542580423,livecell_phase__train-Huh7_Phase_A10_1_01d08h00m_1.png
50,962.0,117.7401153701776,0.4281589829510322,0.9648946840521565,0.8720392284686179,1.1288723185120408,35,37,127.99064449064448,10.846831732275136,livecell_phase__train-Huh7_Phase_A10_1_01d08h00m_1.png
51,966.0,138.2670273047588,0.832592748141722,0.9279538904899135,0.6349649295024542,-0.9039785116520584,42,47,127.80952380952381,8.75281394450697,livecell_phase__train-Huh7_Phase_A10_1_01d08h00m_1.png
52,916.0,130.08326112068525,0.6748718337712095,0.9132602193419741,0.6802405321829671,1.4282737072540166,38,40,127.92685589519651,8.928274315585458,livecell_phase__train-Huh7_Phase_A10_1_01d08h00m_1.png
53,937.0,128.4619407771256,0.8525179852458435,0.9240631163708086,0.7135107109913271,-0.3387061513570533,48,29,128.02241195304163,7.479786303582726,livecell_phase__train-Huh7_Phase_A10_1_01d08h00m_1.png
54,808.0,138.36143571373725,0.9243337385441089,0.8055832502492523,0.5303848436462856,-1.3101479200723356,31,49,128.11262376237624,7.25138696511579,livecell_phase__train-Huh7_Phase_A10_1_01d08h00m_1.png
55,878.0,122.66904755831214,0.8295808636079343,0.9564270152505446,0.7332201530932186,-0.3969748395155846,46,27,128.25740318906605,13.821421543544767,livecell_phase__train-Huh7_Phase_A10_1_01d08h00m_1.png
56,848.0,117.63961030678928,0.7086323404372533,0.9318681318681319,0.7700138945575123,0.2128593999050668,43,31,128.07429245283018,12.510953671224584,livecell_phase__train-Huh7_Phase_A10_1_01d08h00m_1.png
57,857.0,117.49747468305833,0.7592004638623433,0.9345692475463467,0.7800700801242589,-0.8804163603250297,33,38,128.04084014002333,7.363663238067245,livecell_phase__train-Huh7_Phase_A10_1_01d08h00m_1.png
58,811.0,115.98275605729688,0.5391540092950375,0.9332566168009206,0.757606808914836,-1.0618309610749856,34,38,128.15043156596795,11.022991740725093,livecell_phase__train-Huh7_Phase_A10_1_01d08h00m_1.png
59,771.0,131.0538238691624,0.4304159351279668,0.8014553014553014,0.5641113625964604,0.48509088527404515,35,36,127.98443579766537,5.45584958742323,livecell_phase__train-Huh7_Phase_A10_1_01d08h00m_1.png
60,769.0,107.39696961966999,0.7342675400553911,0.9470443349753694,0.8378227509809202,-0.39037682292884335,37,30,127.83615084525357,11.930954103012676,livecell_phase__train-Huh7_Phase_A10_1_01d08h00m_1.png
61,729.0,101.49747468305833,0.42260694588320125,0.9642857142857143,0.8892562343104806,1.227137576033628,31,32,127.77091906721536,7.204702728424853,livecell_phase__train-Huh7_Phase_A10_1_01d08h00m_1.png
62,676.0,107.35533905932738,0.7652979345533907,0.9234972677595629,0.7370708980172823,1.1600571216873912,28,35,127.88905325443787,6.724137281510239,livecell_phase__train-Huh7_Phase_A10_1_01d08h00m_1.png
63,572.0,91.25483399593904,0.6567686482878351,0.9470198675496688,0.8631656200091363,0.12960110316249077,31,25,127.51573426573427,14.177129863767933,livecell_phase__train-Huh7_Phase_A10_1_01d08h00m_1.png
64,582.0,96.42640687119285,0.7656425055953235,0.9540983606557377,0.7865763434221056,0.35439522248574684,34,25,128.24398625429552,5.488093008121349,livecell_phase__train-Huh7_Phase_A10_1_01d08h00m_1.png
65,591.0,113.94112549695429,0.8676362035335656,0.8900602409638554,0.5720530886465397,0.3947333051154979,43,23,127.94923857868021,5.2375833601078385,livecell_phase__train-Huh7_Phase_A10_1_01d08h00m_1.png
66,593.0,108.46194077712559,0.8642247222961694,0.967373572593801,0.6334463161874313,-1.5000038533001567,21,45,127.98650927487353,2.474794376863553,livecell_phase__train-Huh7_Phase_A10_1_01d08h00m_1.png
67,571.0,107.3908729652601,0.3895491596231372,0.8180515759312321,0.6221730951726643,0.13747146767051682,33,29,127.93520140105079,9.448969073562093,livecell_phase__train-Huh7_Phase_A10_1_01d08h00m_1.png
68,576.0,117.81118318204308,0.928484739756274,0.8571428571428571,0.521506003290178,0.32981402292285317,49,23,128.86458333333334,17.86491739240627,livecell_phase__train-Huh7_Phase_A10_1_01d08h00m_1.png
69,516.0,95.18986283848344,0.7942682485910456,0.91651865008881,0.7156129046179255,-1.161622133909932,26,36,128.29457364341084,14.305445973759173,livecell_phase__train-Huh7_Phase_A10_1_01d08h00m_1.png
70,498.0,109.29646455628165,0.9067685619367031,0.8601036269430051,0.5238741617411699,0.9706196184716438,31,40,127.96586345381526,7.798983004279074,livecell_phase__train-Huh7_Phase_A10_1_01d08h00m_1.png
71,482.0,82.76955262170047,0.3998340885476965,0.9488188976377953,0.8841291032657603,1.3959636201023196,25,26,128.27385892116183,21.755709443901907,livecell_phase__train-Huh7_Phase_A10_1_01d08h00m_1.png
72,466.0,89.84062043356595,0.822069105822606,0.9246031746031746,0.7255215150018967,-1.2737115707880973,21,35,128.07939914163092,13.195627952616045,livecell_phase__train-Huh7_Phase_A10_1_01d08h00m_1.png
73,434.0,81.66904755831213,0.6782351893306618,0.9455337690631809,0.8176823284102419,-0.7220909331591997,27,26,127.91244239631337,12.692088396303623,livecell_phase__train-Huh7_Phase_A10_1_01d08h00m_1.png
74,393.0,80.52691193458118,0.7661115153110089,0.9118329466357309,0.7615884068149467,0.5169308257444128,28,21,128.8854961832061,25.56515635909047,livecell_phase__train-Huh7_Phase_A10_1_01d08h00m_1.png
75,388.0,74.2842712474619,0.5843807521212657,0.9533169533169533,0.883584025006005,-1.194838914319851,21,24,127.04123711340206,27.07403653206617,livecell_phase__train-Huh7_Phase_A10_1_01d08h00m_1.png
76,361.0,69.11269837220809,0.2611361379517221,0.9601063829787234,0.9497326466468338,0.9367558523550185,21,22,127.97229916897507,15.093221221687106,livecell_phase__train-Huh7_Phase_A10_1_01d08h00m_1.png
77,345.0,75.4558441227157,0.799334911994018,0.9224598930481284,0.7614531634254318,0.8309771290400113,23,22,128.8463768115942,22.46368134625598,livecell_phase__train-Huh7_Phase_A10_1_01d08h00m_1.png
78,302.0,63.4558441227157,0.5425072224093515,0.9526813880126183,0.9424830655575563,0.683605688865658,20,19,124.91721854304636,23.87875905455205,livecell_phase__train-Huh7_Phase_A10_1_01d08h00m_1.png
79,272.0,62.87005768508881,0.7311863365610368,0.9543859649122807,0.8647509551876033,0.5836411752194351,21,18,127.01470588235294,31.44509343894661,livecell_phase__train-Huh7_Phase_A10_1_01d08h00m_1.png
80,208.0,51.21320343559643,0.612503274853399,0.9719626168224299,0.9965734539213388,0.5016918073522335,17,15,128.48076923076923,16.46235844471047,livecell_phase__train-Huh7_Phase_A10_1_01d08h00m_1.png
81,203.0,59.248737341529164,0.5406923712067129,0.9398148148148148,0.7266875220702561,1.50319299015466,16,21,128.66502463054186,7.248992345424561,livecell_phase__train-Huh7_Phase_A10_1_01d08h00m_1.png
82,194.0,50.87005768508881,0.6493123903800065,0.9603960396039604,0.9420785894669902,0.9769491673456022,16,17,127.65463917525773,21.64782087373105,livecell_phase__train-Huh7_Phase_A10_1_01d08h00m_1.png
83,198.0,52.970562748477136,0.6719773165554006,0.9383886255924171,0.8867595629174778,0.535568128106333,17,15,128.2070707070707,26.191265228077963,livecell_phase__train-Huh7_Phase_A10_1_01d08h00m_1.png
84,152.0,57.4558441227157,0.8147464020304728,0.8888888888888888,0.578608797833914,-0.023227516864453544,25,12,129.11184210526315,10.09986278053299,livecell_phase__train-Huh7_Phase_A10_1_01d08h00m_1.png
85,148.0,43.31370849898476,0.49550442972283887,0.9736842105263158,0.9913359153009259,0.08013928938214752,14,12,129.09459459459458,27.133139664972237,livecell_phase__train-Huh7_Phase_A10_1_01d08h00m_1.png
86,90.0,34.14213562373095,0.5205213030645622,0.9278350515463918,0.970221752014765,-1.0700156997767654,11,11,126.84444444444445,34.29185556403578,livecell_phase__train-Huh7_Phase_A10_1_01d08h00m_1.png
1,4732.0,272.14927829866735,0.8105771882779735,0.9750669688852256,0.8028607486303488,-0.7081202712572733,87,83,127.92476754015216,8.741512212764546,livecell_phase__train-Huh7_Phase_A10_1_02d08h00m_4.png
2,3609.0,248.36753236814712,0.5788149101019988,0.9308743874129481,0.7352027133525141,-1.5477514415866156,64,71,127.97755610972568,9.672944647049542,livecell_phase__train-Huh7_Phase_A10_1_02d08h00m_4.png
3,2832.0,233.4213562373095,0.8570616543843254,0.9358889623265036,0.653163544069663,-0.8163268623747775,76,72,127.7552966101695,11.355631218210629,livecell_phase__train-Huh7_Phase_A10_1_02d08h00m_4.png
4,2739.0,234.81727983645297,0.8199621915703253,0.8548689138576779,0.6242259093205278,1.436609070647887,50,76,127.86272362175977,11.545335564840725,livecell_phase__train-Huh7_Phase_A10_1_02d08h00m_4.png
5,2221.0,211.48023074035524,0.8742175078056544,0.8901803607214429,0.6240492583793213,1.2309674059602702,52,75,127.77892841062584,8.542197449006876,livecell_phase__train-Huh7_Phase_A10_1_02d08h00m_4.png
6,2280.0,225.6223663640862,0.8906429031589064,0.840398083302617,0.5628341122690111,0.12967748128954085,87,48,127.43640350877193,15.74983679264885,livecell_phase__train-Huh7_Phase_A10_1_02d08h00m_4.png
7,2280.0,195.23759005323592,0.810917018719615,0.9616195698017714,0.7516537604837094,1.1302834494443805,53,66,128.03070175438597,10.01270795340463,livecell_phase__train-Huh7_Phase_A10_1_02d08h00m_4.png
8,2199.0,182.71067811865476,0.7248275972728534,0.9751662971175167,0.8277653336723727,1.46329444373754,45,63,127.75034106412005,12.573927586643794,livecell_phase__train-Huh7_Phase_A10_1_02d08h00m_4.png
9,2133.0,184.12489168102783,0.7453626808896183,0.9695454545454546,0.790634408115933,1.4812824819553823,44,65,127.86263478668542,13.758528906504502,livecell_phase__train-Huh7_Phase_A10_1_02d08h00m_4.png
10,2055.0,202.9655121145938,0.8204548335054922,0.8313106796116505,0.6268695757182619,0.5932807801484834,64,62,127.82579075425791,10.83285156533164,livecell_phase__train-Huh7_Phase_A10_1_02d08h00m_4.png
11,1984.0,206.61017305526644,0.8126999171970183,0.9126034958601656,0.584047445696843,-0.3431988538747412,79,44,127.9586693548387,8.237239976043664,livecell_phase__train-Huh7_Phase_A10_1_02d08h00m_4.png
12,1965.0,231.095454429505,0.9372054633813713,0.8867328519855595,0.4623699622148104,-1.4637538072983531,36,101,128.04681933842238,3.54926739535038,livecell_phase__train-Huh7_Phase_A10_1_02d08h00m_4.png
13,1852.0,168.5685424949238,0.6873599797107613,0.9665970772442589,0.8190261776030325,1.2390643411838937,43,55,127.7537796976242,13.959555192707565,livecell_phase__train-Huh7_Phase_A10_1_02d08h00m_4.png
14,1810.0,166.8528137423857,0.7287243152025514,0.9736417428725122,0.816998707043685,0.4644920990009536,58,45,127.82486187845304,14.352921069000786,livecell_phase__train-Huh7_Phase_A10_1_02d08h00m_4.png
15,1726.0,166.1370849898476,0.592544152274291,0.9457534246575342,0.785809876755441,-0.8572617070509755,53,56,127.81981460023175,10.604087690498519,livecell_phase__train-Huh7_Phase_A10_1_02d08h00m_4.png
16,1708.0,161.92388155425118,0.75102399282903,0.9682539682539683,0.8186078753948479,-0.973421689887909,49,53,127.93032786885246,10.49218257602589,livecell_phase__train-Huh7_Phase_A10_1_02d08h00m_4.png
17,1621.0,162.16652224137044,0.8143847456222858,0.9597394908229722,0.7745874793794081,0.9652625710981738,46,57,127.71622455274522,13.418096725592694,livecell_phase__train-Huh7_Phase_A10_1_02d08h00m_4.png
18,1616.0,168.61017305526642,0.5995873132003643,0.9213226909920182,0.7143049705198681,-0.43312454781226783,52,45,128.02784653465346,15.537995328482163,livecell_phase__train-Huh7_Phase_A10_1_02d08h00m_4.png
19,1453.0,170.50966799187808,0.8165903189825413,0.8312356979405034,0.6280257644119961,1.4826922119677868,41,58,127.67446662078459,15.120143369715024,livecell_phase__train-Huh7_Phase_A10_1_02d08h00m_4.png
20,1274.0,135.29646455628165,0.6589668201530243,0.9725190839694656,0.8745938028187842,-1.5674523744702429,36,48,127.89246467817897,9.609742393551267,livecell_phase__train-Huh7_Phase_A10_1_02d08h00m_4.png
21,1207.0,153.63961030678928,0.8402993203682206,0.9541501976284585,0.6425556404289828,-0.10788893922681848,60,32,127.97514498757249,10.318910430303305,livecell_phase__train-Huh7_Phase_A10_1_02d08h00m_4.png
22,1110.0,128.26702730475878,0.34421793085222485,0.9627059843885516,0.8478182938945465,-1.24805199260911,41,43,127.74324324324324,19.1327704422723,livecell_phase__train-Huh7_Phase_A10_1_02d08h00m_4.png
23,996.0,138.60407640085654,0.8919613352044927,0.9669902912621359,0.6515041642718837,-1.3838132137281467,28,56,128.00200803212851,13.820274815205627,livecell_phase__train-Huh7_Phase_A10_1_02d08h00m_4.png
24,985.0,209.65180361560903,0.739771609905412,0.5170603674540682,0.28161052913972995,-1.0375831953048815,58,67,127.62944162436548,14.449342499677563,livecell_phase__train-Huh7_Phase_A10_1_02d08h00m_4.png
25,984.0,146.95331880577402,0.6657898535892379,0.7929089443996776,0.5725931723217449,0.06587212790218999,46,39,128.16869918699186,6.164578524861723,livecell_phase__train-Huh7_Phase_A10_1_02d08h00m_4.png
26,934.0,126.08326112068524,0.7909276016813843,0.9628865979381444,0.7383153092445889,1.4345060362113042,28,46,127.90792291220556,8.630785082835265,livecell_phase__train-Huh7_Phase_A10_1_02d08h00m_4.png
27,865.0,148.98885271170678,0.888735097534106,0.7913998170173834,0.4896868252454887,0.16667517690760167,59,32,127.51098265895953,18.546680542619704,livecell_phase__train-Huh7_Phase_A10_1_02d08h00m_4.png
28,802.0,157.01219330881975,0.9089346906879373,0.7847358121330724,0.40880619806348556,0.17737938636136577,63,24,128.1134663341646,3.35339084050247,livecell_phase__train-Huh7_Phase_A10_1_02d08h00m_4.png
29,821.0,112.66904755831213,0.7100159552532651,0.9568764568764568,0.8127252917091339,-1.105851651689002,30,38,127.58099878197321,13.09832875974699,livecell_phase__train-Huh7_Phase_A10_1_02d08h00m_4.png
30,808.0,114.22539674441617,0.7773979123276288,0.9384436701509872,0.7782083285882304,-1.4857771606334913,28,46,127.92450495049505,13.297825829233476,livecell_phase__train-Huh7_Phase_A10_1_02d08h00m_4.png
31,748.0,149.21320343559643,0.9695899371330435,0.8597701149425288,0.4221793173718997,-0.09508099274582325,60,19,128.4451871657754,4.422347338350048,livecell_phase__train-Huh7_Phase_A10_1_02d08h00m_4.png
32,716.0,100.71067811865476,0.49598217602976374,0.9715061058344641,0.8870985020013211,-1.5070585554986098,31,36,127.84078212290503,13.719956978796093,livecell_phase__train-Huh7_Phase_A10_1_02d08h00m_4.png
33,699.0,114.91168824543142,0.7315779370753879,0.9694868238557559,0.6652097856676081,0.9989251959495167,30,40,128.4978540772532,19.123151327937077,livecell_phase__train-Huh7_Phase_A10_1_02d08h00m_4.png
34,741.0,127.60407640085653,0.9022653369939345,0.92625,0.5718721869461122,1.5172074144091998,23,57,128.140350877193,5.7687561263504845,livecell_phase__train-Huh7_Phase_A10_1_02d08h00m_4.png
35,714.0,115.29036790187178,0.6637183477586245,0.9284785435630689,0.6750283699955115,-1.1518937059594063,30,40,128.33053221288515,11.358802802994234,livecell_phase__train-Huh7_Phase_A10_1_02d08h00m_4.png
36,700.0,104.9827560572969,0.4207020218140864,0.9345794392523364,0.7981269290052232,-1.2250990516751143,32,35,127.60571428571428,11.610289595431972,livecell_phase__train-Huh7_Phase_A10_1_02d08h00m_4.png
37,630.0,105.59797974644665,0.6907069422028392,0.8823529411764706,0.7099686864964145,-0.5127150116774225,36,26,127.95555555555555,19.119040436984292,livecell_phase__train-Huh7_Phase_A10_1_02d08h00m_4.png
38,541.0,85.59797974644665,0.41984976168946236,0.9609236234458259,0.9278549727836612,0.8997046349452227,26,27,128.0924214417745,20.1161773087122,livecell_phase__train-Huh7_Phase_A10_1_02d08h00m_4.png
39,488.0,95.59797974644667,0.7693423710109746,0.8872727272727273,0.6710150439104383,1.2766256907878608,23,35,127.70286885245902,22.137143142776665,livecell_phase__train-Huh7_Phase_A10_1_02d08h00m_4.png
40,489.0,82.18376618407356,0.6316782111731335,0.9644970414201184,0.9098014907359071,-0.44475115457893727,28,23,128.00204498977504,18.423944029697545,livecell_phase__train-Huh7_Phase_A10_1_02d08h00m_4.png
41,451.0,95.59797974644665,0.5248469549327028,0.9166666666666666,0.6201389032860815,-1.3155258216006742,23,30,127.31042128603104,33.9435602054853,livecell_phase__train-Huh7_Phase_A10_1_02d08h00m_4.png
42,439.0,105.87615433949867,0.8642297236873344,0.7440677966101695,0.4921279912591695,0.09113576751001597,40,23,128.1640091116173,9.35483641423231,livecell_phase__train-Huh7_Phase_A10_1_02d08h00m_4.png
43,370.0,75.76955262170047,0.7807238338744401,0.9414758269720102,0.8098827374355818,-0.2718013412497849,29,19,127.94594594594595,21.08149687739637,livecell_phase__train-Huh7_Phase_A10_1_02d08h00m_4.png
44,307.0,88.87005768508881,0.9566207101427093,0.956386292834891,0.48846934678812004,-1.5656606705852283,11,41,128.6644951140065,4.360185199404168,livecell_phase__train-Huh7_Phase_A10_1_02d08h00m_4.png
45,276.0,63.11269837220809,0.6797437527114021,0.9419795221843004,0.8707338910627727,0.2462484208618942,23,17,127.8659420289855,24.110256992170854,livecell_phase__train-Huh7_Phase_A10_1_02d08h00m_4.png
46,234.0,60.73401871576773,0.7257651558417685,0.9034749034749034,0.7971897086604443,-1.413574002473563,16,24,127.06410256410257,24.715478251902184,livecell_phase__train-Huh7_Phase_A10_1_02d08h00m_4.png
47,221.0,53.21320343559643,0.5537621009094823,0.9822222222222222,0.9807613194018444,0.008208087617871689,18,15,128.37556561085972,22.60519181688743,livecell_phase__train-Huh7_Phase_A10_1_02d08h00m_4.png
48,200.0,59.94112549695428,0.759232604668085,0.8771929824561403,0.6995037918949968,0.4689678266443293,20,16,127.3,31.13149530620076,livecell_phase__train-Huh7_Phase_A10_1_02d08h00m_4.png
49,184.0,48.62741699796952,0.42165995698534664,0.9533678756476683,0.9778343391897846,0.22868389908225448,16,15,128.6576086956522,32.88942519920099,livecell_phase__train-Huh7_Phase_A10_1_02d08h00m_4.png
50,160.0,47.45584412271571,0.6806937138745929,0.9302325581395349,0.8927923103443159,0.7314863628625259,15,16,128.26875,22.42312474740084,livecell_phase__train-Huh7_Phase_A10_1_02d08h00m_4.png
51,86.0,35.071067811865476,0.8667586193147299,0.945054945054945,0.8786387183453798,1.506182549971185,7,14,126.63953488372093,24.61371936906358,livecell_phase__train-Huh7_Phase_A10_1_02d08h00m_4.png
1,16185.0,538.7005768508881,0.48163082821347203,0.9091164410492614,0.7008542101519704,-0.8694681215329738,160,155,127.93129440840285,7.425093338351654,livecell_phase__train-Huh7_Phase_A10_1_02d12h00m_2.png
2,6075.0,323.3624817342638,0.8135767057846426,0.9250799451804477,0.7300908199108416,0.6572454152557862,104,95,127.86831275720165,9.021826758398852,livecell_phase__train-Huh7_Phase_A10_1_02d12h00m_2.png
3,5536.0,300.5218613006978,0.5316980940121873,0.9280804694048617,0.7702891940965494,-1.4123367843218038,85,91,127.88854768786128,10.027925548679777,livecell_phase__train-Huh7_Phase_A10_1_02d12h00m_2.png
4,4507.0,257.09545442950497,0.6134118674550534,0.9719646323053699,0.8568575459981651,0.2050782245538556,83,65,127.70512536055026,14.807043158312093,livecell_phase__train-Huh7_Phase_A10_1_02d12h00m_2.png
5,3585.0,254.99494936611666,0.7004635143053136,0.9194665298794563,0.6928446486763516,-0.25057129208384615,88,59,127.80641562064156,11.537624492220822,livecell_phase__train-Huh7_Phase_A10_1_02d12h00m_2.png
6,3537.0,256.3919189857866,0.7949527663027264,0.932753164556962,0.6761394221014707,-0.2775637247268665,99,63,128.0706813683913,9.913483957054673,livecell_phase__train-Huh7_Phase_A10_1_02d12h00m_2.png
7,3070.0,246.10764773832472,0.852702933136391,0.9277727410093684,0.6369392621829586,0.9407200697131635,64,85,127.80228013029316,12.916910412539295,livecell_phase__train-Huh7_Phase_A10_1_02d12h00m_2.png
8,2824.0,238.93607486307093,0.8846311530670457,0.9031020147105853,0.6216001439532358,0.9036919722587792,73,75,127.59100566572238,11.948197493816492,livecell_phase__train-Huh7_Phase_A10_1_02d12h00m_2.png
9,2741.0,218.10764773832474,0.8785224795808223,0.960406447091801,0.7240642608316024,-0.5899632719188789,74,64,127.7942356804086,13.62827967514457,livecell_phase__train-Huh7_Phase_A10_1_02d12h00m_2.png
10,2706.0,234.35028842544403,0.7656960013113745,0.8595933926302414,0.6191653890357878,-0.9868426019413146,65,73,127.77864005912787,13.70090719148566,livecell_phase__train-Huh7_Phase_A10_1_02d12h00m_2.png
11,2687.0,210.65180361560903,0.8212498379805344,0.9438004917456972,0.7609343099979564,-1.1291489234577747,53,74,127.74953479717156,12.727519085085648,livecell_phase__train-Huh7_Phase_A10_1_02d12h00m_2.png
12,2670.0,216.40916292848976,0.5659702287384737,0.9306378529104218,0.7164235197272674,-1.125937761223333,59,72,128.0441947565543,9.039670891119199,livecell_phase__train-Huh7_Phase_A10_1_02d12h00m_2.png
13,2309.0,191.6812408671319,0.640302981740147,0.9513803049031726,0.7897226107866886,-0.29441246053831976,65,51,127.65656128194023,13.203911862716279,livecell_phase__train-Huh7_Phase_A10_1_02d12h00m_2.png
14,2317.0,184.95331880577405,0.43507858388813586,0.9723038187159043,0.8511608515569756,0.4844337087502904,57,53,128.10056107034958,11.48483395582738,livecell_phase__train-Huh7_Phase_A10_1_02d12h00m_2.png
15,2265.0,192.12489168102786,0.7317848568055387,0.9445371142618849,0.7711001703367526,1.0710185310766838,48,65,128.10684326710816,15.107212784445306,livecell_phase__train-Huh7_Phase_A10_1_02d12h00m_2.png
16,2253.0,195.4386001800126,0.8158950195968441,0.9562818336162988,0.7412255295395442,-0.12010681002872053,73,42,127.77896138482024,6.742091840321453,livecell_phase__train-Huh7_Phase_A10_1_02d12h00m_2.png
17,2132.0,191.78174593052023,0.7288881799598955,0.9269565217391305,0.7284211183530649,-1.0076250078366253,52,59,127.8921200750469,11.316717689225396,livecell_phase__train-Huh7_Phase_A10_1_02d12h00m_2.png
18,1853.0,182.58683245815342,0.7552331333449469,0.9191468253968254,0.6984677755999288,1.1677815916224583,49,69,128.0215866162979,10.644151867965583,livecell_phase__train-Huh7_Phase_A10_1_02d12h00m_2.png
19,1798.0,189.3797256769669,0.9051694720764558,0.9478123352662098,0.6299884468844864,0.9884685729562599,53,68,128.17519466073415,11.879114267238974,livecell_phase__train-Huh7_Phase_A10_1_02d12h00m_2.png
20,1835.0,190.99494936611666,0.8627119866838081,0.9473412493546721,0.6321238355412427,0.7883698859107295,57,60,127.84904632152589,10.6420375072519,livecell_phase__train-Huh7_Phase_A10_1_02d12h00m_2.png
21,1822.0,199.18986283848346,0.899164664740907,0.8296903460837887,0.5770637206370086,0.07649291543308333,72,37,127.78046103183316,9.168689394349782,livecell_phase__train-Huh7_Phase_A10_1_02d12h00m_2.png
22,1748.0,205.32085117392117,0.9572511317811522,0.9302820649281532,0.521056934788128,0.8048022660757201,67,69,128.31350114416475,11.848398818456927,livecell_phase__train-Huh7_Phase_A10_1_02d12h00m_2.png
23,1741.0,222.79393923933998,0.9659126562324272,0.7917235106866758,0.4407597117984596,-0.5529013212066214,75,63,128.2676622630672,12.91778601430742,livecell_phase__train-Huh7_Phase_A10_1_02d12h00m_2.png
24,1683.0,184.06601717798213,0.7713850538317522,0.8639630390143738,0.6242330371366446,-0.5461741999740947,61,52,127.53535353535354,13.157500283278885,livecell_phase__train-Huh7_Phase_A10_1_02d12h00m_2.png
25,1591.0,163.23759005323592,0.8143090550988029,0.957280385078219,0.7503082033033851,-0.8612312475318603,50,55,127.89063482086738,13.703077653703422,livecell_phase__train-Huh7_Phase_A10_1_02d12h00m_2.png
26,1501.0,162.61017305526642,0.6626514090459493,0.9328775637041641,0.7133376262524569,-0.655573552726224,53,47,128.05263157894737,13.816848092432991,livecell_phase__train-Huh7_Phase_A10_1_02d12h00m_2.png
27,1487.0,197.3086578651014,0.6853069970181453,0.7905369484316853,0.4799859750466738,1.060913352747351,52,60,128.0726294552791,17.384186013392686,livecell_phase__train-Huh7_Phase_A10_1_02d12h00m_2.png
28,1418.0,157.9827560572969,0.8499036118359752,0.9304461942257218,0.7139482328196959,0.015130218476929688,58,33,127.61283497884344,16.10246734029492,livecell_phase__train-Huh7_Phase_A10_1_02d12h00m_2.png
29,1378.0,166.95331880577402,0.864172590561696,0.8919093851132686,0.6212536713805913,0.6548547406078898,52,44,127.80261248185776,9.916937710417315,livecell_phase__train-Huh7_Phase_A10_1_02d12h00m_2.png
30,1374.0,152.16652224137047,0.6243720864477235,0.9240080699394755,0.7456900820340924,-0.7249364075075748,49,49,128.03420669577875,11.311630226168978,livecell_phase__train-Huh7_Phase_A10_1_02d12h00m_2.png
31,1338.0,157.57463914933368,0.8952849935276551,0.945583038869258,0.6771631786826059,1.333949329321814,32,64,127.7085201793722,21.795460417724474,livecell_phase__train-Huh7_Phase_A10_1_02d12h00m_2.png
32,1279.0,150.46803743153546,0.7829685947666114,0.9376832844574781,0.7098913683481057,0.1883415184241281,56,34,128.01485535574668,16.549183165541155,livecell_phase__train-Huh7_Phase_A10_1_02d12h00m_2.png
33,1195.0,138.36753236814712,0.7607016609875074,0.9529505582137161,0.784349054954041,-1.4403273140203763,34,53,127.58242677824268,13.714684765285922,livecell_phase__train-Huh7_Phase_A10_1_02d12h00m_2.png
34,855.0,130.81118318204307,0.8809968922484381,0.8769230769230769,0.6278938524898445,1.2105573074222995,29,51,127.86666666666666,18.32018028972295,livecell_phase__train-Huh7_Phase_A10_1_02d12h00m_2.png
35,810.0,104.91168824543142,0.4480992667572636,0.9735576923076923,0.9247985312609008,1.5161210826684262,32,33,127.64691358024692,18.098939921345732,livecell_phase__train-Huh7_Phase_A10_1_02d12h00m_2.png
36,748.0,100.91168824543142,0.5771110391548272,0.9739583333333334,0.9230569954694204,-1.1315838980959831,30,33,128.1096256684492,17.300003504342136,livecell_phase__train-Huh7_Phase_A10_1_02d12h00m_2.png
37,738.0,140.8700576850888,0.9728027290314285,0.9485861182519281,0.46733557378046064,0.01289672428040843,63,15,128.57452574525746,8.38895268875125,livecell_phase__train-Huh7_Phase_A10_1_02d12h00m_2.png
38,636.0,109.25483399593904,0.8553641383859933,0.9164265129682997,0.6695540736560227,0.29825305470394453,40,22,127.70911949685535,18.4521814048037,livecell_phase__train-Huh7_Phase_A10_1_02d12h00m_2.png
39,603.0,92.42640687119285,0.2452952844881798,0.9601910828025477,0.8870233172611457,-0.892087387125232,29,28,127.34494195688225,27.670480228477686,livecell_phase__train-Huh7_Phase_A10_1_02d12h00m_2.png
40,558.0,102.2842712474619,0.7715575628964453,0.9207920792079208,0.67023384143029,0.07805838464267244,39,20,128.35663082437276,11.083911818192098,livecell_phase__train-Huh7_Phase_A10_1_02d12h00m_2.png
41,529.0,95.01219330881975,0.6954377401000965,0.893581081081081,0.7363882475061146,-0.38564832277390926,34,24,128.4328922495274,21.25370501115171,livecell_phase__train-Huh7_Phase_A10_1_02d12h00m_2.png
42,444.0,106.42031021678297,0.9636750426677863,0.9631236442516269,0.49265601886032695,-1.5595066293191033,12,48,128.28153153153153,5.008508202166382,livecell_phase__train-Huh7_Phase_A10_1_02d12h00m_2.png
43,410.0,89.79898987322332,0.9193624602177167,0.9669811320754716,0.6389263774078822,0.1342708118252918,36,15,128.45609756097562,5.075457388038927,livecell_phase__train-Huh7_Phase_A10_1_02d12h00m_2.png
44,362.0,82.66904755831214,0.5177405078744808,0.839907192575406,0.6656295079591947,1.0981830150146237,26,27,126.77348066298343,21.811182785782606,livecell_phase__train-Huh7_Phase_A10_1_02d12h00m_2.png
45,327.0,83.39696961966999,0.5161078197492174,0.856020942408377,0.590822568857233,-1.254711897630149,25,27,127.57798165137615,22.441480914838028,livecell_phase__train-Huh7_Phase_A10_1_02d12h00m_2.png
1,4710.0,334.97770542341357,0.8877097819596707,0.8945868945868946,0.5274714579268402,-0.16753729412929144,128,73,127.92611464968152,9.969106077620774,livecell_phase__train-Huh7_Phase_A10_1_03d04h00m_3.png
2,4221.0,275.03657992645924,0.34490351065205743,0.9250493096646942,0.701203860268861,0.038574333793914756,81,84,127.7438995498697,13.009793073109174,livecell_phase__train-Huh7_Phase_A10_1_03d04h00m_3.png
3,3184.0,240.89444430272832,0.8214240817060898,0.9323572474377745,0.6894921959266385,-1.3405369666391775,57,87,127.53423366834171,16.865044695421503,livecell_phase__train-Huh7_Phase_A10_1_03d04h00m_3.png
4,3288.0,245.27312395916866,0.8020729620496132,0.9800298062593145,0.6868181252429438,0.584538262254661,76,71,127.87682481751825,8.450642333867638,livecell_phase__train-Huh7_Phase_A10_1_03d04h00m_3.png
5,2907.0,208.55129855222071,0.3482860595690568,0.9540531670495569,0.839902935440126,0.03857234883190938,70,61,127.78775369797042,11.6573019179132,livecell_phase__train-Huh7_Phase_A10_1_03d04h00m_3.png
6,2387.0,212.12489168102786,0.8527582369733964,0.923047177107502,0.6666210386166398,0.07137999540348222,74,44,127.87431922915793,12.945897794198801,livecell_phase__train-Huh7_Phase_A10_1_03d04h00m_3.png
7,2459.0,244.8416664540925,0.8886879460577571,0.834407872412623,0.5154632874975865,-0.7622118891486596,77,82,127.48678324522163,11.38598412915875,livecell_phase__train-Huh7_Phase_A10_1_03d04h00m_3.png
8,2213.0,227.3380951166243,0.9118355655630926,0.9341494301392993,0.5380799933153955,1.2161251484526026,45,87,127.81066425666516,6.05911786642818,livecell_phase__train-Huh7_Phase_A10_1_03d04h00m_3.png
9,2157.0,222.26702730475878,0.8115228755257262,0.9498018494055482,0.548668373167196,0.8910817765997252,62,69,127.7413073713491,8.123628931448142,livecell_phase__train-Huh7_Phase_A10_1_03d04h00m_3.png
10,2107.0,202.13098833543773,0.8766196267418938,0.9525316455696202,0.6480501277867192,-1.4590105752884384,39,84,127.85097294731847,10.485807650408976,livecell_phase__train-Huh7_Phase_A10_1_03d04h00m_3.png
11,2023.0,183.48023074035524,0.7998682563545941,0.9601328903654485,0.7551395061272196,-0.7509314508496865,57,59,127.98961937716263,11.35498266155226,livecell_phase__train-Huh7_Phase_A10_1_03d04h00m_3.png
12,1959.0,174.92388155425118,0.6848108638488972,0.9626535626535626,0.8045371236707782,-0.35353384826710826,59,50,127.7753956100051,11.021746893213033,livecell_phase__train-Huh7_Phase_A10_1_03d04h00m_3.png
13,1893.0,177.1959594928933,0.7921545639530921,0.9455544455544456,0.7576224733134439,-0.8090945144498145,52,54,127.75171685155837,10.80767142874411,livecell_phase__train-Huh7_Phase_A10_1_03d04h00m_3.png
14,1829.0,218.97160876900367,0.7186772417650538,0.742288961038961,0.4793447236523277,0.7012717273272359,64,58,127.75177692728266,12.484551563181066,livecell_phase__train-Huh7_Phase_A10_1_03d04h00m_3.png
15,1727.0,166.5685424949238,0.4930171915313826,0.9583795782463929,0.7821971520824582,0.5917296022845571,50,47,127.5842501447597,17.774197996543922,livecell_phase__train-Huh7_Phase_A10_1_03d04h00m_3.png
16,1707.0,213.0243866176395,0.6672172346778218,0.8673780487804879,0.4726990594743781,1.39709968101834,56,67,127.75746924428823,6.848070564419135,livecell_phase__train-Huh7_Phase_A10_1_03d04h00m_3.png
17,1597.0,189.09545442950497,0.82455575472956,0.8378803777544596,0.5612451509315766,0.9865411164084807,50,55,127.64871634314339,20.402431035371784,livecell_phase__train-Huh7_Phase_A10_1_03d04h00m_3.png
18,1562.0,169.2670273047588,0.8740281811191167,0.9630086313193588,0.6850876826698423,-0.916078904353776,45,60,127.89692701664532,8.293372593165294,livecell_phase__train-Huh7_Phase_A10_1_03d04h00m_3.png
19,1469.0,164.61017305526642,0.8611893915852066,0.9368622448979592,0.6812685125809759,0.9332379687503183,47,54,127.81756296800545,11.173704510213673,livecell_phase__train-Huh7_Phase_A10_1_03d04h00m_3.png
20,1527.0,183.12489168102783,0.6870985450306544,0.8380900109769485,0.5722082820927944,-0.9966797524961228,49,49,127.34381139489194,15.461223842557878,livecell_phase__train-Huh7_Phase_A10_1_03d04h00m_3.png
21,1435.0,156.19595949289334,0.27282556133019564,0.8974358974358975,0.7391322884797861,-0.9650575622250521,45,45,127.71498257839721,10.95128356674588,livecell_phase__train-Huh7_Phase_A10_1_03d04h00m_3.png
22,1452.0,184.81727983645294,0.8949125053558082,0.9483997387328543,0.5341845617206857,-0.43321770743769744,68,43,127.5,16.715719824650037,livecell_phase__train-Huh7_Phase_A10_1_03d04h00m_3.png
23,1337.0,146.46803743153546,0.6514978280576816,0.9536376604850214,0.7831691046126522,0.7265289743912771,46,43,127.95362752430815,16.518096531352448,livecell_phase__train-Huh7_Phase_A10_1_03d04h00m_3.png
24,1331.0,177.06601717798213,0.8488073809173197,0.7760932944606413,0.5334791889561156,0.5621026914796422,61,48,127.89030803906837,9.272483588343317,livecell_phase__train-Huh7_Phase_A10_1_03d04h00m_3.png
25,1244.0,157.84062043356596,0.8304628943976964,0.8873038516405135,0.627469594145416,1.402254933807298,30,60,127.89951768488746,13.000013594805251,livecell_phase__train-Huh7_Phase_A10_1_03d04h00m_3.png
26,1301.0,134.9116882454314,0.4790852447535971,0.9723467862481315,0.898230932148574,1.0023067663066862,39,41,127.78093774019985,9.401316704024765,livecell_phase__train-Huh7_Phase_A10_1_03d04h00m_3.png
27,1272.0,159.94722215136414,0.7975748763120885,0.9629068887206662,0.6248036693355223,-0.2564106880495269,58,36,127.67924528301887,14.445003381821774,livecell_phase__train-Huh7_Phase_A10_1_03d04h00m_3.png
28,1244.0,166.78174593052023,0.9162351507218307,0.8626907073509015,0.561995984647782,1.14905327219857,39,60,127.56350482315112,14.404748210085362,livecell_phase__train-Huh7_Phase_A10_1_03d04h00m_3.png
29,1102.0,127.01219330881976,0.5517757772437456,0.9752212389380531,0.8584215804787436,0.5760764115745965,37,35,127.39473684210526,15.109680358589106,livecell_phase__train-Huh7_Phase_A10_1_03d04h00m_3.png
30,1072.0,159.53910524340094,0.9007623965744818,0.8955722639933166,0.5292615511862983,-0.7686030062283101,56,43,128.17723880597015,12.391707198815693,livecell_phase__train-Huh7_Phase_A10_1_03d04h00m_3.png
31,961.0,153.4386001800126,0.9096735255403542,0.8227739726027398,0.5129369630437574,1.39305911727634,28,57,127.85535900104058,16.693880155691662,livecell_phase__train-Huh7_Phase_A10_1_03d04h00m_3.png
32,897.0,124.08326112068524,0.7301087539636376,0.9676375404530745,0.732109275402535,-0.3505643723584816,41,33,128.06243032329988,11.442381657479524,livecell_phase__train-Huh7_Phase_A10_1_03d04h00m_3.png
33,905.0,119.49747468305833,0.5770143637567037,0.9526315789473684,0.7964178553953398,-1.1231602066731574,32,40,127.34475138121547,21.338794012562296,livecell_phase__train-Huh7_Phase_A10_1_03d04h00m_3.png
34,924.0,140.0893577750951,0.7429113049556348,0.8500459981600736,0.5916590973482737,-0.6543284215179721,47,37,128.0909090909091,13.049952465304765,livecell_phase__train-Huh7_Phase_A10_1_03d04h00m_3.png
35,836.0,162.23759005323592,0.963123028862286,0.8530612244897959,0.39912889381580524,-0.6467758873450772,59,48,127.73444976076556,15.634087705441829,livecell_phase__train-Huh7_Phase_A10_1_03d04h00m_3.png
36,858.0,162.61017305526642,0.708560725361031,0.7506561679790026,0.40775728402705397,0.08006059660723386,45,37,127.88461538461539,12.265876297907438,livecell_phase__train-Huh7_Phase_A10_1_03d04h00m_3.png
37,755.0,129.18986283848344,0.8214517012177331,0.8589306029579067,0.5684600401035459,-1.4608790645744618,28,53,127.24503311258277,16.089388913036135,livecell_phase__train-Huh7_Phase_A10_1_03d04h00m_3.png
38,839.0,142.95331880577402,0.8106958071453212,0.8137730358874878,0.5159211595931806,-1.3293820688543039,35,53,127.72348033373063,21.14893684615838,livecell_phase__train-Huh7_Phase_A10_1_03d04h00m_3.png
39,799.0,114.12489168102785,0.7520707542344888,0.9433293978748524,0.7708961676147369,-0.4758240753060436,39,35,126.51439299123905,16.775391136587032,livecell_phase__train-Huh7_Phase_A10_1_03d04h00m_3.png
40,763.0,104.42640687119285,0.6527035110557547,0.959748427672956,0.8792527434346573,0.14461125982392978,36,27,127.65792922673657,18.399659504805058,livecell_phase__train-Huh7_Phase_A10_1_03d04h00m_3.png
41,605.0,129.01219330881975,0.9535195792451767,0.942367601246106,0.45677646732234306,1.5306740957425655,16,60,128.0297520661157,9.378317217007874,livecell_phase__train-Huh7_Phase_A10_1_03d04h00m_3.png
42,520.0,86.76955262170047,0.6748202048452564,0.9523809523809523,0.8679175917407892,0.39345029749694915,29,24,128.01346153846154,33.94681659962419,livecell_phase__train-Huh7_Phase_A10_1_03d04h00m_3.png
43,234.0,55.21320343559642,0.5333064970075593,0.975,0.9645835044821789,-1.175451970830637,16,18,127.22222222222223,19.323875277632308,livecell_phase__train-Huh7_Phase_A10_1_03d04h00m_3.png
44,170.0,48.384776310850235,0.6327624397908207,0.9497206703910615,0.912517727418707,0.6705856609686661,16,14,127.67058823529412,27.615591604272744,livecell_phase__train-Huh7_Phase_A10_1_03d04h00m_3.png
45,164.0,47.21320343559643,0.42451852217130714,0.9213483146067416,0.9245422768648575,-0.7263269348421972,15,15,126.91463414634147,24.799046608106313,livecell_phase__train-Huh7_Phase_A10_1_03d04h00m_3.png
1,17911.0,560.5340546095176,0.6760637850336461,0.9538797464983757,0.7163507044549395,-0.00940609345040076,180,124,127.9520964770253,7.95056504245411,livecell_phase__train-Huh7_Phase_A10_1_04d00h00m_2.png
2,8726.0,351.8061325481597,0.5285518741188469,0.9831004957187922,0.8859684597536879,-1.2439754922803765,101,110,127.75956910382764,13.001664132894552,livecell_phase__train-Huh7_Phase_A10_1_04d00h00m_2.png
3,5680.0,306.0071426749364,0.6436421697114,0.9134770022515278,0.7622458566401183,0.6536623101382467,90,92,127.77588028169014,13.1955344532457,livecell_phase__train-Huh7_Phase_A10_1_04d00h00m_2.png
4,5674.0,350.67009357883865,0.7672991913026876,0.8581367211131277,0.5798314089313256,-1.4214167203546675,81,105,127.91434614028904,10.229119762796755,livecell_phase__train-Huh7_Phase_A10_1_04d00h00m_2.png
5,4854.0,281.0243866176395,0.6943496980145093,0.9667396932881896,0.7723632812201393,0.06694356506081317,93,67,127.77935723114956,11.769352310563619,livecell_phase__train-Huh7_Phase_A10_1_04d00h00m_2.png
6,4362.0,267.78174593052023,0.7157959561743076,0.9644041565332744,0.7644227218327758,0.3328731302182564,80,72,127.60683172856488,14.407436025937065,livecell_phase__train-Huh7_Phase_A10_1_04d00h00m_2.png
7,3940.0,262.9360748630709,0.8447445846026743,0.9380952380952381,0.7161528670869781,0.4907637579366011,89,72,127.95659898477157,11.949572326590829,livecell_phase__train-Huh7_Phase_A10_1_04d00h00m_2.png
8,3166.0,214.75230867899737,0.5532514827414163,0.9792762140426848,0.8626707874122532,-0.9343840365071849,61,67,127.87681617182565,7.174830504556402,livecell_phase__train-Huh7_Phase_A10_1_04d00h00m_2.png
9,3131.0,278.8355697996826,0.7453682260342271,0.8057128152341739,0.5060536757531106,-1.2306001523761507,68,83,127.80485467901629,12.796041065357064,livecell_phase__train-Huh7_Phase_A10_1_04d00h00m_2.png
10,3010.0,224.3086578651014,0.7507854721113977,0.9468386284995282,0.7517687799176578,-0.10309708030307632,83,54,127.83720930232558,12.090662943692815,livecell_phase__train-Huh7_Phase_A10_1_04d00h00m_2.png
11,2866.0,219.23759005323592,0.738544002484445,0.9317295188556567,0.7493004805171516,1.102366617751864,58,71,127.97941381716679,9.007320148906848,livecell_phase__train-Huh7_Phase_A10_1_04d00h00m_2.png
12,2688.0,234.5512985522207,0.7768960070438118,0.8503638089212274,0.6139930355711765,1.01713357728395,59,78,127.80394345238095,10.685536198710164,livecell_phase__train-Huh7_Phase_A10_1_04d00h00m_2.png
13,2605.0,197.78174593052023,0.40561349537046304,0.9648148148148148,0.8368452954891337,0.6756834030789909,61,56,127.88560460652592,13.878191098486893,livecell_phase__train-Huh7_Phase_A10_1_04d00h00m_2.png
14,2445.0,203.23759005323592,0.7864669474332643,0.9547051932838735,0.7438419279522982,-0.9414760699420514,58,66,127.95746421267894,17.4502925515362,livecell_phase__train-Huh7_Phase_A10_1_04d00h00m_2.png
15,2478.0,200.99494936611666,0.7429554318286165,0.954177897574124,0.7707985286806913,0.5857405590519182,63,55,127.78813559322033,17.263912768970098,livecell_phase__train-Huh7_Phase_A10_1_04d00h00m_2.png
16,2351.0,198.12489168102786,0.6486286958727809,0.9655030800821355,0.7526349970975844,-0.2611962710453464,66,50,128.04296044236494,7.0080060249317,livecell_phase__train-Huh7_Phase_A10_1_04d00h00m_2.png
17,2214.0,298.19090885900994,0.6489701808134133,0.8139705882352941,0.3128950431590171,0.4576208579328091,71,58,128.01987353206866,7.920310117652988,livecell_phase__train-Huh7_Phase_A10_1_04d00h00m_2.png
18,2084.0,170.50966799187808,0.5091308115235088,0.9793233082706767,0.9007609724945629,1.413172680387471,50,56,128.13771593090212,16.248039532232614,livecell_phase__train-Huh7_Phase_A10_1_04d00h00m_2.png
19,1854.0,184.61017305526642,0.8458788529732175,0.9493087557603687,0.6836098866034376,-0.9864492250370476,54,58,127.80852211434735,11.135166054378015,livecell_phase__train-Huh7_Phase_A10_1_04d00h00m_2.png
20,1804.0,168.84671708797583,0.6754111273862043,0.9730312837108953,0.7951721394554568,0.6882629757950668,48,52,128.47339246119734,16.723387417547055,livecell_phase__train-Huh7_Phase_A10_1_04d00h00m_2.png
21,1830.0,178.9655121145938,0.6915561384500251,0.8961802154750245,0.717996386807142,-1.3474480887151798,49,64,127.8568306010929,11.682046606041693,livecell_phase__train-Huh7_Phase_A10_1_04d00h00m_2.png
22,1772.0,197.2731239591687,0.9083269816376133,0.9087179487179488,0.5721866720873655,-1.0163890586125757,48,72,127.78668171557563,15.587432095364166,livecell_phase__train-Huh7_Phase_A10_1_04d00h00m_2.png
23,1536.0,184.44469683442247,0.8878914897831579,0.897196261682243,0.5673730902738581,0.953701180763336,49,65,127.76432291666667,14.858899832391971,livecell_phase__train-Huh7_Phase_A10_1_04d00h00m_2.png
24,1571.0,181.2670273047588,0.449348273845847,0.8528773072747015,0.6008255931901765,1.2306982465545704,50,62,128.64481222151497,12.32030108100749,livecell_phase__train-Huh7_Phase_A10_1_04d00h00m_2.png
25,1545.0,217.75840533340724,0.9292723799926111,0.7119815668202765,0.40943832589005985,0.2848346301223077,82,46,126.99352750809061,20.09234240896309,livecell_phase__train-Huh7_Phase_A10_1_04d00h00m_2.png
26,1338.0,158.82337649086284,0.5766006223047528,0.8914057295136576,0.666556746106069,-0.848908214995202,51,50,127.6778774289985,21.01284689914955,livecell_phase__train-Huh7_Phase_A10_1_04d00h00m_2.png
27,1297.0,154.22539674441617,0.5870505348161439,0.8799185888738128,0.6852326496158982,0.28004206011055927,44,47,127.8982266769468,11.949862037488197,livecell_phase__train-Huh7_Phase_A10_1_04d00h00m_2.png
28,1340.0,173.99494936611666,0.894113273213718,0.8617363344051447,0.5562133115676616,1.1982866498078104,39,71,128.23582089552238,16.55748648359674,livecell_phase__train-Huh7_Phase_A10_1_04d00h00m_2.png
29,1171.0,140.91168824543144,0.787808867391139,0.9637860082304527,0.7410930198214976,-1.3496230956581645,33,50,127.87873612297182,8.7266477712347,livecell_phase__train-Huh7_Phase_A10_1_04d00h00m_2.png
30,1195.0,146.61017305526642,0.6460015371390178,0.9059893858984079,0.6986337413006871,-0.7347370344993264,45,42,128.46694560669457,20.965511515282895,livecell_phase__train-Huh7_Phase_A10_1_04d00h00m_2.png
31,1072.0,130.61017305526642,0.8035196803257431,0.9554367201426025,0.7896790921379017,-0.569452958674744,45,39,127.68470149253731,9.373441616968346,livecell_phase__train-Huh7_Phase_A10_1_04d00h00m_2.png
32,1090.0,162.36753236814712,0.7383817647533704,0.8164794007490637,0.5195627193000739,-0.56713019880838,51,44,128.13394495412845,12.995357111510463,livecell_phase__train-Huh7_Phase_A10_1_04d00h00m_2.png
33,1007.0,132.40306627407986,0.8355855549238766,0.9023297491039427,0.7218438302193024,-1.019575245375038,40,44,127.733862959285,15.332160618402384,livecell_phase__train-Huh7_Phase_A10_1_04d00h00m_2.png
34,937.0,131.53910524340094,0.6761121111833303,0.9407630522088354,0.680518111561634,-0.875255963374092,42,41,127.27534685165422,14.630962348550028,livecell_phase__train-Huh7_Phase_A10_1_04d00h00m_2.png
35,867.0,125.88225099390856,0.7883364203875003,0.8609731876861966,0.6875431522886085,-0.7853392534858745,42,37,127.9354094579008,9.286940821123132,livecell_phase__train-Huh7_Phase_A10_1_04d00h00m_2.png
36,916.0,133.0538238691624,0.8291135709580806,0.899803536345776,0.6502054672631773,-0.9962276904254467,36,45,127.82314410480349,12.189163584590109,livecell_phase__train-Huh7_Phase_A10_1_04d00h00m_2.png
37,825.0,133.19595949289334,0.39301483563032075,0.8233532934131736,0.5843616560810827,1.3330116598696358,38,45,127.6969696969697,11.30686262109941,livecell_phase__train-Huh7_Phase_A10_1_04d00h00m_2.png
38,779.0,104.32590180780451,0.583582265707933,0.9677018633540373,0.8994210067878788,-1.5645594379367909,29,36,127.8806161745828,8.675278593243739,livecell_phase__train-Huh7_Phase_A10_1_04d00h00m_2.png
39,721.0,102.08326112068522,0.7181191993663592,0.963903743315508,0.8694328753123879,0.4745288874536378,35,28,127.59361997226075,24.34045195675108,livecell_phase__train-Huh7_Phase_A10_1_04d00h00m_2.png
40,655.0,120.74011537017762,0.6404929700115392,0.8984910836762688,0.564609252729419,-1.1820313086689878,32,42,128.12977099236642,5.6740966884604855,livecell_phase__train-Huh7_Phase_A10_1_04d00h00m_2.png
41,693.0,127.88225099390856,0.8415381846996792,0.8566131025957973,0.5325036075399718,0.8393249521534591,38,37,127.52669552669553,21.775608769370933,livecell_phase__train-Huh7_Phase_A10_1_04d00h00m_2.png
42,644.0,93.49747468305833,0.5565462193733317,0.9698795180722891,0.9257547934319962,-1.0315220615390575,28,31,128.13509316770185,18.71788126441096,livecell_phase__train-Huh7_Phase_A10_1_04d00h00m_2.png
43,626.0,107.53300858899107,0.6101276521304148,0.8380187416331994,0.6803002078629802,0.39294571209199425,36,31,128.28434504792332,15.314351815728083,livecell_phase__train-Huh7_Phase_A10_1_04d00h00m_2.png
44,586.0,109.8111831820431,0.6945044147569136,0.8288543140028288,0.6106809016169785,-0.5514733833491188,35,33,129.11774744027304,13.496989642026271,livecell_phase__train-Huh7_Phase_A10_1_04d00h00m_2.png
45,467.0,97.35533905932738,0.8991167145728617,0.9211045364891519,0.6191661386115429,-1.529262580959993,16,38,127.99357601713062,6.3233669385132325,livecell_phase__train-Huh7_Phase_A10_1_04d00h00m_2.png
46,174.0,52.520815280171306,0.758281958223506,0.9354838709677419,0.7926768853870207,-1.3124025138765054,13,18,128.01149425287358,5.935465688522017,livecell_phase__train-Huh7_Phase_A10_1_04d00h00m_2.png
47,170.0,45.798989873223334,0.388826240889834,0.9770114942528736,1.018467058087852,-0.4612163989916816,15,14,127.79411764705883,19.924533224681912,livecell_phase__train-Huh7_Phase_A10_1_04d00h00m_2.png
48,147.0,45.21320343559643,0.6842038061283958,0.91875,0.9036424855223765,1.2850173394347904,13,16,127.61904761904762,17.748558754684304,livecell_phase__train-Huh7_Phase_A10_1_04d00h00m_2.png
1,4896.0,283.5218613006978,0.4852185880046778,0.9372128637059725,0.7653818697400879,-0.6467460735979083,88,79,127.86968954248366,17.596691689074632,livecell_phase__train-Huh7_Phase_A11_1_00d00h00m_4.png
2,2891.0,244.3086578651014,0.8912922663935378,0.9131396083385976,0.608667677814022,-1.4249814573842987,47,98,127.92805257696298,16.265577744068153,livecell_phase__train-Huh7_Phase_A11_1_00d00h00m_4.png
3,2322.0,187.8233764908628,0.2512839782610235,0.9567367119901112,0.8271281322515178,1.5167794782876742,56,58,127.82730404823428,13.947695899223598,livecell_phase__train-Huh7_Phase_A11_1_00d00h00m_4.png
4,2147.0,184.71067811865476,0.694572160257389,0.9619175627240143,0.7907840535541394,-0.7680899244066021,58,51,127.13088029809036,22.602642992677175,livecell_phase__train-Huh7_Phase_A11_1_00d00h00m_4.png
5,1849.0,248.20815280171308,0.3309855870697698,0.8254464285714286,0.37715050204586237,0.8829842256149375,53,55,127.71984856679286,9.572667100261999,livecell_phase__train-Huh7_Phase_A11_1_00d00h00m_4.png
6,1684.0,198.99494936611666,0.8384136832073567,0.7774699907663897,0.5344017153551268,-0.4546009289908671,69,50,127.5166270783848,10.603368981321035,livecell_phase__train-Huh7_Phase_A11_1_00d00h00m_4.png
7,1740.0,214.30256121069152,0.46932827070510036,0.8165180666353824,0.4761068054714198,-0.285983124651238,57,49,127.64942528735632,12.24946983195429,livecell_phase__train-Huh7_Phase_A11_1_00d00h00m_4.png
8,1624.0,170.95331880577402,0.6334882052506551,0.9027237354085603,0.6982980288641514,0.3986834156822471,54,44,127.7506157635468,11.19162466646476,livecell_phase__train-Huh7_Phase_A11_1_00d00h00m_4.png
9,1668.0,239.27922061357853,0.9182009593201377,0.6742118027485853,0.36609680562350233,-1.1412254602762664,52,80,127.56115107913669,10.919719105438723,livecell_phase__train-Huh7_Phase_A11_1_00d00h00m_4.png
10,1546.0,156.61017305526642,0.677514943060062,0.9375379017586416,0.7920989082157078,0.24086020186984783,55,42,127.78201811125486,8.876526164844558,livecell_phase__train-Huh7_Phase_A11_1_00d00h00m_4.png
11,1584.0,165.8111831820431,0.8021887688986831,0.9468021518230724,0.7239980636097141,1.2004219811410306,38,56,127.70896464646465,10.949171844461945,livecell_phase__train-Huh7_Phase_A11_1_00d00h00m_4.png
12,1489.0,208.9594154601839,0.7908645567715026,0.7114190157668419,0.42852944889560574,1.2541886681737024,44,65,127.51175285426461,19.33835109098239,livecell_phase__train-Huh7_Phase_A11_1_00d00h00m_4.png
13,1325.0,166.99494936611666,0.8192639024887985,0.8328095537397863,0.5970615023428454,-0.15561887205338654,59,40,127.77207547169812,7.71644491378715,livecell_phase__train-Huh7_Phase_A11_1_00d00h00m_4.png
14,1401.0,178.2670273047588,0.40600667609575525,0.8250883392226148,0.5539951394325144,-1.5545160105827855,49,52,127.57458957887224,10.82191366670946,livecell_phase__train-Huh7_Phase_A11_1_00d00h00m_4.png
15,1375.0,160.95331880577402,0.6375103316912454,0.8963494132985659,0.666979813459488,-0.1345377551296173,52,40,127.60872727272728,18.68470439638169,livecell_phase__train-Huh7_Phase_A11_1_00d00h00m_4.png
16,1359.0,187.96551211459376,0.8184511301904233,0.8327205882352942,0.48336252452765793,-0.30626742494137155,61,43,127.34657836644591,14.498934562602468,livecell_phase__train-Huh7_Phase_A11_1_00d00h00m_4.png
17,1373.0,210.68733752154176,0.8113209658943258,0.7330485851575014,0.38869014667229884,-0.952535828667018,49,63,127.66496722505462,10.004583251348224,livecell_phase__train-Huh7_Phase_A11_1_00d00h00m_4.png
18,1259.0,182.4030662740799,0.7612792931090019,0.7379835873388042,0.47552277774975527,-0.2638727595704449,58,44,127.32009531374106,16.53705497129281,livecell_phase__train-Huh7_Phase_A11_1_00d00h00m_4.png
19,1183.0,195.58073580374355,0.9055957826273309,0.691812865497076,0.38863548970228373,-0.43532445527357666,60,47,126.92476754015216,17.68285233029848,livecell_phase__train-Huh7_Phase_A11_1_00d00h00m_4.png
20,1187.0,160.40916292848976,0.8074411559528837,0.8727941176470588,0.5796985818440035,1.3995235521714706,38,58,127.78685762426285,7.927699563542259,livecell_phase__train-Huh7_Phase_A11_1_00d00h00m_4.png
21,1168.0,150.71067811865476,0.6905492860584536,0.8696947133283693,0.6461965855653892,-1.2857971521449325,37,47,126.85017123287672,22.16313233507814,livecell_phase__train-Huh7_Phase_A11_1_00d00h00m_4.png
22,1158.0,146.46803743153546,0.8693024644554601,0.8907692307692308,0.6783169956181386,-0.3837735678990213,51,36,127.76597582037996,12.291633963739393,livecell_phase__train-Huh7_Phase_A11_1_00d00h00m_4.png
23,996.0,118.81118318204308,0.3655810650324042,0.9641819941916747,0.8866547821980084,1.2843388038708416,36,38,127.9929718875502,12.218926280200595,livecell_phase__train-Huh7_Phase_A11_1_00d00h00m_4.png
24,925.0,124.78174593052023,0.6817640152156111,0.9185700099304865,0.7465338091344962,-0.6173596955956506,42,39,127.57837837837837,18.18587416078658,livecell_phase__train-Huh7_Phase_A11_1_00d00h00m_4.png
25,917.0,119.39696961966999,0.8026022184704747,0.9807486631016042,0.8083372475927874,1.3731798202510177,26,48,127.66412213740458,12.902053196410659,livecell_phase__train-Huh7_Phase_A11_1_00d00h00m_4.png
26,887.0,130.39696961967,0.7605872327963418,0.8407582938388626,0.6555389279172487,0.661008713380162,41,38,126.62795941375423,28.019666684128698,livecell_phase__train-Huh7_Phase_A11_1_00d00h00m_4.png
27,875.0,148.36143571373725,0.8799534110190216,0.756266205704408,0.4995464329871028,-1.4965944382088525,31,53,129.176,16.620431350771685,livecell_phase__train-Huh7_Phase_A11_1_00d00h00m_4.png
28,900.0,116.66904755831214,0.7706751656604419,0.9594882729211087,0.830885286640498,-1.3577638866847055,29,41,127.83333333333333,18.92238533236935,livecell_phase__train-Huh7_Phase_A11_1_00d00h00m_4.png
29,866.0,111.84062043356595,0.6669206129133087,0.9600886917960089,0.870018766889026,-0.5184361704135354,37,30,127.31639722863741,18.694743279355524,livecell_phase__train-Huh7_Phase_A11_1_00d00h00m_4.png
30,850.0,111.1543289325507,0.5204932655854088,0.9539842873176206,0.8645219564051749,-0.9763892680616834,33,35,128.54,14.421762150632349,livecell_phase__train-Huh7_Phase_A11_1_00d00h00m_4.png
31,818.0,125.675144212722,0.8110534791215878,0.8683651804670913,0.6508252339854735,-0.6124925540125107,40,35,127.3398533007335,12.915349787178766,livecell_phase__train-Huh7_Phase_A11_1_00d00h00m_4.png
32,800.0,134.6812408671319,0.8030818854343483,0.7960199004975125,0.5542243885478054,-1.1013094996326698,36,46,126.58375,26.800148990957123,livecell_phase__train-Huh7_Phase_A11_1_00d00h00m_4.png
33,819.0,119.59797974644667,0.8980324439808758,0.9715302491103203,0.7195253155014135,-1.5585806247510878,21,49,127.67155067155068,9.480437227533875,livecell_phase__train-Huh7_Phase_A11_1_00d00h00m_4.png
34,721.0,124.67514421272202,0.5157350555305066,0.797566371681416,0.5828883432260478,-0.9505051319699577,38,34,127.60887656033287,11.785278622890479,livecell_phase__train-Huh7_Phase_A11_1_00d00h00m_4.png
35,676.0,101.74011537017762,0.7433071343443651,0.9441340782122905,0.8206767093810379,-1.0656530739283783,29,34,127.54437869822485,11.75336214261282,livecell_phase__train-Huh7_Phase_A11_1_00d00h00m_4.png
36,677.0,97.49747468305833,0.6162217280503742,0.9643874643874644,0.8949768436291794,-0.6617856101364591,32,29,135.27917282127032,48.356508352592286,livecell_phase__train-Huh7_Phase_A11_1_00d00h00m_4.png
37,634.0,104.5685424949238,0.8029550395488046,0.9269005847953217,0.7286131622403171,-1.0119104730693482,30,35,127.71924290220821,34.73818309478041,livecell_phase__train-Huh7_Phase_A11_1_00d00h00m_4.png
38,650.0,127.73401871576775,0.965589323262971,0.9572901325478645,0.5006221588271924,-0.01302318099242312,58,15,128.04923076923077,9.740354172630687,livecell_phase__train-Huh7_Phase_A11_1_00d00h00m_4.png
39,655.0,111.01219330881975,0.779911249755145,0.9251412429378532,0.6678974686894876,-1.352731538646975,27,38,128.82290076335877,8.142008350678504,livecell_phase__train-Huh7_Phase_A11_1_00d00h00m_4.png
40,651.0,121.29646455628165,0.83293143250494,0.81375,0.5560253182689401,-0.7783554854634246,34,37,126.78341013824885,20.08157177821763,livecell_phase__train-Huh7_Phase_A11_1_00d00h00m_4.png
41,642.0,109.84062043356595,0.7684817757161332,0.8629032258064516,0.668680929383653,0.8155916161093525,29,36,127.59657320872275,20.485634829387656,livecell_phase__train-Huh7_Phase_A11_1_00d00h00m_4.png
42,603.0,130.66295090390227,0.9554916531698195,0.8481012658227848,0.44383572053132064,-0.10320368367763569,52,18,124.29684908789386,26.697179806874278,livecell_phase__train-Huh7_Phase_A11_1_00d00h00m_4.png
43,667.0,124.3908729652601,0.5370733941595811,0.7801169590643274,0.5416997892078632,0.7229233388739342,42,28,127.5232383808096,15.38269388215569,livecell_phase__train-Huh7_Phase_A11_1_00d00h00m_4.png
44,631.0,111.39696961966999,0.7726755655030934,0.8538565629228687,0.6389876580007535,-0.8180148772011759,34,33,127.0824088748019,15.361038801340106,livecell_phase__train-Huh7_Phase_A11_1_00d00h00m_4.png
45,611.0,108.6274169979695,0.9159545917855761,0.9429012345679012,0.650687057873152,0.1342222958666991,41,19,127.00490998363338,15.676401587314544,livecell_phase__train-Huh7_Phase_A11_1_00d00h00m_4.png
46,578.0,106.74011537017762,0.4942532958393066,0.8376811594202899,0.6375031964815506,-1.0417171415815902,33,33,127.92906574394463,24.170461958909605,livecell_phase__train-Huh7_Phase_A11_1_00d00h00m_4.png
47,599.0,98.66904755831212,0.7689592429072982,0.9359375,0.7731696793136917,-1.3477716202273253,24,35,128.20033388981636,20.724198913098817,livecell_phase__train-Huh7_Phase_A11_1_00d00h00m_4.png
48,581.0,113.11879502661796,0.8480689151312983,0.8408104196816208,0.5705798833833369,-0.6812032421382656,33,32,127.93115318416523,17.294116980838613,livecell_phase__train-Huh7_Phase_A11_1_00d00h00m_4.png
49,508.0,90.04163056034263,0.697875942445657,0.9219600725952813,0.7873845235641663,-1.2033286990387753,22,29,126.53937007874016,26.26538591456433,livecell_phase__train-Huh7_Phase_A11_1_00d00h00m_4.png
50,494.0,112.5685424949238,0.15280713201697377,0.7553516819571865,0.4898946841327061,-1.3186066359897346,32,34,127.9251012145749,23.058200818575497,livecell_phase__train-Huh7_Phase_A11_1_00d00h00m_4.png
51,434.0,82.08326112068522,0.8004804871432067,0.9455337690631809,0.8094506735378856,0.7270543132746089,27,26,126.53917050691244,39.40121621147344,livecell_phase__train-Huh7_Phase_A11_1_00d00h00m_4.png
52,441.0,77.25483399593904,0.5550866439826354,0.962882096069869,0.9285325361078806,-0.8764135246497912,25,25,127.94557823129252,32.41324348879381,livecell_phase__train-Huh7_Phase_A11_1_00d00h00m_4.png
53,420.0,100.698484809835,0.9428148541010342,0.8974358974358975,0.5204910699114205,-0.08626455467906687,41,14,129.35238095238094,11.047931030077597,livecell_phase__train-Huh7_Phase_A11_1_00d00h00m_4.png
54,375.0,96.94112549695427,0.9381919909772432,0.8522727272727273,0.5014469758654632,-0.044734607746863456,40,16,128.808,6.041672174710133,livecell_phase__train-Huh7_Phase_A11_1_00d00h00m_4.png
55,354.0,85.45584412271572,0.9165727321441929,0.921875,0.6091574908994174,1.441666203193925,15,35,127.590395480226,12.673608788762618,livecell_phase__train-Huh7_Phase_A11_1_00d00h00m_4.png
56,350.0,76.42640687119285,0.7019235133160772,0.9090909090909091,0.7529931480163435,1.0532305952913212,23,26,127.0,34.29677202636673,livecell_phase__train-Huh7_Phase_A11_1_00d00h00m_4.png
57,312.0,71.18376618407356,0.6841271850603843,0.9176470588235294,0.7737533356317406,1.1669912348237048,20,26,127.86858974358974,13.634140333242923,livecell_phase__train-Huh7_Phase_A11_1_00d00h00m_4.png
58,317.0,66.76955262170047,0.41674162444560475,0.9434523809523809,0.8935362858724388,1.0253225447764074,21,22,128.3596214511041,40.97013620217199,livecell_phase__train-Huh7_Phase_A11_1_00d00h00m_4.png
59,306.0,64.04163056034261,0.5148618852329144,0.9652996845425867,0.9375761011511777,1.5669572618024976,18,21,131.92156862745097,40.37439643803343,livecell_phase__train-Huh7_Phase_A11_1_00d00h00m_4.png
60,315.0,65.698484809835,0.5150440741025598,0.9487951807228916,0.9170852543182518,-1.1494535046229803,20,21,133.5079365079365,41.13125448782228,livecell_phase__train-Huh7_Phase_A11_1_00d00h00m_4.png
61,273.0,68.11269837220809,0.44457783607084844,0.8806451612903226,0.7394628146860965,-0.7193190843158811,22,19,124.78388278388279,52.04873206396207,livecell_phase__train-Huh7_Phase_A11_1_00d00h00m_4.png
62,243.0,60.52691193458118,0.6819787153309731,0.9310344827586207,0.8335259090071337,-0.7830079950195787,20,18,126.59670781893004,38.1009314428908,livecell_phase__train-Huh7_Phase_A11_1_00d00h00m_4.png
63,223.0,55.970562748477136,0.5735829980425703,0.9449152542372882,0.8945309679693224,0.10636836281890225,18,15,127.24215246636771,46.78281677221535,livecell_phase__train-Huh7_Phase_A11_1_00d00h00m_4.png
64,249.0,57.798989873223334,0.49873038523377566,0.9576923076923077,0.9366314020073995,-0.448994641729469,18,17,132.140562248996,45.42207592360768,livecell_phase__train-Huh7_Phase_A11_1_00d00h00m_4.png
65,245.0,57.79898987322333,0.7246629880824065,0.9683794466403162,0.9215851144249516,1.4739175737628216,14,21,127.3265306122449,28.09356651975828,livecell_phase__train-Huh7_Phase_A11_1_00d00h00m_4.png
66,227.0,72.72792206135784,0.9551729423170443,0.9578059071729957,0.5393036536312273,0.09541354150004336,33,9,128.647577092511,5.346086784672971,livecell_phase__train-Huh7_Phase_A11_1_00d00h00m_4.png
67,238.0,55.798989873223334,0.647893447357988,0.9714285714285714,0.9605813426454359,0.26294053852971516,19,15,127.95378151260505,23.05132122178489,livecell_phase__train-Huh7_Phase_A11_1_00d00h00m_4.png
68,234.0,56.14213562373095,0.40084727129661224,0.9669421487603306,0.9329274321887192,1.5041945993966577,16,17,127.4017094017094,42.62990399973548,livecell_phase__train-Huh7_Phase_A11_1_00d00h00m_4.png
69,233.0,56.52691193458118,0.5373493312232025,0.9471544715447154,0.9163370863390853,-0.5363302885652791,19,18,127.5793991416309,27.866541316798855,livecell_phase__train-Huh7_Phase_A11_1_00d00h00m_4.png
70,225.0,57.21320343559643,0.3893540985742738,0.9259259259259259,0.8637734519852415,1.233031896205717,16,18,134.2488888888889,36.1563310713796,livecell_phase__train-Huh7_Phase_A11_1_00d00h00m_4.png
71,205.0,53.21320343559643,0.5929376718548316,0.9276018099547512,0.9097559750107606,-0.5733253575890315,17,16,128.2829268292683,27.997873633885778,livecell_phase__train-Huh7_Phase_A11_1_00d00h00m_4.png
72,190.0,48.970562748477136,0.4316902043730131,0.9644670050761421,0.9956192281338232,1.4200491947580751,14,16,129.37894736842105,42.096050307879786,livecell_phase__train-Huh7_Phase_A11_1_00d00h00m_4.png
73,182.0,47.798989873223334,0.6255352329287567,0.9680851063829787,1.0010224425549161,-0.13370095585096972,17,13,127.3956043956044,37.13870026807264,livecell_phase__train-Huh7_Phase_A11_1_00d00h00m_4.png
74,182.0,48.970562748477136,0.6464442952075572,0.9629629629629629,0.9536984185281885,-0.03764339610468162,17,13,127.28571428571429,26.12029892054429,livecell_phase__train-Huh7_Phase_A11_1_00d00h00m_4.png
75,130.0,45.45584412271571,0.8401547025469132,0.9219858156028369,0.7906308606562401,-0.904999286658191,14,16,126.64615384615385,30.87489932427349,livecell_phase__train-Huh7_Phase_A11_1_00d00h00m_4.png
76,133.0,47.698484809834994,0.873962023454819,0.8926174496644296,0.7346023918570964,-0.7310085622906856,17,15,128.84962406015038,20.560746688044855,livecell_phase__train-Huh7_Phase_A11_1_00d00h00m_4.png
77,121.0,46.17766952966369,0.7765739618999449,0.8344827586206897,0.7130684339454187,-0.3429623336364247,16,13,140.69421487603304,46.16371208687381,livecell_phase__train-Huh7_Phase_A11_1_00d00h00m_4.png
1,3957.0,243.9655121145938,0.7187403908824291,0.9765547877591313,0.8354472617966798,-0.41246668916552437,82,65,127.79302501895376,10.82067732368783,livecell_phase__train-Huh7_Phase_A11_1_00d04h00m_3.png
2,3335.0,215.3797256769669,0.27411636230915304,0.9794419970631424,0.9034332354512742,0.8124635475600932,67,67,127.80329835082459,7.714643948350265,livecell_phase__train-Huh7_Phase_A11_1_00d04h00m_3.png
3,3082.0,211.7228714274745,0.4887883637489132,0.9753164556962025,0.8639864823662686,-1.1950581737136063,61,68,127.74983776768332,14.271995387550843,livecell_phase__train-Huh7_Phase_A11_1_00d04h00m_3.png
4,2052.0,264.9360748630709,0.5507408217077262,0.8382352941176471,0.36737113067771143,1.2819896209504564,51,63,128.08723196881093,5.575958972128564,livecell_phase__train-Huh7_Phase_A11_1_00d04h00m_3.png
5,1632.0,154.61017305526642,0.4366597389030587,0.9588719153936546,0.8579340130334103,-0.6905849766953395,47,48,127.89889705882354,4.538662751057242,livecell_phase__train-Huh7_Phase_A11_1_00d04h00m_3.png
6,1403.0,150.22539674441617,0.6150896119207062,0.9397186872069658,0.7812334240568843,0.5889075735831267,44,43,127.62437633642195,14.488697055247144,livecell_phase__train-Huh7_Phase_A11_1_00d04h00m_3.png
7,1328.0,149.84062043356596,0.7037157169963534,0.924791086350975,0.7432737818342157,-0.003137025132858779,49,34,127.62198795180723,5.730929477366969,livecell_phase__train-Huh7_Phase_A11_1_00d04h00m_3.png
8,1257.0,153.3380951166243,0.8346078653279576,0.8674948240165632,0.6718077569707066,-0.4678623331014734,56,43,127.80350039777247,13.79127462730922,livecell_phase__train-Huh7_Phase_A11_1_00d04h00m_3.png
9,1127.0,147.57463914933368,0.8495249838522202,0.9268092105263158,0.650294858275314,0.4929110632968462,55,37,127.75953859804791,9.719665799173493,livecell_phase__train-Huh7_Phase_A11_1_00d04h00m_3.png
10,1174.0,144.0243866176395,0.6777138448235146,0.9215070643642073,0.7112231631951716,1.2123584301431072,38,49,127.8449744463373,9.58890015903776,livecell_phase__train-Huh7_Phase_A11_1_00d04h00m_3.png
11,1065.0,143.22539674441617,0.8692193210472626,0.9391534391534392,0.6524081893745282,1.1455518583963507,33,54,127.87605633802816,15.939016393819909,livecell_phase__train-Huh7_Phase_A11_1_00d04h00m_3.png
12,1012.0,127.25483399593904,0.8200938075936682,0.9656488549618321,0.7853112138807883,-0.08821534158904505,48,27,127.63932806324111,11.04882063811179,livecell_phase__train-Huh7_Phase_A11_1_00d04h00m_3.png
13,1024.0,161.61017305526642,0.8512917763801242,0.8519134775374376,0.4926885052659305,0.873778213740618,49,50,127.4853515625,7.734092815145084,livecell_phase__train-Huh7_Phase_A11_1_00d04h00m_3.png
14,1023.0,140.08326112068522,0.7404714858203552,0.8911149825783972,0.6551081625443326,-0.45619575052513583,39,39,127.94623655913979,12.234274044608663,livecell_phase__train-Huh7_Phase_A11_1_00d04h00m_3.png
15,930.0,127.53910524340094,0.8377427661877614,0.9548254620123203,0.7184657684939609,-0.6774120628847086,42,38,127.45268817204301,14.564813184394495,livecell_phase__train-Huh7_Phase_A11_1_00d04h00m_3.png
16,931.0,116.08326112068522,0.6987735824365386,0.9647668393782384,0.8682011256495064,0.26184662797586516,39,30,126.39419978517724,34.44590286441674,livecell_phase__train-Huh7_Phase_A11_1_00d04h00m_3.png
17,904.0,189.4619407771256,0.9807609604271772,0.8440709617180205,0.31647129997646206,-0.10230672285651683,85,20,126.59734513274336,10.5996865889298,livecell_phase__train-Huh7_Phase_A11_1_00d04h00m_3.png
18,818.0,116.42640687119285,0.6120756902056012,0.9129464285714286,0.7583333897476567,0.8291185579759612,31,37,127.76161369193154,9.599340000611662,livecell_phase__train-Huh7_Phase_A11_1_00d04h00m_3.png
19,811.0,116.1543289325507,0.5307986590503532,0.9215909090909091,0.7553703227034905,-1.0884345275689735,31,35,127.43526510480888,15.854818800091246,livecell_phase__train-Huh7_Phase_A11_1_00d04h00m_3.png
20,714.0,109.49747468305833,0.7518216625920362,0.9431968295904888,0.7483415675236934,-0.026717240433667265,41,26,126.7296918767507,15.372536833606167,livecell_phase__train-Huh7_Phase_A11_1_00d04h00m_3.png
21,665.0,97.49747468305833,0.7034483066307063,0.9609826589595376,0.879113147730287,-0.9520107615031046,29,32,127.49172932330828,12.68781930292106,livecell_phase__train-Huh7_Phase_A11_1_00d04h00m_3.png
22,661.0,97.98275605729688,0.5034802183773801,0.9621542940320232,0.8651910560811581,-0.4108576699615554,33,30,127.36611195158851,14.282189585144655,livecell_phase__train-Huh7_Phase_A11_1_00d04h00m_3.png
23,653.0,115.87615433949868,0.8520907668516838,0.9477503628447025,0.6111318218928635,1.372524642057035,25,44,127.47626339969372,9.265265709725496,livecell_phase__train-Huh7_Phase_A11_1_00d04h00m_3.png
24,586.0,102.6274169979695,0.8939097891334576,0.9606557377049181,0.6991666158875735,-1.5507836821510863,18,40,126.49829351535836,14.743107274417257,livecell_phase__train-Huh7_Phase_A11_1_00d04h00m_3.png
25,540.0,104.70458146424488,0.42663767524565954,0.88379705400982,0.6189737815446997,-0.5741743602266673,33,27,126.71111111111111,27.198139006779467,livecell_phase__train-Huh7_Phase_A11_1_00d04h00m_3.png
26,509.0,89.45584412271572,0.8426438406218072,0.9713740458015268,0.7993007308075192,-0.15209618282173776,34,18,126.72691552062868,19.264218144064323,livecell_phase__train-Huh7_Phase_A11_1_00d04h00m_3.png
27,504.0,98.76955262170047,0.9135711124925276,0.9316081330868762,0.6492234933853928,1.287745472877027,20,39,125.42460317460318,32.01801126674563,livecell_phase__train-Huh7_Phase_A11_1_00d04h00m_3.png
28,507.0,83.49747468305833,0.3406202154496026,0.9620493358633776,0.9138420579255021,1.113364680022994,26,28,126.95660749506904,18.94573613981443,livecell_phase__train-Huh7_Phase_A11_1_00d04h00m_3.png
29,504.0,86.42640687119285,0.7903698968867529,0.9673704414587332,0.8479055633615584,0.35618874926961747,32,22,127.34722222222223,24.59643460866948,livecell_phase__train-Huh7_Phase_A11_1_00d04h00m_3.png
30,487.0,86.18376618407356,0.6196776156623427,0.9401544401544402,0.823925393406772,0.928251230379262,25,28,126.98151950718686,18.75842500249034,livecell_phase__train-Huh7_Phase_A11_1_00d04h00m_3.png
31,471.0,102.46803743153546,0.9229756615326208,0.8903591682419659,0.5637076578342136,-0.8444997804416687,35,32,126.29087048832272,24.62867120480593,livecell_phase__train-Huh7_Phase_A11_1_00d04h00m_3.png
32,450.0,93.84062043356595,0.9047348852948003,0.9036144578313253,0.6421561361502933,-1.007790319288024,27,32,127.87333333333333,13.525266889952466,livecell_phase__train-Huh7_Phase_A11_1_00d04h00m_3.png
33,484.0,83.84062043356595,0.5977904967303428,0.9453125,0.8652592657028545,-0.41596455267221155,28,25,125.9607438016529,29.67886850623513,livecell_phase__train-Huh7_Phase_A11_1_00d04h00m_3.png
34,498.0,137.39696961967,0.533549172682825,0.5971223021582733,0.3315010424364382,-1.553358609835793,33,36,125.93775100401606,26.871816437241385,livecell_phase__train-Huh7_Phase_A11_1_00d04h00m_3.png
35,486.0,118.71067811865476,0.7898728344458995,0.7221396731054978,0.4333777012150159,-0.14711717351419099,42,28,126.76954732510288,28.921640597601197,livecell_phase__train-Huh7_Phase_A11_1_00d04h00m_3.png
36,479.0,101.66904755831214,0.6017841383798093,0.8388791593695272,0.5823282608556237,1.3552863809318505,27,32,127.76826722338204,34.18484927511009,livecell_phase__train-Huh7_Phase_A11_1_00d04h00m_3.png
37,452.0,78.66904755831213,0.30506908947465994,0.9576271186440678,0.9177840679382989,-1.239313690041798,25,26,127.42477876106194,15.178323685664553,livecell_phase__train-Huh7_Phase_A11_1_00d04h00m_3.png
38,437.0,78.76955262170047,0.6328547476328118,0.9583333333333334,0.8850637291484288,-0.18415893291864155,27,22,128.94050343249427,24.485481295138246,livecell_phase__train-Huh7_Phase_A11_1_00d04h00m_3.png
39,402.0,78.38477631085024,0.7718071756164141,0.9733656174334141,0.8221905303838528,-0.003990324759170847,28,17,128.78855721393035,15.946507857325424,livecell_phase__train-Huh7_Phase_A11_1_00d04h00m_3.png
40,391.0,74.76955262170047,0.4431276648154423,0.9444444444444444,0.8788951284153613,-1.1327520443162207,22,24,125.86700767263427,29.04767597039858,livecell_phase__train-Huh7_Phase_A11_1_00d04h00m_3.png
41,392.0,82.2842712474619,0.8152845546516012,0.9311163895486936,0.7275490479348088,0.10198868982803155,30,17,127.6045918367347,25.91546853767611,livecell_phase__train-Huh7_Phase_A11_1_00d04h00m_3.png
42,374.0,88.6335136523794,0.9190156088611895,0.8968824940047961,0.5982538937487187,-1.0518188856676718,25,31,126.18716577540107,17.193682647507885,livecell_phase__train-Huh7_Phase_A11_1_00d04h00m_3.png
43,340.0,74.698484809835,0.6915251638990532,0.918918918918919,0.765711546013702,1.2182533449975952,18,27,126.2,28.075968371545088,livecell_phase__train-Huh7_Phase_A11_1_00d04h00m_3.png
44,334.0,68.52691193458118,0.6728365701133302,0.9488636363636364,0.8937869472974843,-1.4918190866457361,18,25,127.37425149700599,36.768421533219694,livecell_phase__train-Huh7_Phase_A11_1_00d04h00m_3.png
45,333.0,69.21320343559643,0.5030397060010509,0.9514285714285714,0.873526725426158,1.2042976298396175,19,22,129.42942942942943,33.17148055026594,livecell_phase__train-Huh7_Phase_A11_1_00d04h00m_3.png
46,292.0,61.79898987322333,0.49105481922408084,0.9668874172185431,0.9607932926601241,-1.0185241551189546,18,19,129.53082191780823,25.194770236492666,livecell_phase__train-Huh7_Phase_A11_1_00d04h00m_3.png
47,270.0,69.49137802864844,0.7922337944818788,0.8411214953271028,0.7026058805417729,0.030095107267263603,24,17,126.29629629629629,25.728950137373808,livecell_phase__train-Huh7_Phase_A11_1_00d04h00m_3.png
48,307.0,82.66295090390226,0.7369265109083386,0.8575418994413407,0.5645812229765297,-1.1289542089931885,20,30,128.19218241042344,13.80596826492799,livecell_phase__train-Huh7_Phase_A11_1_00d04h00m_3.png
49,282.0,70.87005768508881,0.8236066144726165,0.8703703703703703,0.7055591036499723,1.1912930709250338,17,26,127.34397163120568,23.611035011135524,livecell_phase__train-Huh7_Phase_A11_1_00d04h00m_3.png
50,274.0,60.04163056034261,0.4229271013621596,0.9647887323943662,0.9551145717900424,-0.37502065485444613,19,18,126.16058394160584,28.490549996008685,livecell_phase__train-Huh7_Phase_A11_1_00d04h00m_3.png
51,275.0,84.52691193458118,0.8204431948148398,0.7768361581920904,0.48367378785013976,1.5106440851248142,17,29,124.83636363636364,23.984967744109024,livecell_phase__train-Huh7_Phase_A11_1_00d04h00m_3.png
52,261.0,64.66295090390226,0.5706164346716663,0.9388489208633094,0.7844031548326845,0.8300364702773269,19,21,125.3639846743295,10.092374393767786,livecell_phase__train-Huh7_Phase_A11_1_00d04h00m_3.png
53,260.0,58.2842712474619,0.3939752210436273,0.9558823529411765,0.9617904725113369,0.3518489224227673,19,18,126.01923076923077,33.656231783576466,livecell_phase__train-Huh7_Phase_A11_1_00d04h00m_3.png
54,259.0,63.11269837220809,0.8012983491594113,0.9418181818181818,0.8171017311060076,0.9869980792923058,19,21,127.0965250965251,22.815914894674513,livecell_phase__train-Huh7_Phase_A11_1_00d04h00m_3.png
55,249.0,60.14213562373095,0.6647108070195697,0.9431818181818182,0.8650705348754775,1.33353117951658,15,20,128.69076305220884,27.717391112810063,livecell_phase__train-Huh7_Phase_A11_1_00d04h00m_3.png
56,252.0,59.798989873223334,0.6873226611776105,0.9438202247191011,0.8855696190786627,-0.2284309092060903,20,16,127.8015873015873,36.05584729921904,livecell_phase__train-Huh7_Phase_A11_1_00d04h00m_3.png
57,253.0,58.04163056034261,0.5969620284282082,0.9547169811320755,0.9437374212215901,1.5581821424286253,16,20,127.37549407114625,35.42030681173325,livecell_phase__train-Huh7_Phase_A11_1_00d04h00m_3.png
58,240.0,57.698484809834994,0.506303274817855,0.9448818897637795,0.9059250918474131,0.892344720169434,19,18,128.26666666666668,31.88213536693481,livecell_phase__train-Huh7_Phase_A11_1_00d04h00m_3.png
59,224.0,58.4558441227157,0.7751735358568913,0.9372384937238494,0.8237624849881752,-1.272363027541337,15,22,127.49553571428571,16.234607481246755,livecell_phase__train-Huh7_Phase_A11_1_00d04h00m_3.png
60,225.0,55.21320343559643,0.29743649315507814,0.9414225941422594,0.9274841389251717,-0.7054431085481491,17,17,127.55555555555556,29.718049551338368,livecell_phase__train-Huh7_Phase_A11_1_00d04h00m_3.png
61,221.0,54.04163056034261,0.3496310588431513,0.9567099567099567,0.9509227754949258,-0.7838305495533164,17,17,127.46153846153847,26.194963686174752,livecell_phase__train-Huh7_Phase_A11_1_00d04h00m_3.png
62,224.0,55.798989873223334,0.6493383781425865,0.9491525423728814,0.9040765577839398,0.4515735685133787,19,15,128.74553571428572,33.491103265304595,livecell_phase__train-Huh7_Phase_A11_1_00d04h00m_3.png
63,216.0,53.4558441227157,0.3525907840723556,0.9473684210526315,0.9498898157053116,-0.4999067381946043,17,17,126.25,26.58603260416322,livecell_phase__train-Huh7_Phase_A11_1_00d04h00m_3.png
64,209.0,54.87005768508881,0.5045698039309687,0.9288888888888889,0.8723390552517465,-0.04726767591119348,18,17,128.42583732057417,35.1344036249201,livecell_phase__train-Huh7_Phase_A11_1_00d04h00m_3.png
65,191.0,50.384776310850235,0.458176730644695,0.9455445544554455,0.945463052142676,-0.4868478527139054,16,15,128.41361256544502,37.16950874228887,livecell_phase__train-Huh7_Phase_A11_1_00d04h00m_3.png
66,173.0,47.21320343559643,0.4700621189517125,0.9558011049723757,0.9752793530342705,-1.3008722994080408,14,16,127.47398843930635,22.16244974929531,livecell_phase__train-Huh7_Phase_A11_1_00d04h00m_3.png
67,173.0,47.698484809834994,0.545114768341202,0.9558011049723757,0.9555354420396818,-1.0996531734236457,16,16,125.01734104046243,24.234517490897964,livecell_phase__train-Huh7_Phase_A11_1_00d04h00m_3.png
68,168.0,48.04163056034261,0.6606481005087715,0.9333333333333333,0.9147105062826566,-0.9758110985060775,15,16,129.9345238095238,36.58423741386712,livecell_phase__train-Huh7_Phase_A11_1_00d04h00m_3.png
69,172.0,52.2842712474619,0.7700282199560313,0.9347826086956522,0.7906716965636248,-0.9787011573620643,15,19,126.63372093023256,37.951922188244765,livecell_phase__train-Huh7_Phase_A11_1_00d04h00m_3.png
70,141.0,42.38477631085023,0.6529962938417094,0.9527027027027027,0.9863003465719455,1.2970923072187501,12,15,126.74468085106383,29.760129512253254,livecell_phase__train-Huh7_Phase_A11_1_00d04h00m_3.png
1,9917.0,453.72391744800103,0.4513762131053592,0.8681607283550731,0.6053503962298763,0.1557214212326046,129,113,127.71442976706665,14.48774840327318,livecell_phase__train-Huh7_Phase_A11_1_00d16h00m_2.png
2,3390.0,280.27922061357856,0.610190567756348,0.8401486988847584,0.5422852100355405,-1.2396467860922453,68,79,127.69852507374631,12.265931096790013,livecell_phase__train-Huh7_Phase_A11_1_00d16h00m_2.png
3,3115.0,232.06601717798213,0.7324629735541329,0.933193529059317,0.7268500380302096,-0.8306002974490841,63,76,127.90401284109149,10.668209322896626,livecell_phase__train-Huh7_Phase_A11_1_00d16h00m_2.png
4,3010.0,241.7645019878171,0.472823476458665,0.9224639901930739,0.6471296388180712,-1.0231060641152725,67,72,127.8531561461794,10.359791539235513,livecell_phase__train-Huh7_Phase_A11_1_00d16h00m_2.png
5,2798.0,203.23759005323592,0.4708110833288979,0.9651604001379787,0.8512350570186219,1.0533154538869722,61,63,127.78377412437456,11.499451199654098,livecell_phase__train-Huh7_Phase_A11_1_00d16h00m_2.png
6,2300.0,237.7401153701776,0.9526596894775771,0.9515928837401738,0.5113670747495827,-0.08031718124919388,97,30,127.82260869565218,10.202932748625166,livecell_phase__train-Huh7_Phase_A11_1_00d16h00m_2.png
7,1937.0,181.53910524340094,0.8582184314796056,0.9656031904287139,0.7385826535709228,-0.06546041740236887,72,36,127.55962829117192,9.74532075827456,livecell_phase__train-Huh7_Phase_A11_1_00d16h00m_2.png
8,1644.0,185.1543289325507,0.9301599844967611,0.9037932930181418,0.6026205486141665,0.04633031517392206,73,31,127.61678832116789,13.556553990910697,livecell_phase__train-Huh7_Phase_A11_1_00d16h00m_2.png
9,1474.0,173.3380951166243,0.9071847955310539,0.8716735659373152,0.6164804494815674,0.8699580686308577,52,55,127.76662143826323,16.120596182693006,livecell_phase__train-Huh7_Phase_A11_1_00d16h00m_2.png
10,1605.0,164.95331880577405,0.8046746759944765,0.9480212640283521,0.7412467208035948,-1.518767333008716,38,62,127.54704049844237,13.569658715634525,livecell_phase__train-Huh7_Phase_A11_1_00d16h00m_2.png
11,1591.0,188.9827560572969,0.9051292440197696,0.9347826086956522,0.55980360008402,-1.5550163798170933,29,72,127.67064739157762,13.950514572605174,livecell_phase__train-Huh7_Phase_A11_1_00d16h00m_2.png
12,1551.0,176.0243866176395,0.9225843412176328,0.9394306480920654,0.6290366974924327,0.4070824405709779,64,43,127.16312056737588,10.302633119342937,livecell_phase__train-Huh7_Phase_A11_1_00d16h00m_2.png
13,1541.0,192.30256121069152,0.9362702210100177,0.8214285714285714,0.523651516693475,-1.2100971864521914,43,70,127.38935756002596,16.140170913232645,livecell_phase__train-Huh7_Phase_A11_1_00d16h00m_2.png
14,1428.0,167.1543289325507,0.8782373058903893,0.9760765550239234,0.6422480802020794,-0.030348292004860007,68,29,128.12394957983193,9.029792772265754,livecell_phase__train-Huh7_Phase_A11_1_00d16h00m_2.png
15,1399.0,164.22539674441617,0.8735283846424661,0.9246530072703238,0.6518489030933128,-0.04972269787561679,65,31,127.5518227305218,14.492412371118593,livecell_phase__train-Huh7_Phase_A11_1_00d16h00m_2.png
16,1376.0,157.29646455628165,0.7735070888819873,0.9161118508655126,0.6988603077608191,0.8446232501500026,44,47,127.64607558139535,13.865441365138775,livecell_phase__train-Huh7_Phase_A11_1_00d16h00m_2.png
17,1274.0,140.22539674441617,0.7773567744960664,0.9458054936896808,0.8141903245531503,-0.9709585891157481,40,45,127.51648351648352,13.464476019471668,livecell_phase__train-Huh7_Phase_A11_1_00d16h00m_2.png
18,1142.0,142.46803743153546,0.8609369173656265,0.9422442244224423,0.7070352792066291,0.035087801497202635,57,30,127.34238178633976,9.320576295927987,livecell_phase__train-Huh7_Phase_A11_1_00d16h00m_2.png
19,1148.0,162.22539674441617,0.916167596232003,0.8355167394468704,0.5481684830614194,-1.4047147822943584,33,62,127.17857142857143,12.364118340966636,livecell_phase__train-Huh7_Phase_A11_1_00d16h00m_2.png
20,1128.0,142.8528137423857,0.8544449511277268,0.9616368286445013,0.694610534641009,-0.6888582867536449,47,44,127.59929078014184,8.16132113187409,livecell_phase__train-Huh7_Phase_A11_1_00d16h00m_2.png
21,1085.0,150.26702730475878,0.9059004514970415,0.9171597633136095,0.6038265603510073,-0.8506765104963405,41,54,127.58341013824885,13.427109978702553,livecell_phase__train-Huh7_Phase_A11_1_00d16h00m_2.png
22,959.0,117.74011537017762,0.5505866689699045,0.958041958041958,0.8693197714151814,0.9132115764566757,36,36,127.47758081334723,15.37251274378588,livecell_phase__train-Huh7_Phase_A11_1_00d16h00m_2.png
23,930.0,140.12489168102783,0.8703061200717024,0.8571428571428571,0.5951990547215487,1.565627788602448,30,53,128.15913978494623,14.198911336120027,livecell_phase__train-Huh7_Phase_A11_1_00d16h00m_2.png
24,688.0,126.32590180780451,0.9502802216167942,0.9360544217687075,0.5417681725396951,-1.3086337876541587,22,53,126.83430232558139,27.08731334556257,livecell_phase__train-Huh7_Phase_A11_1_00d16h00m_2.png
25,651.0,99.84062043356595,0.8230402574613154,0.9760119940029985,0.8206846495768305,-0.4021774842771436,37,24,126.99078341013825,18.185506995144422,livecell_phase__train-Huh7_Phase_A11_1_00d16h00m_2.png
26,654.0,94.32590180780451,0.2918890212260289,0.96602658788774,0.9236888056657516,1.321784009970106,30,30,128.88379204892968,28.654729615741477,livecell_phase__train-Huh7_Phase_A11_1_00d16h00m_2.png
27,595.0,93.94112549695427,0.699247526106913,0.9706362153344209,0.8472572846165929,-0.8827633177863555,26,30,125.70420168067227,26.61054127062483,livecell_phase__train-Huh7_Phase_A11_1_00d16h00m_2.png
28,621.0,107.9827560572969,0.8371045264464501,0.9026162790697675,0.6692565780934383,-1.0546528730702478,30,38,126.90016103059581,21.522553425005157,livecell_phase__train-Huh7_Phase_A11_1_00d16h00m_2.png
29,555.0,102.08326112068522,0.7812345510372342,0.8644859813084113,0.6692583159478159,0.9781015300120847,29,30,127.6054054054054,27.72037283083854,livecell_phase__train-Huh7_Phase_A11_1_00d16h00m_2.png
30,502.0,109.59797974644665,0.8939089650843902,0.8964285714285715,0.5251803686362911,-1.359189293823732,21,44,126.38047808764941,13.661264100485907,livecell_phase__train-Huh7_Phase_A11_1_00d16h00m_2.png
31,453.0,77.94112549695427,0.5220659918966921,0.9658848614072495,0.9370757955627205,1.3999789300922176,22,26,126.5121412803532,31.04433855539639,livecell_phase__train-Huh7_Phase_A11_1_00d16h00m_2.png
32,375.0,72.18376618407356,0.606797879992323,0.9566326530612245,0.9044031296592107,0.7674554286434094,23,23,126.53866666666667,31.13682447235463,livecell_phase__train-Huh7_Phase_A11_1_00d16h00m_2.png
33,367.0,71.11269837220809,0.6562306398069518,0.9607329842931938,0.9119722251679445,0.4273320727495161,24,20,127.5858310626703,29.736400794501716,livecell_phase__train-Huh7_Phase_A11_1_00d16h00m_2.png
34,312.0,97.94112549695427,0.9053125275240366,0.8,0.40872789365493795,0.12904096119508895,42,17,127.98076923076923,10.386116937975888,livecell_phase__train-Huh7_Phase_A11_1_00d16h00m_2.png
35,264.0,59.11269837220809,0.46834753451498135,0.9565217391304348,0.9494065464848278,0.9215737935616324,19,19,128.00757575757575,25.81387230180621,livecell_phase__train-Huh7_Phase_A11_1_00d16h00m_2.png
36,241.0,61.11269837220809,0.7973475577672473,0.926923076923077,0.8108938125799031,1.0635471545744928,17,21,130.551867219917,39.801353302736544,livecell_phase__train-Huh7_Phase_A11_1_00d16h00m_2.png
37,231.0,55.798989873223334,0.563038254875709,0.9545454545454546,0.9323289502146879,-0.6617659927340269,18,16,126.15584415584415,35.158662613286836,livecell_phase__train-Huh7_Phase_A11_1_00d16h00m_2.png
38,230.0,65.49137802864844,0.8352032612392561,0.8846153846153846,0.6738596354545268,-0.36142545335246146,28,15,128.88695652173914,6.406878392574661,livecell_phase__train-Huh7_Phase_A11_1_00d16h00m_2.png
39,206.0,53.45584412271571,0.7033619082340231,0.9493087557603687,0.9059134353485839,1.2514777630818934,15,19,124.86407766990291,35.74329960800701,livecell_phase__train-Huh7_Phase_A11_1_00d16h00m_2.png
40,164.0,49.21320343559643,0.7008431712278002,0.9820359281437125,0.850923349786348,1.3950032332527862,13,18,128.8719512195122,13.376880076571902,livecell_phase__train-Huh7_Phase_A11_1_00d16h00m_2.png
41,147.0,43.79898987322333,0.5932612441423508,0.9545454545454546,0.9629395170341646,1.3479432200710457,12,16,125.43537414965986,41.55417217151621,livecell_phase__train-Huh7_Phase_A11_1_00d16h00m_2.png
42,142.0,43.798989873223334,0.6940092654816028,0.9403973509933775,0.9301864722370837,-1.1878188547396507,12,16,130.64788732394365,34.26721777218657,livecell_phase__train-Huh7_Phase_A11_1_00d16h00m_2.png
1,4380.0,284.8772003600252,0.36778557604360423,0.9267879813796022,0.678216871560642,0.34629970782652447,90,86,127.75342465753425,16.46918874047649,livecell_phase__train-Huh7_Phase_A11_1_00d16h00m_4.png
2,3444.0,231.1370849898476,0.5540211857771138,0.9693216999718548,0.8100908804507069,-0.1581124712315351,76,65,127.58826945412311,17.496508412970986,livecell_phase__train-Huh7_Phase_A11_1_00d16h00m_4.png
3,3481.0,237.86500705120545,0.6380623830680974,0.9544831368247875,0.7731304425371887,-0.24285492761609337,80,67,127.8638322321172,11.54767861924014,livecell_phase__train-Huh7_Phase_A11_1_00d16h00m_4.png
4,3317.0,242.44469683442247,0.7812243045291721,0.9110134578412524,0.7091366929261952,1.4076288611678045,58,84,127.45794392523365,16.5552344080708,livecell_phase__train-Huh7_Phase_A11_1_00d16h00m_4.png
5,3110.0,231.4213562373095,0.6911366508627044,0.9522351500306185,0.7297319881861528,-1.3238761226686429,64,83,126.983922829582,23.26361715219048,livecell_phase__train-Huh7_Phase_A11_1_00d16h00m_4.png
6,2817.0,211.29646455628165,0.6532532547361513,0.9805081796032022,0.7928887395690585,-0.1839078918503061,68,54,127.7607383741569,21.093876565576675,livecell_phase__train-Huh7_Phase_A11_1_00d16h00m_4.png
7,2414.0,228.8528137423857,0.8642994397942707,0.8602993585174625,0.5792080869701036,0.3918212593651321,80,46,127.80530240265121,14.096285245310876,livecell_phase__train-Huh7_Phase_A11_1_00d16h00m_4.png
8,2043.0,185.0243866176395,0.6231400453043056,0.9489084997677659,0.7499292350991296,-0.35394607717486765,61,49,127.88937836514928,12.595615695866782,livecell_phase__train-Huh7_Phase_A11_1_00d16h00m_4.png
9,2056.0,187.65180361560903,0.7600131960393928,0.9439853076216712,0.7337151529316093,-0.5436992079162949,63,54,127.82344357976653,8.321509738534758,livecell_phase__train-Huh7_Phase_A11_1_00d16h00m_4.png
10,1890.0,173.63961030678928,0.3931899251198592,0.9435846230654019,0.7877239739804398,1.1157816419537,48,51,127.82063492063492,12.693667863532589,livecell_phase__train-Huh7_Phase_A11_1_00d16h00m_4.png
11,1901.0,199.4802307403552,0.8328463064067506,0.846393588601959,0.6003330554745563,-0.6737824809449992,67,51,128.00999473961073,17.694508729825543,livecell_phase__train-Huh7_Phase_A11_1_00d16h00m_4.png
12,1902.0,210.16652224137044,0.8949386602616516,0.9044222539229672,0.5411196451669091,1.410760849434318,37,78,127.6167192429022,15.487853324237667,livecell_phase__train-Huh7_Phase_A11_1_00d16h00m_4.png
13,1832.0,221.98275605729688,0.9547994739918952,0.9285352255448556,0.46719356800650735,-0.06703427922266622,96,28,128.08133187772927,8.958811669135864,livecell_phase__train-Huh7_Phase_A11_1_00d16h00m_4.png
14,1757.0,186.3380951166243,0.8200619005836953,0.901025641025641,0.6358846223237213,0.35521443575535194,67,47,127.65452475811041,17.750424598770532,livecell_phase__train-Huh7_Phase_A11_1_00d16h00m_4.png
15,1787.0,270.33809511662423,0.9825704512541125,0.7527379949452401,0.3072698284360273,1.511069031502349,30,117,127.5976496922216,12.115876594650642,livecell_phase__train-Huh7_Phase_A11_1_00d16h00m_4.png
16,1692.0,195.22539674441617,0.9202653990133387,0.8676923076923077,0.5578758923726012,-1.326090821845659,37,76,127.34042553191489,19.259640594966754,livecell_phase__train-Huh7_Phase_A11_1_00d16h00m_4.png
17,1662.0,195.3086578651014,0.6127212484874134,0.8419452887537994,0.5475173580306848,-0.2892637665027167,61,50,127.76654632972323,19.766924384549768,livecell_phase__train-Huh7_Phase_A11_1_00d16h00m_4.png
18,1604.0,159.78174593052023,0.6833825217840729,0.9435294117647058,0.7895141231071742,0.45554146508970633,51,47,127.43017456359102,20.850781747233707,livecell_phase__train-Huh7_Phase_A11_1_00d16h00m_4.png
19,1645.0,183.23759005323595,0.6438970311631685,0.8354494667343829,0.6156680602143395,1.226782495690748,53,62,127.47537993920973,15.287085613607777,livecell_phase__train-Huh7_Phase_A11_1_00d16h00m_4.png
20,1567.0,188.61017305526642,0.9064512770946693,0.8888258650028361,0.5535395207430451,-0.04187291075163565,72,34,127.74090619017231,22.1011887674632,livecell_phase__train-Huh7_Phase_A11_1_00d16h00m_4.png
21,1601.0,179.92388155425118,0.7675686953765475,0.8497876857749469,0.6214748705305743,1.1369265563808737,47,59,127.72704559650218,15.848709279856083,livecell_phase__train-Huh7_Phase_A11_1_00d16h00m_4.png
22,1445.0,152.70458146424488,0.6648358193874508,0.9556878306878307,0.7787061005820374,-0.024497944543696287,50,37,127.77231833910035,12.00749744831639,livecell_phase__train-Huh7_Phase_A11_1_00d16h00m_4.png
23,1480.0,172.2670273047588,0.8147716475886643,0.9113300492610837,0.6267109177781562,-0.13477242672628428,61,37,127.24797297297297,20.523289241653416,livecell_phase__train-Huh7_Phase_A11_1_00d16h00m_4.png
24,1388.0,161.98275605729688,0.865024901000477,0.9296718017414601,0.6647552289061404,0.0377853816818521,60,32,127.77449567723343,14.232588765186572,livecell_phase__train-Huh7_Phase_A11_1_00d16h00m_4.png
25,1301.0,175.7228714274745,0.7372667633199533,0.8110972568578554,0.5294568578979232,0.9021641411387998,54,53,127.42121445042275,17.4026594326146,livecell_phase__train-Huh7_Phase_A11_1_00d16h00m_4.png
26,1246.0,185.81727983645294,0.8862771249305437,0.7592931139549055,0.4534774647549341,0.4052394958144457,58,49,127.48314606741573,17.109062537756984,livecell_phase__train-Huh7_Phase_A11_1_00d16h00m_4.png
27,1208.0,181.98275605729688,0.9574498120180011,0.9534333070244673,0.4583701443468194,0.018424269374441114,82,22,127.53807947019868,12.07167640164374,livecell_phase__train-Huh7_Phase_A11_1_00d16h00m_4.png
28,1240.0,154.46803743153546,0.6568203676069911,0.9070958302852963,0.6530618161239854,0.8443436716257018,44,46,127.33306451612903,13.058227055559547,livecell_phase__train-Huh7_Phase_A11_1_00d16h00m_4.png
29,1150.0,136.22539674441617,0.560997788776019,0.9311740890688259,0.7787383121694239,0.9779760684897383,38,43,127.68521739130435,19.422220548631856,livecell_phase__train-Huh7_Phase_A11_1_00d16h00m_4.png
30,1137.0,138.22539674441617,0.6462506127177104,0.9312039312039312,0.747815802796018,-0.7506448233505435,41,40,125.8047493403694,32.39695326393972,livecell_phase__train-Huh7_Phase_A11_1_00d16h00m_4.png
31,1093.0,142.63961030678928,0.8370938152973927,0.8730031948881789,0.6750714458911347,-0.37883613694425305,49,36,127.33943275388837,19.997416815070643,livecell_phase__train-Huh7_Phase_A11_1_00d16h00m_4.png
32,1043.0,123.7401153701776,0.7031226638189201,0.968430826369545,0.8559987672636722,1.48759379899375,31,44,127.50623202301054,23.265789069525688,livecell_phase__train-Huh7_Phase_A11_1_00d16h00m_4.png
33,948.0,145.373629022557,0.9241126759979211,0.8794063079777366,0.5636985754105865,-0.8021575798218722,48,48,127.25527426160338,21.483145774093256,livecell_phase__train-Huh7_Phase_A11_1_00d16h00m_4.png
34,977.0,122.71067811865476,0.48618757845863675,0.933142311365807,0.8153418145487991,1.4279319454385762,38,40,126.75230296827021,18.879081298187785,livecell_phase__train-Huh7_Phase_A11_1_00d16h00m_4.png
35,972.0,129.6040764008565,0.6643295422095047,0.8701880035810206,0.727174776255366,-0.5914263459664825,38,40,126.37551440329219,38.58732197129596,livecell_phase__train-Huh7_Phase_A11_1_00d16h00m_4.png
36,946.0,118.8111831820431,0.7426845908153652,0.9692622950819673,0.8421439999591523,-0.6750022332640645,40,34,127.17441860465117,20.956923021947055,livecell_phase__train-Huh7_Phase_A11_1_00d16h00m_4.png
37,973.0,125.39696961966999,0.7552448474258687,0.9511241446725318,0.7775863381563446,0.3235648479053719,44,33,126.44295991778006,30.72220933174355,livecell_phase__train-Huh7_Phase_A11_1_00d16h00m_4.png
38,889.0,130.05382386916236,0.5966700283037281,0.8490926456542502,0.6604886714914782,-0.3408048761089175,39,35,127.45106861642294,30.26084800208333,livecell_phase__train-Huh7_Phase_A11_1_00d16h00m_4.png
39,915.0,118.46803743153546,0.3816359330207019,0.9432989690721649,0.8192728638622941,0.4299146999433735,39,36,127.6775956284153,23.404821573930484,livecell_phase__train-Huh7_Phase_A11_1_00d16h00m_4.png
40,843.0,132.29646455628165,0.7189896590673144,0.8762993762993763,0.6052585900525909,0.6372811305232058,41,40,126.91696322657177,19.45534130692018,livecell_phase__train-Huh7_Phase_A11_1_00d16h00m_4.png
41,833.0,137.47413408594537,0.7877411055476357,0.8001921229586936,0.5538764241554133,1.361113208725808,35,50,127.67587034813926,14.638356963492637,livecell_phase__train-Huh7_Phase_A11_1_00d16h00m_4.png
42,767.0,115.63351365237939,0.6131311309622479,0.9130952380952381,0.7208381829437699,-0.31951589455017315,39,28,127.22164276401564,26.305157378979466,livecell_phase__train-Huh7_Phase_A11_1_00d16h00m_4.png
43,736.0,125.92388155425117,0.8686808225152889,0.9052890528905289,0.5832724638834622,-0.8954575281243089,40,44,127.3600543478261,20.485665242599005,livecell_phase__train-Huh7_Phase_A11_1_00d16h00m_4.png
44,697.0,108.66904755831214,0.8272889742907436,0.9457259158751696,0.7417045117456379,-0.7506541573674813,36,30,127.5351506456241,23.92184155354747,livecell_phase__train-Huh7_Phase_A11_1_00d16h00m_4.png
45,671.0,111.49747468305833,0.8396926835075639,0.8736979166666666,0.6782695523719728,-1.2617710858164117,27,40,127.26229508196721,28.473582706945404,livecell_phase__train-Huh7_Phase_A11_1_00d16h00m_4.png
46,694.0,110.91168824543144,0.6162837323297883,0.9519890260631001,0.7089485237921906,0.5311045793687659,36,32,127.09798270893371,26.289875358449557,livecell_phase__train-Huh7_Phase_A11_1_00d16h00m_4.png
47,632.0,111.49747468305831,0.8652440386849722,0.9067431850789096,0.6388470299539298,0.24788287468971879,43,25,127.37341772151899,19.24828914876911,livecell_phase__train-Huh7_Phase_A11_1_00d16h00m_4.png
48,596.0,95.49747468305833,0.7258623909238077,0.9327073552425665,0.8212442637222468,-0.712638750778645,29,30,130.46812080536913,23.528734192689548,livecell_phase__train-Huh7_Phase_A11_1_00d16h00m_4.png
49,615.0,104.7401153701776,0.41942727744724645,0.8900144717800289,0.7044641289959437,-1.4597148232849277,28,31,127.74471544715448,12.489014380790126,livecell_phase__train-Huh7_Phase_A11_1_00d16h00m_4.png
50,565.0,92.42640687119285,0.5040164834152991,0.9369817578772802,0.8311246670854847,-1.3974500545324202,26,30,127.03185840707964,35.78469110926153,livecell_phase__train-Huh7_Phase_A11_1_00d16h00m_4.png
51,506.0,126.42640687119285,0.97662471303723,0.8363636363636363,0.3978183305660038,0.17032070296184537,58,17,127.9505928853755,8.327743624640227,livecell_phase__train-Huh7_Phase_A11_1_00d16h00m_4.png
52,446.0,84.5269119345812,0.7501681522404747,0.9102040816326531,0.7844309432042265,0.02770844005249672,29,21,133.19058295964126,43.23698384838954,livecell_phase__train-Huh7_Phase_A11_1_00d16h00m_4.png
53,437.0,87.49747468305833,0.5445675321826253,0.9123173277661796,0.7172990628844194,-1.3850141863308656,24,30,128.95194508009152,42.060324740416526,livecell_phase__train-Huh7_Phase_A11_1_00d16h00m_4.png
54,400.0,93.5685424949238,0.8835934461830687,0.8733624454148472,0.574129848699189,-0.49867293557104153,36,24,127.925,15.711281774572054,livecell_phase__train-Huh7_Phase_A11_1_00d16h00m_4.png
55,379.0,79.4558441227157,0.7071769313072809,0.9451371571072319,0.754392535007237,-1.214259425675792,22,25,128.20580474934036,14.723838408927891,livecell_phase__train-Huh7_Phase_A11_1_00d16h00m_4.png
56,328.0,75.04163056034261,0.7414294528523587,0.9136490250696379,0.7319462387843539,0.14907856841062736,25,19,128.72560975609755,34.57676616999541,livecell_phase__train-Huh7_Phase_A11_1_00d16h00m_4.png
57,280.0,62.526911934581186,0.7035455736183782,0.9491525423728814,0.8999822303598024,-0.7617432287060022,20,20,124.42142857142858,42.18421638770712,livecell_phase__train-Huh7_Phase_A11_1_00d16h00m_4.png
58,259.0,66.8700576850888,0.7144601289366025,0.8961937716262975,0.7278572837906034,-1.2639264607628398,17,23,127.78378378378379,33.11871077568688,livecell_phase__train-Huh7_Phase_A11_1_00d16h00m_4.png
59,255.0,60.970562748477136,0.7238934410408435,0.9586466165413534,0.8620047072599897,0.0039677525583350325,22,14,128.42745098039217,21.293689375680984,livecell_phase__train-Huh7_Phase_A11_1_00d16h00m_4.png
60,229.0,57.21320343559643,0.7687150784673032,0.950207468879668,0.879129424464979,0.12667846698326846,21,14,127.41921397379913,17.20309653482563,livecell_phase__train-Huh7_Phase_A11_1_00d16h00m_4.png
61,225.0,57.21320343559643,0.565606327864002,0.9453781512605042,0.8637734519852415,-0.5651825451123399,19,16,126.44,25.910224494074406,livecell_phase__train-Huh7_Phase_A11_1_00d16h00m_4.png
62,219.0,60.2842712474619,0.7270007019648916,0.9012345679012346,0.7572616237094405,0.9159079185157444,18,19,126.91780821917808,32.40698107805411,livecell_phase__train-Huh7_Phase_A11_1_00d16h00m_4.png
63,214.0,53.11269837220809,0.4802468941956717,0.9553571428571429,0.9532940997757563,-0.01088914318068671,18,17,129.2803738317757,31.568733612806273,livecell_phase__train-Huh7_Phase_A11_1_00d16h00m_4.png
64,186.0,49.698484809834994,0.3454844170890962,0.9538461538461539,0.9463167158955635,0.2864822508591521,17,16,129.16129032258064,14.556371935563664,livecell_phase__train-Huh7_Phase_A11_1_00d16h00m_4.png
65,180.0,50.384776310850235,0.5687997280957768,0.9137055837563451,0.8910123004485953,0.03849018982611689,17,14,127.57777777777778,17.287746320428994,livecell_phase__train-Huh7_Phase_A11_1_00d16h00m_4.png
66,182.0,48.384776310850235,0.4018401739630038,0.9578947368421052,0.9769307434717922,-0.0567274948503843,16,14,127.24725274725274,30.834356607486676,livecell_phase__train-Huh7_Phase_A11_1_00d16h00m_4.png
67,168.0,47.55634918610404,0.5678732777045293,0.9438202247191011,0.9334737962522462,1.3713387826427599,13,16,129.63690476190476,29.412587521420406,livecell_phase__train-Huh7_Phase_A11_1_00d16h00m_4.png
1,9710.0,435.7888886054566,0.5819792020652396,0.8666547661549446,0.6425054093507631,-0.5889559446108179,139,120,127.9411946446962,12.002554749259524,livecell_phase__train-Huh7_Phase_A11_1_01d08h00m_2.png
2,3356.0,252.5929291125633,0.7914128767190812,0.8923158734379154,0.6609817034391796,0.3851545663998061,90,65,127.86620977353992,10.193405756383816,livecell_phase__train-Huh7_Phase_A11_1_01d08h00m_2.png
3,3008.0,222.8528137423857,0.8370718316981982,0.9506953223767383,0.7611170524679447,-1.2737480729541912,51,80,127.73969414893617,10.478720530151014,livecell_phase__train-Huh7_Phase_A11_1_01d08h00m_2.png
4,2728.0,223.48023074035524,0.85348461479622,0.9123745819397994,0.6863979974891016,-0.8128058058773359,69,65,127.65432551319648,14.212348377118218,livecell_phase__train-Huh7_Phase_A11_1_01d08h00m_2.png
5,2346.0,191.82337649086284,0.693720826983453,0.9302141157811261,0.8011886889778893,-0.5210432932377844,62,57,127.84441602728047,7.343775363815586,livecell_phase__train-Huh7_Phase_A11_1_01d08h00m_2.png
6,2181.0,198.71067811865476,0.7845054485519013,0.9229792636479052,0.6941017170490517,-0.16102677605287635,72,43,127.7712058688675,8.813541322897366,livecell_phase__train-Huh7_Phase_A11_1_01d08h00m_2.png
7,2063.0,194.19595949289334,0.6368489374617184,0.8915298184961107,0.687430366661305,1.4750244631015093,45,62,127.68395540475036,12.414905488791934,livecell_phase__train-Huh7_Phase_A11_1_01d08h00m_2.png
8,2020.0,189.7228714274745,0.8440040082271041,0.9408476944573824,0.7052155102492739,-1.0273280751907128,55,65,127.95,12.310704309423544,livecell_phase__train-Huh7_Phase_A11_1_01d08h00m_2.png
9,1918.0,188.22539674441617,0.8596001286884974,0.9770759042282221,0.6803024333938464,0.01459262835822952,74,35,128.20959332638165,16.344086625246238,livecell_phase__train-Huh7_Phase_A11_1_01d08h00m_2.png
10,1975.0,191.4386001800126,0.6834043554263556,0.855348635773062,0.6772015507848742,-0.9743547135143198,50,59,127.91443037974683,5.976516860969842,livecell_phase__train-Huh7_Phase_A11_1_01d08h00m_2.png
11,1808.0,189.53910524340094,0.3850305749915631,0.8378127896200185,0.632427342313329,-0.8233575155190289,52,56,127.8700221238938,10.11248831450573,livecell_phase__train-Huh7_Phase_A11_1_01d08h00m_2.png
12,1715.0,186.42640687119285,0.880377240519732,0.8692346680182463,0.6200962857564172,1.544128420518552,34,62,127.75102040816327,8.541194490933046,livecell_phase__train-Huh7_Phase_A11_1_01d08h00m_2.png
13,1612.0,154.22539674441617,0.7504337659795604,0.9757869249394673,0.8516538405403452,-1.4606061412563829,36,56,127.50930521091811,13.853201930803955,livecell_phase__train-Huh7_Phase_A11_1_01d08h00m_2.png
14,1639.0,179.6812408671319,0.8536608679084916,0.8676548438327157,0.6379451518713029,0.7266150185409377,55,55,127.74191580231849,9.40187532032708,livecell_phase__train-Huh7_Phase_A11_1_01d08h00m_2.png
15,1649.0,203.58073580374355,0.8825190284181811,0.9035616438356164,0.49998521292306963,-0.8433866349587525,50,66,127.6737416616131,9.833806154757978,livecell_phase__train-Huh7_Phase_A11_1_01d08h00m_2.png
16,1618.0,161.3319984622144,0.6894167819482253,0.9314910765687968,0.7811732338340975,-0.3661423705594655,54,42,127.9283065512979,6.802242938820499,livecell_phase__train-Huh7_Phase_A11_1_01d08h00m_2.png
17,1489.0,157.29646455628165,0.5444859638768617,0.9323731997495304,0.7562521789650143,0.3820805617681768,51,41,127.94963062458025,33.112677996825525,livecell_phase__train-Huh7_Phase_A11_1_01d08h00m_2.png
18,1446.0,218.20815280171308,0.9379358613075564,0.7488348006214397,0.3816244674139834,-1.0328179762795198,52,80,127.90248962655602,8.820213293515927,livecell_phase__train-Huh7_Phase_A11_1_01d08h00m_2.png
19,1262.0,164.46803743153546,0.8455895409165242,0.8396540252827678,0.5862815113711867,1.416180192728201,33,56,127.87480190174327,18.87292182072214,livecell_phase__train-Huh7_Phase_A11_1_01d08h00m_2.png
20,1274.0,154.95331880577402,0.8846116491819489,0.9152298850574713,0.6667722657505332,0.5591992310009511,52,43,127.7967032967033,10.49887286145264,livecell_phase__train-Huh7_Phase_A11_1_01d08h00m_2.png
21,1215.0,141.9827560572969,0.6249962315654634,0.9418604651162791,0.7573819273157575,-0.05019315448745333,45,40,128.12345679012347,13.92654100734288,livecell_phase__train-Huh7_Phase_A11_1_01d08h00m_2.png
22,1050.0,126.22539674441617,0.6862270952172557,0.9450945094509451,0.828143646391224,-1.0496882676443577,36,42,127.73142857142857,9.639317445562549,livecell_phase__train-Huh7_Phase_A11_1_01d08h00m_2.png
23,992.0,121.74011537017762,0.6183462271669391,0.9538461538461539,0.8411125600580512,1.2964968397431877,33,41,127.55745967741936,15.147018923089737,livecell_phase__train-Huh7_Phase_A11_1_01d08h00m_2.png
24,960.0,124.66904755831213,0.7780593649531473,0.9696969696969697,0.7761824411789753,-0.9827785699645585,33,41,127.82395833333334,9.662386747844995,livecell_phase__train-Huh7_Phase_A11_1_01d08h00m_2.png
25,924.0,133.1126983722081,0.9090227586186223,0.9604989604989606,0.6553040631001626,-0.02906597305606377,52,22,128.03030303030303,9.074794519941943,livecell_phase__train-Huh7_Phase_A11_1_01d08h00m_2.png
26,897.0,125.25483399593904,0.7569966519993117,0.953241232731137,0.718477737259428,0.913985713624297,34,40,127.3623188405797,14.717527843973661,livecell_phase__train-Huh7_Phase_A11_1_01d08h00m_2.png
27,854.0,133.29036790187178,0.7799091189538901,0.9282608695652174,0.6040462622878925,-0.9071468486775363,33,44,127.78220140515222,15.473990017147187,livecell_phase__train-Huh7_Phase_A11_1_01d08h00m_2.png
28,775.0,115.49747468305833,0.8441271527684744,0.952088452088452,0.7300735075091443,0.16512479803108274,46,24,127.84387096774194,21.58518334076221,livecell_phase__train-Huh7_Phase_A11_1_01d08h00m_2.png
29,758.0,117.1543289325507,0.7829051979592395,0.8949232585596222,0.6940046626176234,0.23114891477227492,42,29,127.41820580474933,17.770466618862418,livecell_phase__train-Huh7_Phase_A11_1_01d08h00m_2.png
30,721.0,100.32590180780451,0.5692641796067215,0.9600532623169108,0.9001584949168607,1.4680861628659558,29,34,127.91678224687934,15.322017686469485,livecell_phase__train-Huh7_Phase_A11_1_01d08h00m_2.png
31,611.0,91.01219330881976,0.3893805113129221,0.9667721518987342,0.9269406179729777,-1.3258886199764492,27,29,128.59083469721767,23.73371467412769,livecell_phase__train-Huh7_Phase_A11_1_01d08h00m_2.png
32,542.0,85.84062043356595,0.6233019650505576,0.9678571428571429,0.9243223507186278,-0.11213261290130924,30,24,128.75645756457564,25.957453564809327,livecell_phase__train-Huh7_Phase_A11_1_01d08h00m_2.png
33,488.0,85.25483399593904,0.7504617107938036,0.9439071566731141,0.8437070145438516,-0.21161498491210032,31,23,128.75409836065575,33.14252913254812,livecell_phase__train-Huh7_Phase_A11_1_01d08h00m_2.png
34,327.0,69.11269837220809,0.6479024337414357,0.9342857142857143,0.8602841425305116,0.4729532224282371,23,20,127.77064220183486,23.928524950681883,livecell_phase__train-Huh7_Phase_A11_1_01d08h00m_2.png
35,320.0,77.35533905932738,0.8622502198273809,0.8398950131233596,0.6720154444709482,0.526223408059252,27,21,128.26875,21.965803500839666,livecell_phase__train-Huh7_Phase_A11_1_01d08h00m_2.png
36,305.0,77.84062043356593,0.8950498989488735,0.8739255014326648,0.6325532998658525,0.5514592952643392,27,21,126.3016393442623,19.954066037048968,livecell_phase__train-Huh7_Phase_A11_1_01d08h00m_2.png
37,278.0,60.8700576850888,0.4803253577075086,0.9553264604810997,0.942860047161848,-0.5027126244879336,20,18,128.11510791366908,30.344681573687645,livecell_phase__train-Huh7_Phase_A11_1_01d08h00m_2.png
38,258.0,58.8700576850888,0.4153528438254821,0.9485294117647058,0.9354932263821347,1.013497270198555,18,19,127.73643410852713,32.90437622689902,livecell_phase__train-Huh7_Phase_A11_1_01d08h00m_2.png
39,245.0,56.2842712474619,0.35198064196800805,0.95703125,0.9718558511134656,-0.7426013787709099,18,18,128.0326530612245,20.41545420783693,livecell_phase__train-Huh7_Phase_A11_1_01d08h00m_2.png
40,157.0,45.798989873223334,0.6698708771159252,0.9401197604790419,0.9405842830576047,0.38874478864646095,16,13,127.5859872611465,29.40081990840497,livecell_phase__train-Huh7_Phase_A11_1_01d08h00m_2.png
41,154.0,44.14213562373095,0.414101994703427,0.9685534591194969,0.9931707104675749,-1.0467041683815852,13,14,128.01298701298703,17.986642595464396,livecell_phase__train-Huh7_Phase_A11_1_01d08h00m_2.png
1,5264.0,301.37972567696687,0.5426489761619707,0.9374888691006233,0.7282788171196976,1.3960889572085196,77,100,128.03533434650456,6.2976063475642166,livecell_phase__train-Huh7_Phase_A11_1_01d12h00m_1.png
2,4052.0,306.90663761154804,0.8376593220747361,0.8459290187891441,0.5405884198423049,0.5527709590137666,92,78,128.12388943731492,7.030216258921437,livecell_phase__train-Huh7_Phase_A11_1_01d12h00m_1.png
3,4050.0,344.43354954612926,0.7608621379339161,0.7706945765937203,0.428996740706483,0.003717875794847513,122,79,127.78222222222222,10.741863645005983,livecell_phase__train-Huh7_Phase_A11_1_01d12h00m_1.png
4,2993.0,219.82337649086284,0.7596109298525501,0.9423803526448362,0.7783390718638945,0.57176288156879,74,58,127.96491814233211,7.823378493599033,livecell_phase__train-Huh7_Phase_A11_1_01d12h00m_1.png
5,2979.0,251.58073580374355,0.8955085894539135,0.8967489464178205,0.5914603027931028,0.10634624123358047,96,50,128.19738167170192,11.184856741804486,livecell_phase__train-Huh7_Phase_A11_1_01d12h00m_1.png
6,2655.0,217.82337649086284,0.544819277762827,0.913312693498452,0.7031782318125247,0.82905045478252,64,65,127.88587570621469,7.115893469131178,livecell_phase__train-Huh7_Phase_A11_1_01d12h00m_1.png
7,2607.0,209.8233764908628,0.8350120790674382,0.952154857560263,0.7441202996904843,-0.9166471703922343,58,70,127.94169543536633,5.228244151053102,livecell_phase__train-Huh7_Phase_A11_1_01d12h00m_1.png
8,2576.0,241.86500705120545,0.9193012281300332,0.8190779014308426,0.5533623971917817,0.5421402226789429,85,61,128.0698757763975,5.046885084177316,livecell_phase__train-Huh7_Phase_A11_1_01d12h00m_1.png
9,2526.0,196.95331880577402,0.7289730457687417,0.9707916986933128,0.8183076354007904,0.4622433848184987,62,54,127.92794932699921,6.61217496668,livecell_phase__train-Huh7_Phase_A11_1_01d12h00m_1.png
10,2475.0,197.23759005323592,0.7194318252593394,0.9533898305084746,0.7994764813038558,1.3432248463672685,52,70,127.7450505050505,10.911140204076052,livecell_phase__train-Huh7_Phase_A11_1_01d12h00m_1.png
11,2435.0,192.55129855222071,0.3260000776375074,0.9575304758159654,0.8253077549223641,-0.3442052912225,60,62,127.83696098562628,10.936784445564648,livecell_phase__train-Huh7_Phase_A11_1_01d12h00m_1.png
12,2188.0,204.0243866176395,0.8088192000762217,0.8692888359157728,0.6605307190138742,-0.3070759584652041,66,50,128.02468007312615,7.396163195635746,livecell_phase__train-Huh7_Phase_A11_1_01d12h00m_1.png
13,2133.0,179.88225099390857,0.555735217126388,0.9744175422567383,0.8283694852256038,0.44315151337001435,55,50,127.97937177684013,6.3277824648710075,livecell_phase__train-Huh7_Phase_A11_1_01d12h00m_1.png
14,2039.0,177.95331880577402,0.6911701932036655,0.9545880149812734,0.8091236695289137,-1.214745287179336,49,58,127.85139774399215,9.150637706451798,livecell_phase__train-Huh7_Phase_A11_1_01d12h00m_1.png
15,2050.0,178.50966799187808,0.7767195899715663,0.9724857685009488,0.8084259405247661,-0.9427781692825202,50,59,127.99707317073171,9.563293198450213,livecell_phase__train-Huh7_Phase_A11_1_01d12h00m_1.png
16,2010.0,192.75230867899737,0.5215901879877839,0.907859078590786,0.6798400480850425,-0.9893259177861201,58,58,128.04179104477612,11.28435031210428,livecell_phase__train-Huh7_Phase_A11_1_01d12h00m_1.png
17,1970.0,170.50966799187808,0.27507058207581575,0.9619140625,0.8514870997189485,-1.163837095230114,53,53,127.66954314720812,15.411049378238124,livecell_phase__train-Huh7_Phase_A11_1_01d12h00m_1.png
18,1931.0,197.58073580374355,0.9163005609247565,0.9173396674584323,0.621588456962571,0.4048264353413143,76,42,127.93423096841015,12.16494286764491,livecell_phase__train-Huh7_Phase_A11_1_01d12h00m_1.png
19,1870.0,193.4386001800126,0.8455701726347598,0.9144254278728606,0.6280080187085251,0.6789602697290299,59,57,127.83689839572193,7.20929487717351,livecell_phase__train-Huh7_Phase_A11_1_01d12h00m_1.png
20,1852.0,163.1543289325507,0.44480683665547416,0.96760710553814,0.8742862409814666,-0.02733473760568812,50,44,127.96652267818574,7.310379186318438,livecell_phase__train-Huh7_Phase_A11_1_01d12h00m_1.png
21,1823.0,227.58073580374355,0.9443617565127237,0.7871329879101899,0.4423087574400784,-0.35210476518135325,83,52,127.65277015907844,10.580288950121956,livecell_phase__train-Huh7_Phase_A11_1_01d12h00m_1.png
22,1768.0,181.4802307403552,0.8905361935324861,0.9349550502379693,0.674580028127107,0.8516701424503814,58,57,127.92024886877829,10.0637041897858,livecell_phase__train-Huh7_Phase_A11_1_01d12h00m_1.png
23,1777.0,166.0243866176395,0.7639941365151337,0.9615800865800865,0.8101277767522742,0.5954602222611056,52,49,128.03601575689365,5.071336634155411,livecell_phase__train-Huh7_Phase_A11_1_01d12h00m_1.png
24,1733.0,170.5512985522207,0.698002708409602,0.9377705627705628,0.7486836792221006,-0.6830516339395255,59,52,127.92498557414888,7.716718764156015,livecell_phase__train-Huh7_Phase_A11_1_01d12h00m_1.png
25,1751.0,191.58073580374355,0.8201695904355193,0.8768152228342514,0.599504346660247,0.6117533286006266,63,51,127.46659051970303,9.016508608987554,livecell_phase__train-Huh7_Phase_A11_1_01d12h00m_1.png
26,1542.0,152.95331880577402,0.728295655960436,0.9471744471744472,0.8282785758696392,-0.7598779031613735,48,46,127.89040207522697,11.284565804210974,livecell_phase__train-Huh7_Phase_A11_1_01d12h00m_1.png
27,1546.0,177.23759005323592,0.8961178378494657,0.9131718842291789,0.6184543965541173,-0.9761820038652956,48,64,128.10608020698578,8.505557229329918,livecell_phase__train-Huh7_Phase_A11_1_01d12h00m_1.png
28,1454.0,151.4386001800126,0.6763999642699622,0.944769330734243,0.7967115209510035,1.367196555428471,42,53,127.92916093535075,11.115552371471724,livecell_phase__train-Huh7_Phase_A11_1_01d12h00m_1.png
29,1413.0,142.46803743153546,0.5158532879617477,0.970467032967033,0.8748168559710744,-0.5083977478616344,44,41,128.56758669497523,9.156916083043274,livecell_phase__train-Huh7_Phase_A11_1_01d12h00m_1.png
30,1398.0,142.61017305526642,0.76408666653456,0.9701596113809854,0.8638056127749546,0.80366079688642,44,46,127.931330472103,7.207203504134988,livecell_phase__train-Huh7_Phase_A11_1_01d12h00m_1.png
31,1397.0,157.29646455628165,0.8425291168946689,0.9413746630727763,0.70952605373682,-0.8634180568335258,44,51,127.70722977809592,7.573607158860086,livecell_phase__train-Huh7_Phase_A11_1_01d12h00m_1.png
32,1439.0,186.3259018078045,0.9327826119985552,0.9529801324503311,0.5208638229965806,-1.5469541898830845,25,81,128.12369701181376,6.5821363073275725,livecell_phase__train-Huh7_Phase_A11_1_01d12h00m_1.png
33,1394.0,164.26702730475878,0.7307331293115024,0.8878980891719745,0.6491900307328395,-0.581150305962012,53,49,127.74175035868005,14.489471518471422,livecell_phase__train-Huh7_Phase_A11_1_01d12h00m_1.png
34,1360.0,181.78174593052023,0.9539347982754389,0.9139784946236559,0.5171877524482658,0.34542285504921655,76,33,127.90514705882353,7.273782694324601,livecell_phase__train-Huh7_Phase_A11_1_01d12h00m_1.png
35,1263.0,153.29646455628165,0.5880617410986828,0.8609406952965235,0.6753811523055114,0.33164867462235514,47,39,127.93903404592241,11.831299847187486,livecell_phase__train-Huh7_Phase_A11_1_01d12h00m_1.png
36,1231.0,139.35533905932738,0.7975074119177744,0.9654901960784313,0.7965640318933342,-1.4372161037208624,30,49,127.7579203899269,13.826470694186128,livecell_phase__train-Huh7_Phase_A11_1_01d12h00m_1.png
37,1215.0,143.88225099390854,0.7607261511583623,0.9324635456638527,0.7375164215221608,-0.30370199510042983,51,35,127.96625514403293,12.620305555472987,livecell_phase__train-Huh7_Phase_A11_1_01d12h00m_1.png
38,1197.0,155.1543289325507,0.6938485727179374,0.8795003673769287,0.6248506413314977,-1.0534931323120258,38,50,128.07268170426065,11.394742836965468,livecell_phase__train-Huh7_Phase_A11_1_01d12h00m_1.png
39,1162.0,150.66904755831214,0.7990705091492214,0.92442322991249,0.6432323915080438,1.1127714103071549,37,49,127.52323580034424,11.849307431390514,livecell_phase__train-Huh7_Phase_A11_1_01d12h00m_1.png
40,1130.0,149.7401153701776,0.9284613696297922,0.9377593360995851,0.6333036348933785,1.4119143463759598,27,61,127.59646017699114,10.703319551267995,livecell_phase__train-Huh7_Phase_A11_1_01d12h00m_1.png
41,1036.0,136.31980515339464,0.8312971683022016,0.9655172413793104,0.7005702745316705,0.2661332148219254,48,29,127.70752895752896,8.735074488885687,livecell_phase__train-Huh7_Phase_A11_1_01d12h00m_1.png
42,1048.0,139.88225099390854,0.8889370896498647,0.9113043478260869,0.6730478199732114,1.084391685253706,38,48,127.84064885496183,8.77291918516117,livecell_phase__train-Huh7_Phase_A11_1_01d12h00m_1.png
43,1031.0,134.46803743153546,0.7375522694614229,0.8965217391304348,0.7165234305969505,-1.1788765951192715,34,49,127.52085354025218,9.649799184217118,livecell_phase__train-Huh7_Phase_A11_1_01d12h00m_1.png
44,1028.0,162.36753236814712,0.9406115429899367,0.8120063191153238,0.4900096104958495,0.2712938245151242,62,34,127.54669260700389,5.404346747695116,livecell_phase__train-Huh7_Phase_A11_1_01d12h00m_1.png
45,1017.0,125.15432893255071,0.7023771732387255,0.9621570482497634,0.8159040053454829,-1.4568416539940148,32,44,127.51229105211407,11.720277009432223,livecell_phase__train-Huh7_Phase_A11_1_01d12h00m_1.png
46,966.0,122.12489168102783,0.7736976419595798,0.9679358717434869,0.8139141660602468,-0.8374738237317078,38,40,128.44099378881987,14.624284826029589,livecell_phase__train-Huh7_Phase_A11_1_01d12h00m_1.png
47,906.0,126.91168824543142,0.8956597692891263,0.9556962025316456,0.7068622991681671,1.5112507483671966,23,51,127.72075055187638,17.629068343244914,livecell_phase__train-Huh7_Phase_A11_1_01d12h00m_1.png
48,873.0,121.53910524340094,0.5004273739020263,0.9131799163179917,0.7426634284303033,0.5975861405354018,39,37,127.69415807560138,10.75699192987356,livecell_phase__train-Huh7_Phase_A11_1_01d12h00m_1.png
49,874.0,143.53910524340094,0.7986290719378423,0.7768888888888889,0.5330658084961318,0.43036653756613663,51,38,127.80549199084668,11.054624804281554,livecell_phase__train-Huh7_Phase_A11_1_01d12h00m_1.png
50,900.0,165.58073580374355,0.9637064654435612,0.8466603951081844,0.41250836249406986,-0.9423805186225128,46,59,127.86555555555556,9.01681960574066,livecell_phase__train-Huh7_Phase_A11_1_01d12h00m_1.png
51,851.0,114.32590180780451,0.5638744325102376,0.9497767857142857,0.8181824365354747,0.8803057750058483,35,35,127.7497062279671,8.168300729739652,livecell_phase__train-Huh7_Phase_A11_1_01d12h00m_1.png
52,895.0,184.3259018078045,0.9762311022666883,0.7708871662360034,0.33102452011256805,1.4868500266084799,20,77,128.00782122905028,3.031113380522551,livecell_phase__train-Huh7_Phase_A11_1_01d12h00m_1.png
53,748.0,139.35533905932738,0.9601282823031125,0.9200492004920049,0.48402103643884165,0.05814341631028745,61,18,127.83957219251337,5.408543037167698,livecell_phase__train-Huh7_Phase_A11_1_01d12h00m_1.png
54,742.0,142.12489168102783,0.8770066794310197,0.803030303030303,0.46160815841894526,-0.6239891590541474,44,39,127.5633423180593,14.636223337078638,livecell_phase__train-Huh7_Phase_A11_1_01d12h00m_1.png
55,711.0,115.49747468305833,0.8333478484094717,0.9634146341463414,0.669783566243873,-0.6594843412162471,39,31,127.62587904360056,12.868505357439743,livecell_phase__train-Huh7_Phase_A11_1_01d12h00m_1.png
56,668.0,134.42640687119285,0.8785346750948457,0.8597168597168597,0.46453361441617935,1.497310595788653,22,56,127.61676646706587,7.794506377188053,livecell_phase__train-Huh7_Phase_A11_1_01d12h00m_1.png
57,583.0,107.9827560572969,0.8074716971819146,0.8766917293233083,0.628303679594967,-0.8043806966556002,34,32,128.852487135506,24.1691194711288,livecell_phase__train-Huh7_Phase_A11_1_01d12h00m_1.png
58,479.0,91.01219330881975,0.8397208558204489,0.9485148514851485,0.7266850343847079,-0.5419122432306759,32,24,126.741127348643,19.79054727814098,livecell_phase__train-Huh7_Phase_A11_1_01d12h00m_1.png
59,393.0,73.11269837220809,0.47452233406509525,0.9562043795620438,0.9238826023145069,-0.38455515741983864,24,21,127.95928753180661,24.366964903886764,livecell_phase__train-Huh7_Phase_A11_1_01d12h00m_1.png
60,367.0,73.69848480983498,0.6761829772433281,0.9434447300771208,0.8490999395542824,0.15385404952630352,25,20,128.4550408719346,30.10703015543622,livecell_phase__train-Huh7_Phase_A11_1_01d12h00m_1.png
61,374.0,114.25483399593904,0.9118081138891021,0.7759336099585062,0.3600247014497226,-0.011198786081234976,39,19,128.07754010695186,21.06399412491327,livecell_phase__train-Huh7_Phase_A11_1_01d12h00m_1.png
62,358.0,76.8700576850888,0.8196595372482012,0.9675675675675676,0.7613397001431315,0.1767987017436428,29,17,127.70111731843575,7.485744282747261,livecell_phase__train-Huh7_Phase_A11_1_01d12h00m_1.png
63,322.0,68.2842712474619,0.728796702742628,0.9583333333333334,0.8678094559687619,-0.5077589093154957,24,18,125.95031055900621,21.851361582499685,livecell_phase__train-Huh7_Phase_A11_1_01d12h00m_1.png
64,314.0,63.698484809834994,0.3494479655162634,0.9661538461538461,0.9724814103211363,-0.6596335284444248,20,20,127.85987261146497,17.042269891100098,livecell_phase__train-Huh7_Phase_A11_1_01d12h00m_1.png
65,291.0,70.42640687119285,0.8664596827588161,0.9297124600638977,0.7372788746359871,-1.1387730012447177,19,27,127.3298969072165,14.673342345585292,livecell_phase__train-Huh7_Phase_A11_1_01d12h00m_1.png
66,298.0,78.76955262170047,0.9365303726564149,0.863768115942029,0.6035446024856562,-0.3976665633767013,31,18,126.62751677852349,21.65467650737319,livecell_phase__train-Huh7_Phase_A11_1_01d12h00m_1.png
67,268.0,58.87005768508881,0.4628189562437016,0.9675090252707581,0.9717526537612872,1.3906408559129138,18,19,128.27985074626866,14.222382401403543,livecell_phase__train-Huh7_Phase_A11_1_01d12h00m_1.png
68,200.0,50.62741699796952,0.4315980021847723,0.9523809523809523,0.9805467826824815,0.6595595671247068,16,16,128.31,14.987124474027699,livecell_phase__train-Huh7_Phase_A11_1_01d12h00m_1.png
69,189.0,49.45584412271571,0.6006114317544103,0.9593908629441624,0.971038457823946,-1.09482570239799,15,17,126.14285714285714,25.55201592365386,livecell_phase__train-Huh7_Phase_A11_1_01d12h00m_1.png
70,157.0,44.97056274847714,0.5747595454912463,0.9515151515151515,0.9755574997124785,0.902657841107819,14,14,127.86624203821655,21.324933984530933,livecell_phase__train-Huh7_Phase_A11_1_01d12h00m_1.png
71,128.0,40.97056274847714,0.6343065325507252,0.9343065693430657,0.9582437056935948,1.4114486986426413,12,14,122.5546875,27.515282285983254,livecell_phase__train-Huh7_Phase_A11_1_01d12h00m_1.png
72,114.0,38.97056274847714,0.3264686693036704,0.926829268292683,0.9432815955333341,-1.4953418176170428,12,13,127.93859649122807,11.155429083193669,livecell_phase__train-Huh7_Phase_A11_1_01d12h00m_1.png
73,91.0,33.798989873223334,0.3111125621607907,0.9285714285714286,1.0010224425549161,-0.08648341765986464,12,11,123.92307692307692,29.3359587953868,livecell_phase__train-Huh7_Phase_A11_1_01d12h00m_1.png
1,9770.0,450.6173157302028,0.8155511667280266,0.8520101159850004,0.6046285848320748,-0.37504596685912867,144,117,127.93213920163767,11.703160777731176,livecell_phase__train-Huh7_Phase_A11_1_01d12h00m_2.png
2,3400.0,240.40916292848974,0.6740628437377391,0.9251700680272109,0.7392421959766629,1.541936885973271,60,78,127.70882352941176,10.106662556337858,livecell_phase__train-Huh7_Phase_A11_1_01d12h00m_2.png
3,3308.0,269.96551211459376,0.9237230602894626,0.904072150860891,0.5703727795262356,0.16468498810033758,104,50,127.92019347037485,9.620095149009247,livecell_phase__train-Huh7_Phase_A11_1_01d12h00m_2.png
4,2931.0,207.78174593052023,0.5567505942452569,0.9641447368421052,0.8531215256608412,-0.9852951789582239,58,62,128.06789491641078,5.021193191707773,livecell_phase__train-Huh7_Phase_A11_1_01d12h00m_2.png
5,2534.0,257.79393923934003,0.7065626011753328,0.7799322868574946,0.47914953267323296,-0.27488870079946554,82,59,127.81333859510656,12.554517406997638,livecell_phase__train-Huh7_Phase_A11_1_01d12h00m_2.png
6,2531.0,214.65180361560903,0.6992547892633886,0.8779049601109955,0.6902921350011022,-0.8375809229667504,60,67,127.80837613591466,7.526853346928644,livecell_phase__train-Huh7_Phase_A11_1_01d12h00m_2.png
7,2481.0,221.58073580374355,0.8476610014794091,0.8911637931034483,0.6349983954517016,0.7154072101540153,64,65,127.88190245868601,10.56582212164131,livecell_phase__train-Huh7_Phase_A11_1_01d12h00m_2.png
8,2444.0,228.8944443027283,0.8647812907168171,0.8617771509167842,0.5861929112489918,-0.6055608595201598,77,61,127.44026186579379,12.812290128134716,livecell_phase__train-Huh7_Phase_A11_1_01d12h00m_2.png
9,2306.0,238.16652224137047,0.9317154791386009,0.8652908067542214,0.510866867088704,-1.219356147172438,44,93,127.90589765828274,12.125152868589495,livecell_phase__train-Huh7_Phase_A11_1_01d12h00m_2.png
10,2215.0,188.8528137423857,0.8371330864859011,0.9714912280701754,0.7804348869114556,-0.1726434851667421,72,42,127.71918735891647,8.756947181785478,livecell_phase__train-Huh7_Phase_A11_1_01d12h00m_2.png
11,2036.0,230.3086578651014,0.8037281806955525,0.8547439126784215,0.4823553599284003,-0.4391667744800343,66,49,127.8934184675835,10.678731221209098,livecell_phase__train-Huh7_Phase_A11_1_01d12h00m_2.png
12,1833.0,172.12489168102786,0.8206113907882959,0.9551849921834289,0.7774723792190285,-0.18366438173061791,62,38,127.97108565193672,7.7299436037784615,livecell_phase__train-Huh7_Phase_A11_1_01d12h00m_2.png
13,1774.0,185.63961030678928,0.8473411566584649,0.9641304347826087,0.6468777052376447,0.028865005222032725,73,35,127.99098083427283,14.146078284475994,livecell_phase__train-Huh7_Phase_A11_1_01d12h00m_2.png
14,1814.0,176.61017305526642,0.831012039667474,0.9557428872497366,0.7308289029531406,-0.328955339963431,63,44,127.8329658213892,7.034816104253332,livecell_phase__train-Huh7_Phase_A11_1_01d12h00m_2.png
15,1735.0,161.88225099390857,0.7496843944634983,0.9736251402918069,0.8319761444396783,-1.4832234655886898,38,59,127.75273775216138,11.952811264119589,livecell_phase__train-Huh7_Phase_A11_1_01d12h00m_2.png
16,1324.0,162.36753236814712,0.8622106176615374,0.9207232267037552,0.6311018718837594,1.0179660955401664,38,62,127.57552870090635,13.610226049528599,livecell_phase__train-Huh7_Phase_A11_1_01d12h00m_2.png
17,1237.0,140.12489168102783,0.7918017565595478,0.9559505409582689,0.791678742678017,0.5081148175081243,48,39,127.7914308811641,13.900506529779062,livecell_phase__train-Huh7_Phase_A11_1_01d12h00m_2.png
18,1234.0,142.12489168102786,0.7687035921649327,0.9229618548990277,0.7676879615754423,1.0355605863473016,41,47,127.98217179902755,6.802350138479027,livecell_phase__train-Huh7_Phase_A11_1_01d12h00m_2.png
19,1207.0,148.36753236814712,0.8849169909157426,0.9164768413059985,0.6890319921184613,-0.3636908064896367,56,36,127.6255178127589,9.811678872449848,livecell_phase__train-Huh7_Phase_A11_1_01d12h00m_2.png
20,1176.0,132.95331880577405,0.7266343363416593,0.9522267206477733,0.8360241448208514,-0.1881931038921488,48,36,128.4719387755102,21.238143430563888,livecell_phase__train-Huh7_Phase_A11_1_01d12h00m_2.png
21,1172.0,131.39696961967,0.5005796399927444,0.9551752241238793,0.8530348556039611,-1.211239034902083,38,42,127.69368600682594,11.961793318003659,livecell_phase__train-Huh7_Phase_A11_1_01d12h00m_2.png
22,1193.0,155.7401153701776,0.6995603007989644,0.8413258110014105,0.6180865932552949,-0.4248335572040516,47,36,128.2623637887678,8.665666765921788,livecell_phase__train-Huh7_Phase_A11_1_01d12h00m_2.png
23,1143.0,124.56854249492379,0.5005551359005648,0.9752559726962458,0.9256340634351118,-0.32417397229268946,40,36,129.3665791776028,25.425192680806855,livecell_phase__train-Huh7_Phase_A11_1_01d12h00m_2.png
24,1111.0,136.71067811865476,0.7000562636481741,0.9343986543313709,0.7469973272783352,-1.0964799386486648,40,44,128.0909090909091,8.705906939842677,livecell_phase__train-Huh7_Phase_A11_1_01d12h00m_2.png
25,1066.0,125.29646455628165,0.6294913594614439,0.9620938628158845,0.8532758125220614,1.0175370680765607,38,40,127.6951219512195,11.964688298209362,livecell_phase__train-Huh7_Phase_A11_1_01d12h00m_2.png
26,952.0,138.91168824543144,0.8666446549383002,0.9655172413793104,0.6199679424846053,-1.4713145943355088,26,56,127.73634453781513,16.598155412821765,livecell_phase__train-Huh7_Phase_A11_1_01d12h00m_2.png
27,978.0,122.46803743153546,0.36426041896620304,0.9513618677042801,0.8194136651223144,0.5519694220932021,38,39,127.82924335378323,7.720082675956329,livecell_phase__train-Huh7_Phase_A11_1_01d12h00m_2.png
28,713.0,117.11269837220809,0.9168124217585438,0.96875,0.6532680506526828,-0.012685134930826012,47,19,128.1711079943899,10.404789383277146,livecell_phase__train-Huh7_Phase_A11_1_01d12h00m_2.png
29,688.0,96.66904755831214,0.6182987828935145,0.9745042492917847,0.9251740075022403,1.4384590680890914,27,33,128.16133720930233,15.784665227726757,livecell_phase__train-Huh7_Phase_A11_1_01d12h00m_2.png
30,689.0,101.25483399593904,0.7467604290125989,0.9542936288088643,0.8444959165852871,1.5116758035612992,25,37,127.56748911465893,14.816003182344028,livecell_phase__train-Huh7_Phase_A11_1_01d12h00m_2.png
31,677.0,105.49747468305833,0.7739926250182021,0.924863387978142,0.7643889579741551,1.2649238218128682,28,37,127.28360413589365,10.112772391608212,livecell_phase__train-Huh7_Phase_A11_1_01d12h00m_2.png
32,656.0,93.84062043356595,0.1564796541202155,0.967551622418879,0.9361209451435386,-0.4712285183326863,29,29,128.6204268292683,22.158880503844742,livecell_phase__train-Huh7_Phase_A11_1_01d12h00m_2.png
33,591.0,123.25483399593904,0.9097650411796262,0.8359264497878359,0.4888655373536167,1.4127670496063613,21,45,128.16074450084602,9.15348807540407,livecell_phase__train-Huh7_Phase_A11_1_01d12h00m_2.png
34,488.0,81.25483399593904,0.3489587625613451,0.9644268774703557,0.928819385996546,-0.20643205896131503,27,25,129.26024590163934,26.284070347605848,livecell_phase__train-Huh7_Phase_A11_1_01d12h00m_2.png
35,314.0,68.18376618407356,0.7421992687200263,0.9401197604790419,0.8487456076788357,0.8302791082963886,22,22,127.59872611464968,18.861331005377473,livecell_phase__train-Huh7_Phase_A11_1_01d12h00m_2.png
36,323.0,67.11269837220809,0.6917191235728797,0.95,0.901162238253794,1.162242963736683,19,23,127.09597523219814,25.719372947098773,livecell_phase__train-Huh7_Phase_A11_1_01d12h00m_2.png
37,313.0,65.94112549695429,0.5941905547384434,0.9513677811550152,0.9045685633895686,0.555099696634824,22,20,127.59424920127796,24.35739416757023,livecell_phase__train-Huh7_Phase_A11_1_01d12h00m_2.png
38,307.0,63.698484809834994,0.632421619688779,0.9623824451410659,0.9508018884349964,-0.9415787056742734,19,21,127.58306188925081,25.71230404981078,livecell_phase__train-Huh7_Phase_A11_1_01d12h00m_2.png
39,285.0,61.45584412271571,0.3382997209742868,0.9531772575250836,0.9482620004259535,-0.21101980181645882,19,19,127.95087719298246,19.684289958247337,livecell_phase__train-Huh7_Phase_A11_1_01d12h00m_2.png
40,278.0,61.94112549695428,0.5097927210798724,0.9391891891891891,0.9105346453588358,-0.08660373538188448,21,19,131.79496402877697,30.32719136006618,livecell_phase__train-Huh7_Phase_A11_1_01d12h00m_2.png
41,189.0,50.04163056034261,0.7270037808110349,0.9545454545454546,0.948437601397475,0.12311571848720586,19,13,127.95767195767196,26.10435522620672,livecell_phase__train-Huh7_Phase_A11_1_01d12h00m_2.png
42,153.0,44.970562748477136,0.4464462806581086,0.9503105590062112,0.9507025315669381,0.0019734710965607347,15,13,127.93464052287581,17.864293522015103,livecell_phase__train-Huh7_Phase_A11_1_01d12h00m_2.png
43,148.0,46.38477631085023,0.8229058242336327,0.925,0.8644117194307488,0.23061390951196142,18,11,127.92567567567568,13.141686929548777,livecell_phase__train-Huh7_Phase_A11_1_01d12h00m_2.png
1,3787.0,244.2670273047588,0.5870373314024258,0.9512685254961065,0.7975822400396043,-1.4006768622988013,65,74,127.9524689728017,15.4455819132118,livecell_phase__train-Huh7_Phase_A11_1_02d04h00m_4.png
2,3541.0,233.57463914933368,0.6771307109341684,0.9680153089119737,0.8156135226075307,0.3248385260788653,76,58,127.74611691612539,13.132702649423274,livecell_phase__train-Huh7_Phase_A11_1_02d04h00m_4.png
3,2988.0,260.76450198781714,0.5456734404585274,0.8128400435255713,0.5521963307266027,0.9089555384694604,73,83,127.25803212851406,25.92860432996032,livecell_phase__train-Huh7_Phase_A11_1_02d04h00m_4.png
4,3263.0,243.48023074035518,0.3131678895636683,0.9259364358683314,0.6916709383743503,-0.11678292623118791,69,73,127.86147716825008,12.223871829366553,livecell_phase__train-Huh7_Phase_A11_1_02d04h00m_4.png
5,2722.0,240.05992052357226,0.7612328738391445,0.8562441019188424,0.5935518581747163,0.6974810297865208,62,75,127.604335047759,12.247461744954968,livecell_phase__train-Huh7_Phase_A11_1_02d04h00m_4.png
6,2724.0,215.48023074035524,0.7257944971366944,0.943213296398892,0.7372284787048066,1.5693554322414134,52,72,127.8953744493392,7.852326032811762,livecell_phase__train-Huh7_Phase_A11_1_02d04h00m_4.png
7,2580.0,205.3380951166243,0.5827122056839142,0.9347826086956522,0.7689365633175044,-1.447969621544875,56,65,127.91356589147287,13.947127808481696,livecell_phase__train-Huh7_Phase_A11_1_02d04h00m_4.png
8,2480.0,231.20815280171308,0.8337193459626264,0.8614102118791247,0.5829821490701598,-1.190990612827802,60,80,127.93225806451613,9.049831119321587,livecell_phase__train-Huh7_Phase_A11_1_02d04h00m_4.png
9,2427.0,212.8528137423857,0.8023488223135853,0.9168870419342652,0.6731639485826573,0.4092107291119432,74,52,127.76679027606099,9.572441974914387,livecell_phase__train-Huh7_Phase_A11_1_02d04h00m_4.png
10,2424.0,211.29646455628165,0.8516164026858905,0.915753683415187,0.6822727386281142,-0.525000013757218,69,53,128.02021452145215,11.071885005623159,livecell_phase__train-Huh7_Phase_A11_1_02d04h00m_4.png
11,2457.0,203.9827560572969,0.7718975948455383,0.9800558436378142,0.7420413550563411,-0.12294588804682194,72,44,127.84086284086284,16.107529104192245,livecell_phase__train-Huh7_Phase_A11_1_02d04h00m_4.png
12,2303.0,201.62236636408616,0.861932387896151,0.9157057654075547,0.711912120231269,-0.8095836228916996,65,62,128.06252713851498,12.543714202636238,livecell_phase__train-Huh7_Phase_A11_1_02d04h00m_4.png
13,2225.0,241.27922061357853,0.9112419325021168,0.768566493955095,0.4802861208193995,-0.8732964966683182,64,80,128.05932584269664,11.809273997773982,livecell_phase__train-Huh7_Phase_A11_1_02d04h00m_4.png
14,2250.0,181.58073580374355,0.5619242615384334,0.9702457956015524,0.857536943422977,-0.3504037041636319,61,52,127.92577777777778,7.635082911254362,livecell_phase__train-Huh7_Phase_A11_1_02d04h00m_4.png
15,2176.0,198.1370849898476,0.7365898795553,0.9216433714527742,0.6965258138663117,-0.6633725891032067,64,61,127.77849264705883,10.500508422912283,livecell_phase__train-Huh7_Phase_A11_1_02d04h00m_4.png
16,1460.0,315.0071426749364,0.6895245271931982,0.4246655031995346,0.18489361640193164,0.9117436566166376,78,70,128.3308219178082,6.5576063235234034,livecell_phase__train-Huh7_Phase_A11_1_02d04h00m_4.png
17,1951.0,179.78174593052023,0.6400811879172373,0.9466278505579816,0.7585355613028189,-0.8807558661693399,51,54,127.67555099948744,11.193961719438567,livecell_phase__train-Huh7_Phase_A11_1_02d04h00m_4.png
18,2127.0,183.53910524340094,0.6903157149883699,0.9685792349726776,0.7934510397177471,-1.1932429449279307,48,61,127.73248707099201,14.978605415380105,livecell_phase__train-Huh7_Phase_A11_1_02d04h00m_4.png
19,2072.0,218.8528137423857,0.9152697062903957,0.819620253164557,0.5436198994160173,1.0800613081745154,52,71,127.82915057915058,11.008497930762926,livecell_phase__train-Huh7_Phase_A11_1_02d04h00m_4.png
20,2053.0,194.33809511662426,0.6649830782614238,0.9072028281042863,0.6830978688147589,-0.7249026740657919,57,53,127.84413054067218,12.216071472755853,livecell_phase__train-Huh7_Phase_A11_1_02d04h00m_4.png
21,2027.0,203.8233764908628,0.7669405931330867,0.8782495667244368,0.6131343241517675,0.053973218862975125,70,45,127.71978293043907,11.881399539179503,livecell_phase__train-Huh7_Phase_A11_1_02d04h00m_4.png
22,2058.0,195.16652224137044,0.5601522820880306,0.891681109185442,0.6789606232620328,-0.017982847468414317,58,54,127.80660835762876,10.637434817555114,livecell_phase__train-Huh7_Phase_A11_1_02d04h00m_4.png
23,2025.0,184.40916292848976,0.7870290810296137,0.9569943289224953,0.7482899261738603,-1.0102217503398865,50,65,127.63604938271605,19.70381636775859,livecell_phase__train-Huh7_Phase_A11_1_02d04h00m_4.png
24,1978.0,179.82337649086284,0.7405595603861231,0.9500480307396734,0.7686769446490573,-0.002330434484552804,67,46,127.77603640040445,11.529927299052032,livecell_phase__train-Huh7_Phase_A11_1_02d04h00m_4.png
25,1911.0,172.75230867899737,0.7541953827718778,0.9651515151515152,0.8046793028727748,-0.1291908359613965,63,45,127.79696493982209,14.750838740073815,livecell_phase__train-Huh7_Phase_A11_1_02d04h00m_4.png
26,1844.0,180.70458146424488,0.788163705922718,0.9266331658291457,0.7096307948660266,-1.5477607571725043,38,61,127.27548806941432,15.947345097261776,livecell_phase__train-Huh7_Phase_A11_1_02d04h00m_4.png
27,1857.0,173.4386001800126,0.5575512916905238,0.9225037257824144,0.7757651190291088,-0.11625468861426763,55,51,127.99569197630586,16.6425884046819,livecell_phase__train-Huh7_Phase_A11_1_02d04h00m_4.png
28,1760.0,173.78174593052023,0.8061233257214087,0.946236559139785,0.7323424684968118,-1.338936550137529,41,63,127.88352272727273,10.972204607736264,livecell_phase__train-Huh7_Phase_A11_1_02d04h00m_4.png
29,1758.0,170.16652224137047,0.7009653287205526,0.9421221864951769,0.7629226147394312,-1.4294826018343274,46,61,127.839590443686,11.23831119486296,livecell_phase__train-Huh7_Phase_A11_1_02d04h00m_4.png
30,1750.0,158.18376618407356,0.5885970194372303,0.9909399773499433,0.8788688863622822,0.12630382837805562,49,40,127.504,15.462830493061187,livecell_phase__train-Huh7_Phase_A11_1_02d04h00m_4.png
31,1729.0,163.1543289325507,0.5956968655695322,0.9621591541457986,0.8162207940912288,1.2999830925769522,43,50,128.11220358588778,19.61966637235124,livecell_phase__train-Huh7_Phase_A11_1_02d04h00m_4.png
32,1576.0,164.61017305526642,0.6895601177580568,0.9189504373177843,0.7308912020610061,-1.2247425950702693,46,54,127.98667512690355,11.790598944200646,livecell_phase__train-Huh7_Phase_A11_1_02d04h00m_4.png
33,1610.0,155.59797974644667,0.583585820270414,0.9793187347931873,0.8356565705281215,0.9357024471641298,42,46,127.77639751552795,13.809023584733298,livecell_phase__train-Huh7_Phase_A11_1_02d04h00m_4.png
34,1634.0,184.75230867899737,0.8202520359520977,0.8770799785292539,0.6015644565787397,-0.5626258553208773,59,50,128.10648714810281,12.259422255926273,livecell_phase__train-Huh7_Phase_A11_1_02d04h00m_4.png
35,1603.0,155.095454429505,0.6260431123466608,0.9645006016847172,0.8374236989031124,0.38427683756957687,55,43,127.78602620087337,14.310643404537757,livecell_phase__train-Huh7_Phase_A11_1_02d04h00m_4.png
36,1579.0,171.05382386916236,0.5074982764700433,0.8690148596587782,0.6781510205542592,1.1916625342697458,44,54,127.33185560481317,26.52748533007513,livecell_phase__train-Huh7_Phase_A11_1_02d04h00m_4.png
37,1588.0,183.1959594928933,0.8690318272656307,0.9205797101449276,0.5946050324424668,-0.570900104519638,62,48,127.96347607052897,7.754006099234052,livecell_phase__train-Huh7_Phase_A11_1_02d04h00m_4.png
38,1579.0,157.29646455628165,0.6431065106332514,0.9587128111718276,0.8019625188621609,-1.4057859073391021,41,54,128.22039265357822,12.706341346829042,livecell_phase__train-Huh7_Phase_A11_1_02d04h00m_4.png
39,1344.0,183.37972567696687,0.9569432310583021,0.874430709173715,0.5022344455340292,-0.8350337515150317,56,62,127.546875,9.14170221572775,livecell_phase__train-Huh7_Phase_A11_1_02d04h00m_4.png
40,1438.0,157.78174593052023,0.5617302966615394,0.9141767323585506,0.7258639625207344,0.3352335615900571,50,44,127.75521557719054,13.69856889988322,livecell_phase__train-Huh7_Phase_A11_1_02d04h00m_4.png
41,1394.0,147.4386001800126,0.6508654852696499,0.9463679565512559,0.8058426329563922,1.2500372632856633,42,50,127.57747489239598,14.717232716021,livecell_phase__train-Huh7_Phase_A11_1_02d04h00m_4.png
42,1348.0,148.12489168102783,0.786663467716544,0.9573863636363636,0.7720468665744163,-1.3326853538001644,37,54,127.64762611275964,10.349014144892623,livecell_phase__train-Huh7_Phase_A11_1_02d04h00m_4.png
43,1319.0,173.64570696119915,0.5356578129537102,0.866622864651774,0.5497010393542464,0.12917976137272938,56,42,127.79681576952237,18.16468231398585,livecell_phase__train-Huh7_Phase_A11_1_02d04h00m_4.png
44,1260.0,159.88225099390854,0.5010170438148995,0.8542372881355932,0.619412408147665,0.6590822537610828,43,52,127.25079365079365,27.35818773014863,livecell_phase__train-Huh7_Phase_A11_1_02d04h00m_4.png
45,1233.0,152.42640687119285,0.5562608504532718,0.8726114649681529,0.6668874064637283,-1.0237164841409863,37,44,128.0616382806164,6.273136607465445,livecell_phase__train-Huh7_Phase_A11_1_02d04h00m_4.png
46,1166.0,134.5685424949238,0.6844277609478777,0.9456609894566099,0.8091356143904872,0.5344135281131923,41,39,127.9442538593482,12.80562485292326,livecell_phase__train-Huh7_Phase_A11_1_02d04h00m_4.png
47,1190.0,158.95331880577402,0.7570264267882919,0.85,0.5918581405165695,0.8566553760499501,47,48,127.67647058823529,16.975128647090408,livecell_phase__train-Huh7_Phase_A11_1_02d04h00m_4.png
48,1171.0,129.63961030678928,0.3604390053974777,0.9677685950413223,0.8755709124306744,-0.10900127995570238,42,38,126.91289496157131,29.81026129199894,livecell_phase__train-Huh7_Phase_A11_1_02d04h00m_4.png
49,1120.0,153.4386001800126,0.7611021712737499,0.8414725770097671,0.5978037446503728,-1.0773282900544994,44,49,128.40535714285716,14.015105621676017,livecell_phase__train-Huh7_Phase_A11_1_02d04h00m_4.png
50,993.0,122.18376618407356,0.8123137741458214,0.9612778315585673,0.835857218089923,0.10290572946548611,44,27,127.58912386706949,12.965690356580454,livecell_phase__train-Huh7_Phase_A11_1_02d04h00m_4.png
51,984.0,137.095454429505,0.915132163394666,0.9544131910766246,0.6578984323354874,-0.841617714678115,43,46,128.3689024390244,12.512395821818616,livecell_phase__train-Huh7_Phase_A11_1_02d04h00m_4.png
52,902.0,116.91168824543142,0.7218756662716804,0.9626467449306296,0.8292787516287208,-0.7200937333481124,35,36,126.04656319290466,34.73379991102774,livecell_phase__train-Huh7_Phase_A11_1_02d04h00m_4.png
53,893.0,117.78174593052023,0.7368470340428028,0.9429778247096093,0.808919579397377,-0.9623887686845175,35,42,127.48152295632698,24.683550273807327,livecell_phase__train-Huh7_Phase_A11_1_02d04h00m_4.png
54,894.0,114.8111831820431,0.39733793858111344,0.952076677316294,0.8522735248702128,0.5687873429289533,38,34,126.78299776286353,28.715450041796373,livecell_phase__train-Huh7_Phase_A11_1_02d04h00m_4.png
55,791.0,120.76955262170047,0.869259789363898,0.9634591961023142,0.6815087442374812,-0.15379282619888812,46,24,127.77370417193426,4.846113962706626,livecell_phase__train-Huh7_Phase_A11_1_02d04h00m_4.png
56,794.0,121.49747468305833,0.72303814468079,0.8792912513842747,0.6759208822302344,0.2255303924356246,39,31,127.48866498740554,36.361680184985566,livecell_phase__train-Huh7_Phase_A11_1_02d04h00m_4.png
57,722.0,101.39696961966999,0.619466701406468,0.9691275167785235,0.8824642289678261,-0.7082326132947785,33,32,127.90443213296399,26.37835735198241,livecell_phase__train-Huh7_Phase_A11_1_02d04h00m_4.png
58,522.0,98.59797974644667,0.7121284133992652,0.9439421338155516,0.67475223876517,-0.192502767275496,38,23,127.83908045977012,7.524224321806682,livecell_phase__train-Huh7_Phase_A11_1_02d04h00m_4.png
59,445.0,77.94112549695427,0.5900874976736115,0.96529284164859,0.9205269956410829,-1.3542692683528472,22,26,127.98426966292135,24.561634918300253,livecell_phase__train-Huh7_Phase_A11_1_02d04h00m_4.png
60,312.0,80.5269119345812,0.8957984775692034,0.8188976377952756,0.6046198038836216,-1.4146058904440537,18,30,125.90064102564102,15.20542243359118,livecell_phase__train-Huh7_Phase_A11_1_02d04h00m_4.png
61,272.0,59.11269837220809,0.4729819297618886,0.9679715302491103,0.978176441832853,1.2560824192596285,18,20,128.85294117647058,34.47847355101882,livecell_phase__train-Huh7_Phase_A11_1_02d04h00m_4.png
1,9660.0,444.0904037956217,0.9082649360541915,0.9407869107908063,0.6155228969130649,0.0813929926226528,176,83,127.93198757763975,6.592865174172352,livecell_phase__train-Huh7_Phase_A11_1_02d12h00m_3.png
2,9306.0,423.4041122946064,0.6980225907188706,0.8804995742265115,0.652323116057537,-1.0621408178402065,107,131,127.81388351601117,10.858078895933136,livecell_phase__train-Huh7_Phase_A11_1_02d12h00m_3.png
3,8074.0,345.22034611053283,0.5432203392207493,0.9757099697885196,0.8513454941759505,0.13651798502471313,109,98,127.91503591776072,10.678584493609941,livecell_phase__train-Huh7_Phase_A11_1_02d12h00m_3.png
4,5066.0,287.6700935788387,0.6215868736006598,0.9421610563511251,0.7692820876598941,-0.5541327684135642,92,84,127.93012238452428,8.060461215264764,livecell_phase__train-Huh7_Phase_A11_1_02d12h00m_3.png
5,4640.0,282.208152801713,0.6914084152101357,0.945010183299389,0.7321308924945674,-0.7864343104726789,82,85,127.92995689655173,6.649511195273915,livecell_phase__train-Huh7_Phase_A11_1_02d12h00m_3.png
6,4141.0,240.79393923933998,0.1458677624470053,0.9794228949858089,0.8974783718051771,0.5737134394714288,72,75,127.85993721323352,9.789214893236023,livecell_phase__train-Huh7_Phase_A11_1_02d12h00m_3.png
7,3867.0,274.34419177103416,0.5006446044294698,0.9032936229852838,0.6456430731488525,0.052362596450103105,73,73,127.52779932764417,12.08107429982874,livecell_phase__train-Huh7_Phase_A11_1_02d12h00m_3.png
8,3609.0,253.0365799264593,0.7819794017526109,0.9400885647303986,0.7083210169208352,1.2334429518162238,63,86,127.97118315322804,5.76228561010838,livecell_phase__train-Huh7_Phase_A11_1_02d12h00m_3.png
9,3578.0,242.69343417595167,0.7927300843948882,0.9607948442534908,0.7633683435866787,0.009495381753864782,92,57,127.93068753493571,6.954873518161439,livecell_phase__train-Huh7_Phase_A11_1_02d12h00m_3.png
10,3314.0,263.92997820866105,0.8279674195241324,0.8364462392730944,0.5978399381241734,0.26414612813606403,89,63,127.95926372963187,13.079713599561732,livecell_phase__train-Huh7_Phase_A11_1_02d12h00m_3.png
11,3067.0,239.3380951166243,0.7942222523870535,0.9017935901205528,0.6728216840082667,-0.25710442527886884,79,57,127.74926638408868,13.5211337658536,livecell_phase__train-Huh7_Phase_A11_1_02d12h00m_3.png
12,3030.0,216.36753236814712,0.5511596616041864,0.9498432601880877,0.8133328404035195,-0.4970747213264737,66,58,127.59768976897689,17.365709010815284,livecell_phase__train-Huh7_Phase_A11_1_02d12h00m_3.png
13,2814.0,216.79393923933998,0.5636638672678677,0.9411371237458194,0.7523842290529331,0.6476558910400495,69,66,127.86851457000711,7.969588393267451,livecell_phase__train-Huh7_Phase_A11_1_02d12h00m_3.png
14,2892.0,214.3086578651014,0.5683351447578145,0.948507707445064,0.7912773231971971,1.3341937818934986,62,69,127.6884508990318,11.532836850318045,livecell_phase__train-Huh7_Phase_A11_1_02d12h00m_3.png
15,2462.0,194.46803743153546,0.6047164586458559,0.9628470864294094,0.818090689265234,0.7265801743154822,58,53,127.94069861900894,7.880539378299086,livecell_phase__train-Huh7_Phase_A11_1_02d12h00m_3.png
16,2476.0,222.48023074035524,0.8156298403297885,0.8727529080014099,0.6286047404696541,1.107100541892802,57,74,127.83642972536349,15.283491706922286,livecell_phase__train-Huh7_Phase_A11_1_02d12h00m_3.png
17,2487.0,219.23759005323592,0.607545260349218,0.8910784664994625,0.6502129431424133,0.10499148516591604,74,55,127.80176919983916,11.29064203638108,livecell_phase__train-Huh7_Phase_A11_1_02d12h00m_3.png
18,2402.0,207.82337649086284,0.8319270215836081,0.9002998500749625,0.6988662601203408,-0.7624616361310912,60,67,127.85428809325562,10.049979201237782,livecell_phase__train-Huh7_Phase_A11_1_02d12h00m_3.png
19,2527.0,214.65180361560903,0.4591780501509476,0.9129335260115607,0.6892011952381609,0.6258112912066519,69,62,127.8785120696478,10.947941410781597,livecell_phase__train-Huh7_Phase_A11_1_02d12h00m_3.png
20,2484.0,231.1543289325507,0.9052665204103613,0.9387755102040817,0.584194405096502,0.14789232572847869,85,44,127.52616747181965,19.450495598609677,livecell_phase__train-Huh7_Phase_A11_1_02d12h00m_3.png
21,2231.0,248.06601717798213,0.8866803089130059,0.8025179856115108,0.4555907380802358,-0.4187271002592631,91,55,127.61766024204393,17.361281726196424,livecell_phase__train-Huh7_Phase_A11_1_02d12h00m_3.png
22,2257.0,224.30256121069152,0.7336561755325941,0.8014914772727273,0.563732350201475,0.9085406672847706,64,58,128.0961453256535,9.791221925259956,livecell_phase__train-Huh7_Phase_A11_1_02d12h00m_3.png
23,1844.0,193.0538238691624,0.8124816046317372,0.8739336492890996,0.621747380592765,-0.5602315250329256,55,56,127.48698481561821,10.136880101745625,livecell_phase__train-Huh7_Phase_A11_1_02d12h00m_3.png
24,1757.0,190.12489168102786,0.8582016832518041,0.908949818934299,0.6108065228202686,0.5723294625741776,64,48,127.98577120091065,7.0764845125499285,livecell_phase__train-Huh7_Phase_A11_1_02d12h00m_3.png
25,1641.0,183.75230867899737,0.8587577277289461,0.8618697478991597,0.6107350382720808,0.49214068692262575,65,48,127.53199268738574,10.14917888520161,livecell_phase__train-Huh7_Phase_A11_1_02d12h00m_3.png
26,1654.0,159.6812408671319,0.5681079741981697,0.9621873182082606,0.8151500726791736,0.6096491877071994,51,49,127.98609431680774,8.452394613916407,livecell_phase__train-Huh7_Phase_A11_1_02d12h00m_3.png
27,1646.0,159.4386001800126,0.713237054857219,0.9705188679245284,0.8136783289846696,-0.6073056573373913,53,46,127.82260024301337,13.10153356737707,livecell_phase__train-Huh7_Phase_A11_1_02d12h00m_3.png
28,1620.0,177.67514421272202,0.8374689787387559,0.9142212189616253,0.6448690374205652,-1.549650063136339,39,65,127.97469135802469,7.3139458513914235,livecell_phase__train-Huh7_Phase_A11_1_02d12h00m_3.png
29,1480.0,150.22539674441617,0.7592958748051616,0.9673202614379085,0.8241093853201631,-0.0888500365120124,54,36,127.93716216216217,10.123799764732912,livecell_phase__train-Huh7_Phase_A11_1_02d12h00m_3.png
30,1501.0,246.86500705120545,0.6762424506609275,0.6264607679465777,0.3095077225306565,-0.46078200734618036,62,59,127.22318454363757,13.317529215123095,livecell_phase__train-Huh7_Phase_A11_1_02d12h00m_3.png
31,1407.0,143.39696961967,0.640845421112361,0.9757281553398058,0.8598526109125563,0.7119256162460074,43,43,127.5636105188344,18.277223502915465,livecell_phase__train-Huh7_Phase_A11_1_02d12h00m_3.png
32,1441.0,164.81118318204307,0.8805304095753854,0.9505277044854882,0.6666540017884394,-1.5298051438117977,32,64,127.92505204718945,8.730362344301705,livecell_phase__train-Huh7_Phase_A11_1_02d12h00m_3.png
33,1388.0,143.53910524340094,0.7947906053481278,0.9754040758959944,0.8465621764217746,-0.3684297792423906,53,36,127.47406340057637,16.084970392815993,livecell_phase__train-Huh7_Phase_A11_1_02d12h00m_3.png
34,1260.0,160.91168824543144,0.7575172372987882,0.9130434782608695,0.6115123415488387,0.5521096708341545,49,45,128.02698412698413,11.442994756607556,livecell_phase__train-Huh7_Phase_A11_1_02d12h00m_3.png
35,1232.0,133.63961030678928,0.6118740983915812,0.9632525410476935,0.86686240959181,-0.7017337545475812,41,41,127.88311688311688,12.304087089914816,livecell_phase__train-Huh7_Phase_A11_1_02d12h00m_3.png
36,1200.0,146.22539674441617,0.5406307333793298,0.9084027252081757,0.7052538948965702,1.0446778971937174,40,44,127.33333333333333,23.021777129974616,livecell_phase__train-Huh7_Phase_A11_1_02d12h00m_3.png
37,1233.0,182.12489168102786,0.9549344083191115,0.7863520408163265,0.4671263087838532,0.12618208993929597,73,29,128.13787510137874,9.80518099771879,livecell_phase__train-Huh7_Phase_A11_1_02d12h00m_3.png
38,1187.0,146.36753236814712,0.8752064689735324,0.9187306501547987,0.696259414992288,0.3879830863278765,54,37,127.87868576242629,7.906175310813404,livecell_phase__train-Huh7_Phase_A11_1_02d12h00m_3.png
39,916.0,143.73401871576772,0.9421944688976357,0.9662447257383966,0.5571680455118815,-1.4966211798920916,20,63,127.86353711790393,12.762182387005366,livecell_phase__train-Huh7_Phase_A11_1_02d12h00m_3.png
40,981.0,138.90559159102156,0.8873182419707595,0.8821942446043165,0.6389096011666194,-0.11543863532975064,47,27,128.1763506625892,20.75856286076211,livecell_phase__train-Huh7_Phase_A11_1_02d12h00m_3.png
41,927.0,159.25483399593904,0.9573675731679828,0.9596273291925466,0.459308360565751,-0.08424847225596825,71,21,127.86515641855448,11.433978420304383,livecell_phase__train-Huh7_Phase_A11_1_02d12h00m_3.png
42,846.0,121.29646455628165,0.8829520346632419,0.9494949494949495,0.7225766808840602,1.0429368105713348,34,43,128.01418439716312,12.180858806402195,livecell_phase__train-Huh7_Phase_A11_1_02d12h00m_3.png
43,726.0,117.01219330881976,0.6932618684223074,0.9189873417721519,0.6663221414123389,1.336178263579374,27,43,127.68870523415978,16.534113969906656,livecell_phase__train-Huh7_Phase_A11_1_02d12h00m_3.png
44,496.0,83.698484809835,0.5533411338124792,0.9520153550863724,0.889726136231814,-1.3531093594319001,24,26,127.86693548387096,11.644361931951844,livecell_phase__train-Huh7_Phase_A11_1_02d12h00m_3.png
45,403.0,79.94112549695427,0.5727740877209592,0.909706546275395,0.7924546047095522,-0.3656801620767135,26,21,127.35980148883375,19.29713003926119,livecell_phase__train-Huh7_Phase_A11_1_02d12h00m_3.png
46,243.0,66.2842712474619,0.8106931410749559,0.8379310344827586,0.6950165813733207,0.8770338741778189,20,21,125.62551440329219,27.643000573426672,livecell_phase__train-Huh7_Phase_A11_1_02d12h00m_3.png
47,179.0,47.55634918610404,0.613977873556971,0.9728260869565217,0.9945941043401909,-0.24785977005531246,16,13,125.96648044692738,32.76612562039347,livecell_phase__train-Huh7_Phase_A11_1_02d12h00m_3.png
1,7912.0,387.309703885628,0.5045853984794981,0.9069234296194406,0.6627952483067161,-0.33606260180823794,122,121,128.05940343781597,6.143836261828769,livecell_phase__train-Huh7_Phase_A11_1_03d08h00m_3.png
2,6949.0,394.4102089490163,0.7745134036436938,0.8600247524752476,0.5613527832114539,-0.06368159962062721,138,105,127.81781551302346,10.187855281069547,livecell_phase__train-Huh7_Phase_A11_1_03d08h00m_3.png
3,5805.0,450.5756851698602,0.8554302853640532,0.8987459359033906,0.3593160233031448,1.2974336391049988,69,128,127.9798449612403,5.413554333208325,livecell_phase__train-Huh7_Phase_A11_1_03d08h00m_3.png
4,6238.0,349.5046173579947,0.8622138158120293,0.8703781219478164,0.6417256508916095,0.33676473404278245,124,89,127.94998396922091,10.916515478636878,livecell_phase__train-Huh7_Phase_A11_1_03d08h00m_3.png
5,5251.0,333.5218613006978,0.8003759782682381,0.9410394265232975,0.593202907077363,0.04959997688658748,117,78,127.95619881927252,6.642343318634157,livecell_phase__train-Huh7_Phase_A11_1_03d08h00m_3.png
6,4895.0,361.90663761154804,0.7161740594754934,0.8180147058823529,0.46964474072547324,-0.25334797200414505,115,98,127.94749744637384,6.0192321468043755,livecell_phase__train-Huh7_Phase_A11_1_03d08h00m_3.png
7,4266.0,269.5218613006978,0.6731717084463119,0.937170474516696,0.73797681998047,-0.5722710028057955,87,76,127.89357712142522,9.214479372245075,livecell_phase__train-Huh7_Phase_A11_1_03d08h00m_3.png
8,3730.0,258.26093065034894,0.6503715462665117,0.9471813103098019,0.7027506766767417,1.2122823810919996,59,85,128.08418230563004,9.095023633525017,livecell_phase__train-Huh7_Phase_A11_1_03d08h00m_3.png
9,3726.0,262.8355697996826,0.8769373835697428,0.9387755102040817,0.6777732710835688,0.7760376261477331,82,81,127.84702093397746,9.311176857658864,livecell_phase__train-Huh7_Phase_A11_1_03d08h00m_3.png
10,3535.0,240.73506473629425,0.7021265550217295,0.9472132904608789,0.7665148558842038,0.5169925002485317,82,71,127.96520509193776,9.513612970222598,livecell_phase__train-Huh7_Phase_A11_1_03d08h00m_3.png
11,3532.0,262.8772003600252,0.923123024490882,0.9660831509846827,0.6422804709748802,0.6311191579629851,96,72,127.88420158550396,9.142133590264356,livecell_phase__train-Huh7_Phase_A11_1_03d08h00m_3.png
12,3633.0,282.208152801713,0.9415277488870958,0.9555497106785902,0.5732395544036128,0.24691606563596205,118,50,128.07899807321772,7.268669831620385,livecell_phase__train-Huh7_Phase_A11_1_03d08h00m_3.png
13,3248.0,231.78174593052023,0.7610120461314307,0.9550132314025287,0.7597442549965977,0.9732016006266145,67,67,127.83559113300493,9.972008324305586,livecell_phase__train-Huh7_Phase_A11_1_03d08h00m_3.png
14,3185.0,253.7645019878171,0.7464574645975771,0.9337437701553797,0.6215235081719579,1.0081463397966348,62,83,127.86844583987441,8.251043011122865,livecell_phase__train-Huh7_Phase_A11_1_03d08h00m_3.png
15,3166.0,247.48023074035524,0.7711589256144332,0.8920822766976613,0.6495906273146658,0.4819453191014683,82,63,127.97409981048642,13.572480101431205,livecell_phase__train-Huh7_Phase_A11_1_03d08h00m_3.png
16,3017.0,232.1370849898476,0.6973951285829422,0.9008659301283966,0.7035518689096578,0.4760280387799051,71,65,127.73019555850182,13.648147085033077,livecell_phase__train-Huh7_Phase_A11_1_03d08h00m_3.png
17,2957.0,273.19090885900994,0.9364657612065761,0.9081695331695332,0.49788461058627304,-0.7722131156871908,88,87,127.5306053432533,17.58929563702233,livecell_phase__train-Huh7_Phase_A11_1_03d08h00m_3.png
18,2823.0,239.6812408671319,0.8787463477314507,0.9697698385434559,0.6175223111143973,-0.08011242769543798,93,47,127.90577399929154,6.871703592779959,livecell_phase__train-Huh7_Phase_A11_1_03d08h00m_3.png
19,2769.0,253.51576464628795,0.8238269259339015,0.7904653154439052,0.5414057680193212,1.1745333330315797,68,82,127.84290357529794,7.529661175626566,livecell_phase__train-Huh7_Phase_A11_1_03d08h00m_3.png
20,2630.0,222.40916292848976,0.8046720288717193,0.8849259757738897,0.6681289057715685,0.011444265200126352,80,51,127.57072243346008,13.919600012108871,livecell_phase__train-Huh7_Phase_A11_1_03d08h00m_3.png
21,2490.0,195.86500705120545,0.5920726011903449,0.95695618754804,0.8156343471874168,-0.14731952437486245,69,55,127.97951807228915,13.656984846923978,livecell_phase__train-Huh7_Phase_A11_1_03d08h00m_3.png
22,2451.0,210.71067811865476,0.6885789638943893,0.9256042296072508,0.6937134034747413,-1.0286688193977862,54,67,127.66870665034679,14.818788313034801,livecell_phase__train-Huh7_Phase_A11_1_03d08h00m_3.png
23,2262.0,237.23149339882605,0.9019586705446735,0.8273591806876371,0.5050772172415231,1.4375735675759453,45,84,127.78470380194518,10.380986299383471,livecell_phase__train-Huh7_Phase_A11_1_03d08h00m_3.png
24,2195.0,206.4386001800126,0.8414654261477917,0.9412521440823327,0.6472358692841244,-0.21153433002730382,78,44,128.05056947608202,9.674318133003853,livecell_phase__train-Huh7_Phase_A11_1_03d08h00m_3.png
25,2312.0,207.3797256769669,0.768944169892048,0.895429899302866,0.6755618284345812,1.5455156830780696,52,75,127.9757785467128,12.964962158488072,livecell_phase__train-Huh7_Phase_A11_1_03d08h00m_3.png
26,2159.0,192.54520189781084,0.7596998572720555,0.9191145168156662,0.731807919178352,-0.19290836735493191,71,47,127.27512737378416,15.408300884469748,livecell_phase__train-Huh7_Phase_A11_1_03d08h00m_3.png
27,2058.0,228.74621202458746,0.9165184937327162,0.7876004592422503,0.49425083586067087,-0.15383779546713314,79,46,128.01700680272108,7.335908354840883,livecell_phase__train-Huh7_Phase_A11_1_03d08h00m_3.png
28,1996.0,186.54520189781084,0.7958160980035076,0.9559386973180076,0.7207791823308288,1.3765287877130874,46,69,127.99298597194388,8.876290213693954,livecell_phase__train-Huh7_Phase_A11_1_03d08h00m_3.png
29,2015.0,204.82337649086284,0.8872369594061005,0.9196713829301689,0.6035675356989201,-1.495913856539897,40,83,128.10024813895782,8.995111710139078,livecell_phase__train-Huh7_Phase_A11_1_03d08h00m_3.png
30,1962.0,206.4386001800126,0.9026251445838908,0.8857787810383747,0.5785315606084064,0.25891479413962826,78,42,127.88888888888889,10.887895479867483,livecell_phase__train-Huh7_Phase_A11_1_03d08h00m_3.png
31,1919.0,188.48023074035524,0.8301480903010708,0.8691123188405797,0.6788178114303334,-0.9754201229935519,53,62,127.64721208963002,14.463087777827386,livecell_phase__train-Huh7_Phase_A11_1_03d08h00m_3.png
32,1799.0,169.25483399593904,0.4227818672107054,0.9443569553805774,0.7891487355745985,-1.1917573925223244,42,49,127.91550861589772,15.686250450683412,livecell_phase__train-Huh7_Phase_A11_1_03d08h00m_3.png
33,1899.0,180.71067811865476,0.8657692447339725,0.9673968415690269,0.7307472632863229,0.10374593567428662,71,36,128.01948393891522,10.067865529562791,livecell_phase__train-Huh7_Phase_A11_1_03d08h00m_3.png
34,1882.0,208.08326112068525,0.8305333287318353,0.8073788073788074,0.5462043970085542,0.06039200720992093,63,46,128.0595111583422,9.510979581433284,livecell_phase__train-Huh7_Phase_A11_1_03d08h00m_3.png
35,1829.0,203.29646455628165,0.919116465863986,0.9754666666666667,0.5561141138528363,-1.3371316254416237,34,85,128.07217058501914,5.194756655523191,livecell_phase__train-Huh7_Phase_A11_1_03d08h00m_3.png
36,1875.0,242.06601717798213,0.5041528831768627,0.6535378180550715,0.4021087160271106,1.4579380572761482,61,70,127.94026666666667,11.033266300702717,livecell_phase__train-Huh7_Phase_A11_1_03d08h00m_3.png
37,1750.0,179.4386001800126,0.5299932835201125,0.9318423855165069,0.6829928661230307,0.6876553786036848,55,54,127.92228571428572,18.281504015294377,livecell_phase__train-Huh7_Phase_A11_1_03d08h00m_3.png
38,1702.0,191.4386001800126,0.9032572713213216,0.9190064794816415,0.583593437689041,0.12356565968098063,76,32,128.2021151586369,14.390689157282257,livecell_phase__train-Huh7_Phase_A11_1_03d08h00m_3.png
39,1719.0,178.23759005323592,0.6480170191972162,0.8770408163265306,0.6799659066488994,0.2724297301784367,63,50,127.87725421756835,11.034060668937181,livecell_phase__train-Huh7_Phase_A11_1_03d08h00m_3.png
40,1757.0,169.9827560572969,0.6560566969733268,0.9471698113207547,0.7641381674336977,0.6335275201105016,50,46,127.89299943084804,8.703223089276667,livecell_phase__train-Huh7_Phase_A11_1_03d08h00m_3.png
41,1737.0,177.0538238691624,0.6814660479007464,0.8981385729058945,0.6963042740665528,1.0267341623182065,51,51,127.66724237190559,11.62699066695529,livecell_phase__train-Huh7_Phase_A11_1_03d08h00m_3.png
42,1668.0,198.44469683442247,0.8717516119138236,0.8820729772607087,0.5322637818414242,-0.32430952219851633,75,46,128.0353717026379,12.734536234635229,livecell_phase__train-Huh7_Phase_A11_1_03d08h00m_3.png
43,1673.0,188.8528137423857,0.8943648087422934,0.8722627737226277,0.589466169662693,1.3236621688576475,40,72,127.61326957561268,12.599224480527049,livecell_phase__train-Huh7_Phase_A11_1_03d08h00m_3.png
44,1652.0,188.3086578651014,0.9055272953513529,0.9142224681793027,0.5854358734488977,-0.44416717921469184,71,47,127.78753026634382,7.980546229017832,livecell_phase__train-Huh7_Phase_A11_1_03d08h00m_3.png
45,1614.0,179.4386001800126,0.9115999668823039,0.9775893397940641,0.6299145633843266,-0.2955926204164774,75,34,127.91511771995043,9.90942159696467,livecell_phase__train-Huh7_Phase_A11_1_03d08h00m_3.png
46,1606.0,194.36753236814712,0.9526277407720997,0.9114642451759364,0.5342050176364148,-0.32118317214061926,76,38,127.62017434620175,15.607145965870552,livecell_phase__train-Huh7_Phase_A11_1_03d08h00m_3.png
47,1539.0,153.9827560572969,0.7928523608164588,0.9667085427135679,0.8156508755416957,1.3503091579952622,37,54,127.87004548408058,8.171568688185976,livecell_phase__train-Huh7_Phase_A11_1_03d08h00m_3.png
48,1510.0,165.99494936611666,0.7050340282424417,0.9246785058175138,0.6886476390503965,-1.0140793686839853,45,58,128.61721854304636,12.700335092775909,livecell_phase__train-Huh7_Phase_A11_1_03d08h00m_3.png
49,1400.0,174.0243866176395,0.6616720373724236,0.8968609865470852,0.5809218026424378,-0.6281186029268806,57,49,127.90357142857142,11.315854305949214,livecell_phase__train-Huh7_Phase_A11_1_03d08h00m_3.png
50,1442.0,204.7878425849301,0.9259735251493014,0.8532544378698225,0.43208260521760244,-0.8394005500020613,56,69,127.63106796116504,13.659971391464586,livecell_phase__train-Huh7_Phase_A11_1_03d08h00m_3.png
51,1404.0,148.99494936611666,0.26562967666519716,0.932890365448505,0.794756114629569,-0.9481004583619355,47,50,127.38105413105413,16.712226959413243,livecell_phase__train-Huh7_Phase_A11_1_03d08h00m_3.png
52,1369.0,166.40916292848976,0.7803910704791003,0.8362858888210141,0.6212391833457219,0.5529080621449299,57,49,127.70708546384222,14.738418991000144,livecell_phase__train-Huh7_Phase_A11_1_03d08h00m_3.png
53,1419.0,150.46803743153546,0.6939262580948827,0.946,0.7875964438514168,1.5392658278745126,40,51,128.0169133192389,7.193372276462473,livecell_phase__train-Huh7_Phase_A11_1_03d08h00m_3.png
54,1396.0,153.58073580374355,0.6267150873289362,0.929427430093209,0.7437411216165727,-0.9161946850902972,47,52,127.74928366762178,14.41083267340011,livecell_phase__train-Huh7_Phase_A11_1_03d08h00m_3.png
55,1450.0,274.68733752154174,0.9122450893074495,0.5346607669616519,0.24149079794355002,-0.0061229385044793225,85,46,127.13586206896552,16.224380019447825,livecell_phase__train-Huh7_Phase_A11_1_03d08h00m_3.png
56,1307.0,137.698484809835,0.47340376068112205,0.9804951237809453,0.8662178495916392,-1.0609303039225402,37,40,127.45677123182861,13.91537181474557,livecell_phase__train-Huh7_Phase_A11_1_03d08h00m_3.png
57,1340.0,151.58073580374355,0.7965761393982225,0.9585121602288984,0.7328694876381028,0.3226283255176031,58,40,128.04850746268656,11.620486509933922,livecell_phase__train-Huh7_Phase_A11_1_03d08h00m_3.png
58,1327.0,140.75230867899737,0.5814260695994641,0.9595083152566883,0.8417240434282734,0.5479148773842851,48,44,127.69404672192917,17.80370618743095,livecell_phase__train-Huh7_Phase_A11_1_03d08h00m_3.png
59,1201.0,142.53910524340094,0.5576113089347235,0.9023290758827949,0.7428220978176358,0.31001396123668856,46,43,127.64862614487927,20.45009197150256,livecell_phase__train-Huh7_Phase_A11_1_03d08h00m_3.png
60,1244.0,144.98885271170678,0.5597803481373963,0.924219910846954,0.743637047203646,0.5578192294809587,48,43,127.7459807073955,10.301863920864069,livecell_phase__train-Huh7_Phase_A11_1_03d08h00m_3.png
61,1187.0,148.71067811865476,0.7905146496003198,0.8871449925261584,0.6744911799710369,0.6668728403303901,44,47,127.63437236731255,16.58374163484019,livecell_phase__train-Huh7_Phase_A11_1_03d08h00m_3.png
62,1234.0,153.1543289325507,0.7609922570235453,0.8764204545454546,0.6610989543974423,0.21621323732873135,52,32,128.01458670988654,11.380402609969902,livecell_phase__train-Huh7_Phase_A11_1_03d08h00m_3.png
63,1200.0,154.09545442950497,0.8973425186633495,0.918133129303749,0.6350551674671592,0.4964068796770843,62,36,127.92333333333333,11.541336818391342,livecell_phase__train-Huh7_Phase_A11_1_03d08h00m_3.png
64,1037.0,138.36143571373725,0.7559370587390115,0.9478976234003657,0.6807043104717798,0.42752266519797333,48,32,126.6470588235294,20.13045265123222,livecell_phase__train-Huh7_Phase_A11_1_03d08h00m_3.png
65,1183.0,158.75230867899737,0.8562814285201209,0.8284313725490197,0.5898675551340339,0.49544301128328744,54,46,127.82671174978867,9.944795888562968,livecell_phase__train-Huh7_Phase_A11_1_03d08h00m_3.png
66,1177.0,162.7878425849301,0.7335057308280873,0.7995923913043478,0.5581390280981223,0.7390549574116941,53,51,129.22429906542055,12.974217457955945,livecell_phase__train-Huh7_Phase_A11_1_03d08h00m_3.png
67,1131.0,139.67514421272202,0.38880018430097996,0.9120967741935484,0.7285078101209843,-0.269491954752966,40,41,127.79575596816976,18.74954333964727,livecell_phase__train-Huh7_Phase_A11_1_03d08h00m_3.png
68,1082.0,139.4386001800126,0.9047681752749275,0.9634906500445236,0.6993121861531745,0.616844209227634,49,40,127.69131238447319,9.370821229446536,livecell_phase__train-Huh7_Phase_A11_1_03d08h00m_3.png
69,1092.0,135.63961030678928,0.854738067863141,0.9357326478149101,0.7458636388438663,0.5719645418933322,45,38,127.98809523809524,12.032421298556164,livecell_phase__train-Huh7_Phase_A11_1_03d08h00m_3.png
70,1100.0,147.46803743153546,0.674812186344988,0.9105960264900662,0.6356334564734357,0.1466485141408106,54,36,128.11818181818182,15.337198877940118,livecell_phase__train-Huh7_Phase_A11_1_03d08h00m_3.png
71,1095.0,142.3380951166243,0.5984149898320258,0.9034653465346535,0.6791749888520786,-1.359181909329669,41,52,128.04383561643834,8.38338735008484,livecell_phase__train-Huh7_Phase_A11_1_03d08h00m_3.png
72,1031.0,133.39696961967,0.7882808176385684,0.9205357142857142,0.7280758093588607,0.4468846747075678,45,34,126.85645004849661,23.593155943587657,livecell_phase__train-Huh7_Phase_A11_1_03d08h00m_3.png
73,1067.0,146.22539674441617,0.6102570973816829,0.9384344766930519,0.627088254878867,-0.872141274791674,44,44,127.89690721649484,11.401452570022833,livecell_phase__train-Huh7_Phase_A11_1_03d08h00m_3.png
74,1000.0,158.3380951166243,0.9358522319367154,0.8928571428571429,0.5012322799440807,0.6170287280815968,55,44,127.37,16.11977357161074,livecell_phase__train-Huh7_Phase_A11_1_03d08h00m_3.png
75,985.0,135.63961030678928,0.7417148681469496,0.8818263205013429,0.672779930642132,-0.5413013082366365,42,36,127.50659898477157,20.35791935123204,livecell_phase__train-Huh7_Phase_A11_1_03d08h00m_3.png
76,978.0,129.92388155425118,0.8768188601112008,0.9578844270323212,0.7280659909965473,0.7917430188705185,43,43,128.00204498977504,7.2987656119441615,livecell_phase__train-Huh7_Phase_A11_1_03d08h00m_3.png
77,908.0,123.53910524340095,0.8484234838158361,0.9487983281086729,0.7476301541435941,0.8969901268411077,38,41,128.49008810572687,8.102381141889639,livecell_phase__train-Huh7_Phase_A11_1_03d08h00m_3.png
78,894.0,129.43250352560273,0.8279746274404962,0.8957915831663327,0.6705955694671658,0.6085721745206115,39,39,128.24496644295303,17.015368508822956,livecell_phase__train-Huh7_Phase_A11_1_03d08h00m_3.png
79,897.0,130.67514421272202,0.8229962830627772,0.9015075376884422,0.6601100289239493,0.6151169124340695,47,35,127.73021181716834,12.58260160562337,livecell_phase__train-Huh7_Phase_A11_1_03d08h00m_3.png
80,867.0,119.53910524340094,0.8189091431547614,0.9312567132116004,0.7624457710292202,0.6491086729403237,40,37,127.68512110726644,15.082282511164506,livecell_phase__train-Huh7_Phase_A11_1_03d08h00m_3.png
81,901.0,117.53910524340094,0.5837410177328877,0.9474237644584648,0.8195395072292071,-0.10851174132314166,42,34,128.1465038845727,15.040849353158661,livecell_phase__train-Huh7_Phase_A11_1_03d08h00m_3.png
82,880.0,124.84671708797582,0.8509889089714296,0.9361702127659575,0.709476937200031,0.5570525294954723,44,33,127.73068181818182,21.64562656831915,livecell_phase__train-Huh7_Phase_A11_1_03d08h00m_3.png
83,836.0,109.08326112068522,0.6383592491687023,0.9698375870069605,0.8828764152975889,0.37247396877529276,36,29,128.6818181818182,19.74276451668308,livecell_phase__train-Huh7_Phase_A11_1_03d08h00m_3.png
84,874.0,147.88225099390854,0.8740183880085728,0.7817531305903399,0.5022144351719537,0.5586272356505685,50,37,127.49885583524028,10.25055107386375,livecell_phase__train-Huh7_Phase_A11_1_03d08h00m_3.png
85,818.0,110.66904755831214,0.6096598504047334,0.9796407185628743,0.8392876315529891,-1.4260609659696337,30,37,127.4718826405868,21.84066140453841,livecell_phase__train-Huh7_Phase_A11_1_03d08h00m_3.png
86,835.0,138.67514421272202,0.6908296329712134,0.7482078853046595,0.545631063270064,-1.456158787689948,34,42,128.56407185628743,15.086311444512363,livecell_phase__train-Huh7_Phase_A11_1_03d08h00m_3.png
87,418.0,161.29036790187178,0.7419807658518925,0.5018007202881153,0.20191532424883601,0.3463809830642037,35,28,128.08373205741626,13.771379149504343,livecell_phase__train-Huh7_Phase_A11_1_03d08h00m_3.png
88,788.0,129.9116882454314,0.8096368969089767,0.7801980198019802,0.5867318017799713,0.2803135942939971,39,36,128.62817258883248,18.951583200292905,livecell_phase__train-Huh7_Phase_A11_1_03d08h00m_3.png
89,728.0,123.59797974644665,0.9140094717588811,0.9771812080536912,0.5988506139182966,-0.11186081085386967,52,20,127.7815934065934,8.080490797407636,livecell_phase__train-Huh7_Phase_A11_1_03d08h00m_3.png
90,740.0,109.43250352560273,0.5749660260885401,0.9355246523388117,0.7765133275552827,-1.2673455572828203,33,37,127.7418918918919,20.37392681144316,livecell_phase__train-Huh7_Phase_A11_1_03d08h00m_3.png
91,715.0,97.94112549695429,0.27715995658162323,0.9794520547945206,0.9366680896258993,1.2574831392345889,29,29,126.92727272727272,25.058204082948215,livecell_phase__train-Huh7_Phase_A11_1_03d08h00m_3.png
92,740.0,119.63961030678927,0.91172674774411,0.9343434343434344,0.6496681922335533,0.40590673700977287,47,28,127.6972972972973,13.603864444727948,livecell_phase__train-Huh7_Phase_A11_1_03d08h00m_3.png
93,707.0,127.71067811865476,0.8962457509657652,0.8771712158808933,0.5447219250553126,0.42549591075286936,53,28,127.35360678925035,17.42519263813803,livecell_phase__train-Huh7_Phase_A11_1_03d08h00m_3.png
94,623.0,106.71067811865476,0.907041378552545,0.9354354354354354,0.6875149577015128,-0.7511898850875331,37,33,127.08667736757624,11.305144457604458,livecell_phase__train-Huh7_Phase_A11_1_03d08h00m_3.png
95,638.0,123.19595949289332,0.9577190403368971,0.8910614525139665,0.5282476991195183,0.70063567612809,39,41,128.17084639498432,13.366803599535999,livecell_phase__train-Huh7_Phase_A11_1_03d08h00m_3.png
96,547.0,117.97665940288702,0.9393635925904142,0.9193277310924369,0.49386130660763955,-1.4211804443680522,19,52,127.90127970749543,19.70535562759223,livecell_phase__train-Huh7_Phase_A11_1_03d08h00m_3.png
97,578.0,165.373629022557,0.9866065284616204,0.6905615292712067,0.2655860065543227,0.4739535667364548,65,40,129.80622837370242,8.977701863925647,livecell_phase__train-Huh7_Phase_A11_1_03d08h00m_3.png
98,499.0,93.35533905932738,0.7079469764746239,0.9522900763358778,0.7195021374098504,1.1514548639378657,23,33,129.16432865731463,14.509103289201365,livecell_phase__train-Huh7_Phase_A11_1_03d08h00m_3.png
99,509.0,101.35533905932738,0.3191235383403864,0.8760757314974182,0.6226362255600679,0.5854406594352045,25,35,128.49901768172887,19.117116529909914,livecell_phase__train-Huh7_Phase_A11_1_03d08h00m_3.png
100,521.0,104.56244584051393,0.9100043038205156,0.9542124542124543,0.5988197568882859,0.010628882601203251,44,18,128.34165067178503,3.591733465979588,livecell_phase__train-Huh7_Phase_A11_1_03d08h00m_3.png
101,471.0,92.18376618407356,0.7218970877878546,0.9592668024439919,0.6965012120087706,1.0088559996683655,24,32,129.36093418259023,12.84007801275317,livecell_phase__train-Huh7_Phase_A11_1_03d08h00m_3.png
102,402.0,82.35533905932738,0.7338019673678691,0.8854625550660793,0.7448218319446135,0.748132272913021,28,23,127.4776119402985,17.668611915866208,livecell_phase__train-Huh7_Phase_A11_1_03d08h00m_3.png
103,390.0,72.76955262170047,0.5529384243969073,0.9582309582309583,0.9254970976929128,-0.8687410400811594,23,23,127.44871794871794,16.781894575280575,livecell_phase__train-Huh7_Phase_A11_1_03d08h00m_3.png
104,381.0,71.94112549695429,0.4434752627130352,0.9525,0.9250823262549568,-0.43343367773565505,23,22,127.96325459317585,26.302873787100083,livecell_phase__train-Huh7_Phase_A11_1_03d08h00m_3.png
105,327.0,65.698484809835,0.40407443084315414,0.961764705882353,0.9520218354351375,-1.1220355537782396,20,21,127.64220183486239,15.425378986088527,livecell_phase__train-Huh7_Phase_A11_1_03d08h00m_3.png
106,303.0,62.87005768508881,0.46486615036254847,0.9711538461538461,0.9633071302273668,-0.9890207752194756,19,20,125.74257425742574,40.08019686618248,livecell_phase__train-Huh7_Phase_A11_1_03d08h00m_3.png
107,297.0,62.87005768508881,0.49049773827293497,0.9611650485436893,0.9442317415099932,1.1763504750003733,18,20,126.47474747474747,31.960311067354922,livecell_phase__train-Huh7_Phase_A11_1_03d08h00m_3.png
108,249.0,59.698484809834994,0.6367605430460361,0.950381679389313,0.8779758981487635,-1.3302384955502577,16,22,125.80321285140562,24.982030283128392,livecell_phase__train-Huh7_Phase_A11_1_03d08h00m_3.png
109,233.0,55.45584412271571,0.5527765937721861,0.9549180327868853,0.9520749627872072,0.7934432112429798,17,18,127.79828326180258,28.04942903439951,livecell_phase__train-Huh7_Phase_A11_1_03d08h00m_3.png
110,169.0,46.72792206135786,0.5416244419489945,0.9548022598870056,0.9726209746124805,0.39666517612432245,15,13,128.87573964497042,19.582384085314015,livecell_phase__train-Huh7_Phase_A11_1_03d08h00m_3.png
111,158.0,45.21320343559643,0.5325207565366046,0.9461077844311377,0.971261991241738,-1.0005327822767716,14,15,126.50632911392405,35.39179387748476,livecell_phase__train-Huh7_Phase_A11_1_03d08h00m_3.png
112,96.0,34.14213562373095,0.5997619989365032,0.9696969696969697,1.0349032021490827,0.39339449154240075,12,10,128.08333333333334,26.388391808183805,livecell_phase__train-Huh7_Phase_A11_1_03d08h00m_3.png
1,8190.0,350.0904037956216,0.3733837080170755,0.9605911330049262,0.8397177869068252,1.0962818958822338,108,107,128.03015873015872,9.20932498957288,livecell_phase__train-Huh7_Phase_A11_1_03d12h00m_3.png
2,8049.0,455.9015869776647,0.8197775947022947,0.7878817541111981,0.48664199457158047,0.26704481398838564,157,112,127.97850664678842,5.926720288179551,livecell_phase__train-Huh7_Phase_A11_1_03d12h00m_3.png
3,7519.0,396.5168106668145,0.9113328643866927,0.9319533961328706,0.6009616244598341,-0.6082817253170691,136,110,127.90171565367736,10.048720045535154,livecell_phase__train-Huh7_Phase_A11_1_03d12h00m_3.png
4,6301.0,388.43354954612926,0.8085960764522516,0.8949012924300526,0.5247903937215739,0.26116317700547725,124,83,127.91477543247103,9.905226461486418,livecell_phase__train-Huh7_Phase_A11_1_03d12h00m_3.png
5,6243.0,317.32085117392114,0.7170034101886746,0.9655119084441695,0.7791229152643824,0.13700722177730845,110,79,127.99935928239628,9.355166541964497,livecell_phase__train-Huh7_Phase_A11_1_03d12h00m_3.png
6,4917.0,314.14927829866735,0.7647976869167451,0.9245957126739376,0.626091690173172,-0.605504803642197,97,94,128.23917022574742,8.113827382716899,livecell_phase__train-Huh7_Phase_A11_1_03d12h00m_3.png
7,4024.0,306.7766952966369,0.5800725623850751,0.8886925795053003,0.5373077521792209,-1.5031101110452012,81,84,127.95427435387674,7.405393809611058,livecell_phase__train-Huh7_Phase_A11_1_03d12h00m_3.png
8,4254.0,298.9360748630709,0.9288400521758557,0.9493416648069627,0.5982059026713015,0.34767853001115756,113,65,128.0745181006112,8.747427290020488,livecell_phase__train-Huh7_Phase_A11_1_03d12h00m_3.png
9,4159.0,270.0071426749364,0.8591409693983137,0.949109995435874,0.7168829944987593,1.1764591145654184,64,101,128.08199086318825,4.889867661842935,livecell_phase__train-Huh7_Phase_A11_1_03d12h00m_3.png
10,4099.0,289.0782104868019,0.7050669120987152,0.8726846923568236,0.6163921045618548,-0.1910003945457256,99,73,127.89412051719931,7.786709771259983,livecell_phase__train-Huh7_Phase_A11_1_03d12h00m_3.png
11,4034.0,285.9066376115481,0.6548665744545908,0.8950521411138229,0.6201507621569993,-0.7253966482820444,88,85,127.7397124442241,14.249291731186673,livecell_phase__train-Huh7_Phase_A11_1_03d12h00m_3.png
12,3809.0,253.4213562373095,0.7713974653591171,0.9449268171669561,0.7453056526408903,0.6320305525233462,84,74,127.81858755578892,11.737252616195365,livecell_phase__train-Huh7_Phase_A11_1_03d12h00m_3.png
13,3859.0,266.99494936611666,0.7217908611269105,0.9201239866475918,0.6802656635124585,0.031186550248301158,84,71,128.02409950764448,5.853324199455454,livecell_phase__train-Huh7_Phase_A11_1_03d12h00m_3.png
14,3598.0,270.51576464628795,0.8457989747503527,0.9141260162601627,0.6178540027096441,0.403486637541304,99,61,127.79043913285159,10.470557348114156,livecell_phase__train-Huh7_Phase_A11_1_03d12h00m_3.png
15,3441.0,247.9066376115481,0.8423465093975959,0.9587628865979382,0.7035876806359297,-0.5580021778999202,90,67,127.78785236849752,11.95874838581557,livecell_phase__train-Huh7_Phase_A11_1_03d12h00m_3.png
16,3304.0,229.82337649086287,0.6435954512238016,0.9491525423728814,0.7860705049519945,0.7199638430255613,74,63,127.74939467312349,9.879027648757294,livecell_phase__train-Huh7_Phase_A11_1_03d12h00m_3.png
17,3277.0,247.33809511662426,0.7524016420034242,0.9427502876869965,0.6731382695284083,0.4782226016402442,76,69,127.95880378394874,6.1753306081930655,livecell_phase__train-Huh7_Phase_A11_1_03d12h00m_3.png
18,3101.0,262.5929291125633,0.9282714822251492,0.9155594921759669,0.5651263728809979,0.56877065869571,92,68,127.73911641405998,9.635336602378757,livecell_phase__train-Huh7_Phase_A11_1_03d12h00m_3.png
19,2811.0,277.75230867899734,0.8706715796579512,0.9168297455968689,0.4578838804057138,1.2722091017538868,48,83,127.85841337602277,9.210793795825628,livecell_phase__train-Huh7_Phase_A11_1_03d12h00m_3.png
20,2848.0,223.75230867899737,0.7672481901067548,0.9252761533463287,0.7148497981033749,0.06402262236298176,78,51,127.59199438202248,15.008470191299129,livecell_phase__train-Huh7_Phase_A11_1_03d12h00m_3.png
21,2528.0,216.5685424949238,0.9076791335333176,0.9685823754789272,0.6773235659137137,-0.03789448842346655,85,37,128.0810917721519,6.829825002701551,livecell_phase__train-Huh7_Phase_A11_1_03d12h00m_3.png
22,2529.0,231.03048327204937,0.8973866386942515,0.8848845346396081,0.5954154782048764,-1.2234676289273236,57,80,128.0363780150257,8.909026909131134,livecell_phase__train-Huh7_Phase_A11_1_03d12h00m_3.png
23,2506.0,207.88225099390854,0.8048518776768956,0.9247232472324723,0.7287123150623183,0.05177708765105698,70,45,127.57861133280127,14.392222859508696,livecell_phase__train-Huh7_Phase_A11_1_03d12h00m_3.png
24,2480.0,241.4213562373095,0.8547460144453258,0.8361429534726905,0.534699987777026,-1.0247901791904286,62,90,127.91572580645162,7.415366203015054,livecell_phase__train-Huh7_Phase_A11_1_03d12h00m_3.png
25,2356.0,260.06601717798213,0.8857885857185562,0.7319043181112147,0.4377417167716701,-0.3085139564043707,79,57,127.9830220713073,6.202829495748928,livecell_phase__train-Huh7_Phase_A11_1_03d12h00m_3.png
26,2272.0,204.16652224137044,0.796488785113185,0.9239528263521757,0.6849346368619089,-1.5639345540120555,50,74,127.78433098591549,12.417231648235498,livecell_phase__train-Huh7_Phase_A11_1_03d12h00m_3.png
27,2036.0,184.65180361560903,0.7338720139294236,0.9330889092575618,0.7503787549173413,-1.1972183727168804,53,63,128.3015717092338,12.738083050785486,livecell_phase__train-Huh7_Phase_A11_1_03d12h00m_3.png
28,1991.0,181.82337649086284,0.4909441181465362,0.9404818138875768,0.7568009824839299,0.4165956083761747,61,52,127.65796082370667,13.981225686006425,livecell_phase__train-Huh7_Phase_A11_1_03d12h00m_3.png
29,1844.0,263.4386001800126,0.9465255236624577,0.8908212560386474,0.3338965722836285,-1.4012540776496982,37,103,127.84490238611714,7.782901683371772,livecell_phase__train-Huh7_Phase_A11_1_03d12h00m_3.png
30,1835.0,189.92388155425118,0.8845287479667718,0.9026069847515986,0.6392736113183681,1.3336687252734565,43,71,128.09209809264306,9.531860682866242,livecell_phase__train-Huh7_Phase_A11_1_03d12h00m_3.png
31,1817.0,234.65180361560903,0.8236357167451995,0.7526926263463132,0.41468373157910926,-1.5539926135565953,47,82,128.05503577325263,11.995286554191077,livecell_phase__train-Huh7_Phase_A11_1_03d12h00m_3.png
32,1798.0,219.0365799264593,0.7786519135353293,0.7920704845814978,0.47094072930970987,0.7514791351340994,61,64,127.49833147942158,10.504024733025545,livecell_phase__train-Huh7_Phase_A11_1_03d12h00m_3.png
33,1698.0,168.71067811865476,0.7200844819395061,0.9631310266591038,0.7496566672629607,-0.7793338501704126,52,47,127.58775029446407,8.2521163079984,livecell_phase__train-Huh7_Phase_A11_1_03d12h00m_3.png
34,1708.0,156.71067811865476,0.6433559869784746,0.9644268774703557,0.8739781005898906,0.20365981088844137,52,42,128.06498829039813,10.055984571509594,livecell_phase__train-Huh7_Phase_A11_1_03d12h00m_3.png
35,1703.0,173.77564927611036,0.48450110839234867,0.964326160815402,0.7086742819081551,1.2871500794986106,52,49,128.07046388725777,9.892657714141617,livecell_phase__train-Huh7_Phase_A11_1_03d12h00m_3.png
36,1684.0,182.95331880577402,0.8838195031258695,0.9014989293361885,0.6322245660981415,-0.06652388931103177,70,37,128.0920427553444,8.218610961466615,livecell_phase__train-Huh7_Phase_A11_1_03d12h00m_3.png
37,1627.0,158.50966799187808,0.6853175283439553,0.968452380952381,0.8137404491903789,0.812180830401377,48,52,128.0301167793485,8.971563498918524,livecell_phase__train-Huh7_Phase_A11_1_03d12h00m_3.png
38,1701.0,330.7056274847714,0.8615709136773,0.48711340206185566,0.19544789944113378,0.00425909919460575,98,56,127.6549088771311,12.111048772007805,livecell_phase__train-Huh7_Phase_A11_1_03d12h00m_3.png
39,1624.0,175.29646455628165,0.8401273239314868,0.9206349206349206,0.6641246110739611,-0.5132937832268272,60,44,128.10837438423644,12.826641717591633,livecell_phase__train-Huh7_Phase_A11_1_03d12h00m_3.png
40,1634.0,221.03048327204937,0.8498507603186589,0.7021916630855178,0.4202982383722603,0.2957616287011902,76,49,127.66829865361078,17.44900276792392,livecell_phase__train-Huh7_Phase_A11_1_03d12h00m_3.png
41,1543.0,152.5685424949238,0.7456769317083869,0.9686126804770873,0.8330015227582671,-1.342959940426024,37,53,127.69410239792612,8.89747232785246,livecell_phase__train-Huh7_Phase_A11_1_03d12h00m_3.png
42,1353.0,244.9005409571382,0.9087112278756069,0.6612903225806451,0.2834837517377627,0.7075265102952257,62,56,127.2919438285292,12.851867444570432,livecell_phase__train-Huh7_Phase_A11_1_03d12h00m_3.png
43,1505.0,177.99494936611666,0.7724602804097047,0.8412520961430967,0.5969404454495374,0.0497373789354235,66,45,127.61661129568107,15.509460936792923,livecell_phase__train-Huh7_Phase_A11_1_03d12h00m_3.png
44,1486.0,158.18376618407356,0.6929779793521125,0.925280199252802,0.7462852372196294,0.7702229843278521,41,48,127.20188425302827,10.306129666234325,livecell_phase__train-Huh7_Phase_A11_1_03d12h00m_3.png
45,1380.0,163.71677477306463,0.5477688760127029,0.8673790069138906,0.6469974806156025,0.08307723158283531,53,49,128.00507246376813,11.922301733219866,livecell_phase__train-Huh7_Phase_A11_1_03d12h00m_3.png
46,1446.0,170.78174593052023,0.8798621933009086,0.9221938775510204,0.623010345924676,-0.5123548128502623,66,38,127.84854771784232,10.423528814143795,livecell_phase__train-Huh7_Phase_A11_1_03d12h00m_3.png
47,1425.0,176.65180361560903,0.8281606413202671,0.8328462887200467,0.5738370384845832,0.8300659485155829,54,57,127.86526315789473,14.16955299041899,livecell_phase__train-Huh7_Phase_A11_1_03d12h00m_3.png
48,1434.0,162.50966799187808,0.8643938426700387,0.9397116644823067,0.6823396513929544,0.7042198235153744,54,46,127.56066945606695,12.359932729156027,livecell_phase__train-Huh7_Phase_A11_1_03d12h00m_3.png
49,1403.0,153.29646455628165,0.6992984671845296,0.9212081418253447,0.7502452546988381,-0.2934097641253245,52,41,127.89950106913756,12.37547610697767,livecell_phase__train-Huh7_Phase_A11_1_03d12h00m_3.png
50,1309.0,157.29036790187178,0.7980929080718504,0.9356683345246605,0.6648830385815353,-0.14266350143190207,58,33,127.95416348357524,6.8214850562066625,livecell_phase__train-Huh7_Phase_A11_1_03d12h00m_3.png
51,1274.0,135.1543289325507,0.38569527395881226,0.9651515151515152,0.8764343106696061,0.5403182278719394,41,40,127.95996860282574,8.382859764579699,livecell_phase__train-Huh7_Phase_A11_1_03d12h00m_3.png
52,1214.0,143.78174593052023,0.8185512133390311,0.9381761978361669,0.7379399881823875,0.9730219268472382,42,47,127.80807248764415,8.732916054135874,livecell_phase__train-Huh7_Phase_A11_1_03d12h00m_3.png
53,1173.0,149.68124086713192,0.8987585567867147,0.9236220472440945,0.6579200572975598,-0.7595600049935497,48,46,127.87297527706735,9.396906553997173,livecell_phase__train-Huh7_Phase_A11_1_03d12h00m_3.png
54,1180.0,135.25483399593904,0.45989576526312037,0.9735973597359736,0.8105620750704402,-0.1508289269786231,43,36,127.72796610169492,9.9546291556225,livecell_phase__train-Huh7_Phase_A11_1_03d12h00m_3.png
55,1163.0,142.22539674441617,0.7066729213329759,0.9304,0.7224957069961304,0.5276505477023403,49,36,128.11349957007738,9.445823166101166,livecell_phase__train-Huh7_Phase_A11_1_03d12h00m_3.png
56,1081.0,175.18986283848346,0.8576130252419745,0.8007407407407408,0.4426063218509681,-1.1918316866459755,40,62,127.54579093432008,13.317859700478149,livecell_phase__train-Huh7_Phase_A11_1_03d12h00m_3.png
57,1115.0,135.1543289325507,0.7447121937809689,0.9401349072512648,0.7670520065907463,1.5080965801538935,33,45,127.34439461883409,13.949677414543912,livecell_phase__train-Huh7_Phase_A11_1_03d12h00m_3.png
58,1111.0,155.05382386916236,0.9066234405199678,0.8467987804878049,0.5807095400456969,-1.267362831048512,35,55,127.67866786678668,16.637023022136574,livecell_phase__train-Huh7_Phase_A11_1_03d12h00m_3.png
59,1086.0,216.0243866176395,0.9696723650016241,0.6757934038581207,0.2924382174030107,1.4955916714874697,26,90,127.17587476979742,10.32989047019,livecell_phase__train-Huh7_Phase_A11_1_03d12h00m_3.png
60,1029.0,129.25483399593904,0.8521450891482762,0.9725897920604915,0.7739834072483421,-1.2483484257560902,29,47,127.68124392614189,13.859051976202455,livecell_phase__train-Huh7_Phase_A11_1_03d12h00m_3.png
61,1036.0,135.25483399593904,0.6261641965528874,0.9299820466786356,0.7116460252313356,1.3436687105286749,36,42,127.79343629343629,11.66983850200721,livecell_phase__train-Huh7_Phase_A11_1_03d12h00m_3.png
62,989.0,138.8528137423857,0.8773590714277959,0.9015496809480401,0.6446096251483611,0.9031668071788193,40,49,127.4459049544995,12.599466979395574,livecell_phase__train-Huh7_Phase_A11_1_03d12h00m_3.png
63,849.0,113.94112549695427,0.7259885449578077,0.9758620689655172,0.821781848157212,0.09908306247860149,39,27,127.84687868080094,11.02839755738568,livecell_phase__train-Huh7_Phase_A11_1_03d12h00m_3.png
64,814.0,112.8700576850888,0.6177363095963183,0.9576470588235294,0.8029283177205842,0.8063537095051014,32,32,128.3845208845209,10.78188061453906,livecell_phase__train-Huh7_Phase_A11_1_03d12h00m_3.png
65,406.0,75.11269837220809,0.463712120005656,0.9463869463869464,0.904293001189152,-1.5599782184620183,22,24,127.49753694581281,13.797220532628117,livecell_phase__train-Huh7_Phase_A11_1_03d12h00m_3.png
66,345.0,73.35533905932738,0.763885382871754,0.9299191374663073,0.8056854143003991,1.2769338004355784,19,27,128.49565217391304,14.286533993946064,livecell_phase__train-Huh7_Phase_A11_1_03d12h00m_3.png
67,241.0,76.76955262170047,0.7753729846431586,0.7392638036809815,0.5138648210632122,-0.8785885300842645,22,23,127.90871369294605,20.15891138687604,livecell_phase__train-Huh7_Phase_A11_1_03d12h00m_3.png
68,188.0,52.04163056034261,0.7329513268104579,0.912621359223301,0.8723001006462759,-0.8663448232736868,16,17,127.62765957446808,16.396992486657872,livecell_phase__train-Huh7_Phase_A11_1_03d12h00m_3.png
69,195.0,50.8700576850888,0.5308613186813469,0.9420289855072463,0.9469346646704285,-0.9936995707769084,16,17,128.16410256410256,29.17522207574379,livecell_phase__train-Huh7_Phase_A11_1_03d12h00m_3.png
70,185.0,49.21320343559643,0.6530602633733519,0.9536082474226805,0.9598830470150876,0.024322480877969364,18,13,128.6,32.571783510902215,livecell_phase__train-Huh7_Phase_A11_1_03d12h00m_3.png
71,160.0,46.384776310850235,0.44328585497049994,0.935672514619883,0.9344991561413497,0.15445875446368515,15,14,126.7625,29.157436337065025,livecell_phase__train-Huh7_Phase_A11_1_03d12h00m_3.png
72,164.0,50.04163056034261,0.8187256488652623,0.9162011173184358,0.8229828922179148,-1.0014217798075107,14,18,125.8719512195122,23.81333800466557,livecell_phase__train-Huh7_Phase_A11_1_03d12h00m_3.png
73,97.0,38.17766952966369,0.5477249629968464,0.8899082568807339,0.8363012956529922,-0.36212295284687224,13,11,127.48453608247422,26.2882959344134,livecell_phase__train-Huh7_Phase_A11_1_03d12h00m_3.png
74,105.0,36.72792206135786,0.520933364677364,0.9292035398230089,0.9781522241314752,-0.10731945601921304,12,11,128.0857142857143,25.69866192022059,livecell_phase__train-Huh7_Phase_A11_1_03d12h00m_3.png
75,75.0,30.727922061357855,0.7334980297796114,0.974025974025974,0.9981705267641615,1.5454816233736777,8,12,130.16,22.214733849407246,livecell_phase__train-Huh7_Phase_A11_1_03d12h00m_3.png
76,72.0,30.384776310850235,0.6477978484274265,0.9230769230769231,0.9800094725678229,-0.7285930133381628,11,10,131.15277777777777,34.59112752419415,livecell_phase__train-Huh7_Phase_A11_1_03d12h00m_3.png
1,11654.0,461.1198410471445,0.6353097728321704,0.9095449933661125,0.6887430966836411,1.205521302131254,115,142,127.98258108803844,10.231830761459763,livecell_phase__train-Huh7_Phase_A11_1_03d12h00m_4.png
2,6621.0,370.2497833620557,0.6101770671731664,0.8298032334879057,0.6069372963430358,0.07476884868638492,103,97,127.84065851079897,12.729837715854712,livecell_phase__train-Huh7_Phase_A11_1_03d12h00m_4.png
3,4082.0,306.63455967290594,0.7696969206640665,0.8453095879063989,0.545557665505925,1.2960231674490517,73,102,127.8657520823126,9.96011684274308,livecell_phase__train-Huh7_Phase_A11_1_03d12h00m_4.png
4,3373.0,258.4446968344225,0.8605959756709579,0.8944577035269159,0.634586684475946,0.7268370852361096,78,74,128.0584049807293,10.953659419345039,livecell_phase__train-Huh7_Phase_A11_1_03d12h00m_4.png
5,3198.0,230.36753236814712,0.775573942244997,0.9600720504353047,0.7572613351605247,-1.285476952356035,52,79,127.85772357723577,7.67654958002274,livecell_phase__train-Huh7_Phase_A11_1_03d12h00m_4.png
6,2983.0,220.20815280171308,0.7282841122215444,0.9404161412358134,0.7730299663977428,-0.7124038998911617,73,64,127.91116325846463,7.718728247611373,livecell_phase__train-Huh7_Phase_A11_1_03d12h00m_4.png
7,2661.0,236.20815280171308,0.8069888780681055,0.8878878878878879,0.5993285573807802,-0.8357491073497972,64,76,127.7087561067268,10.140191425366265,livecell_phase__train-Huh7_Phase_A11_1_03d12h00m_4.png
8,2776.0,223.23759005323592,0.7678391438654343,0.9253333333333333,0.699994576033604,1.132980111909045,57,74,127.76476945244957,11.979740860518492,livecell_phase__train-Huh7_Phase_A11_1_03d12h00m_4.png
9,2750.0,221.7228714274745,0.5550819161124759,0.8951822916666666,0.7029453610839351,1.1408966813283474,62,67,127.9429090909091,10.029085641768015,livecell_phase__train-Huh7_Phase_A11_1_03d12h00m_4.png
10,2569.0,214.89444430272832,0.5324196285941726,0.9045774647887324,0.6990747125202033,0.7759760185724957,66,66,128.124951342935,6.548406175597725,livecell_phase__train-Huh7_Phase_A11_1_03d12h00m_4.png
11,2519.0,210.93607486307093,0.4785485288121397,0.9080749819754866,0.7114367754296992,1.3845634285145818,65,70,127.95633187772926,8.9385711048693,livecell_phase__train-Huh7_Phase_A11_1_03d12h00m_4.png
12,2398.0,231.9655121145938,0.7490782599036674,0.8268965517241379,0.5600311737909297,-0.7041630653126907,69,66,128.04086738949124,7.5424291918026585,livecell_phase__train-Huh7_Phase_A11_1_03d12h00m_4.png
13,2392.0,248.99494936611666,0.9099913410826713,0.863849765258216,0.4848305341936168,1.4725432663511226,42,99,127.98954849498328,12.65619368499589,livecell_phase__train-Huh7_Phase_A11_1_03d12h00m_4.png
14,2249.0,226.55129855222071,0.8831922952171096,0.904302372336148,0.5506380363733783,0.6810286968018402,80,55,127.97243219208538,7.442391491002058,livecell_phase__train-Huh7_Phase_A11_1_03d12h00m_4.png
15,2056.0,195.82337649086284,0.8194137098961913,0.9186773905272565,0.6737579537262257,0.5296999706230733,68,53,127.47033073929961,12.393793754376425,livecell_phase__train-Huh7_Phase_A11_1_03d12h00m_4.png
16,2023.0,205.19595949289334,0.8828769083805206,0.8492863140218304,0.603765282982245,-1.470474372913,43,77,127.55659911023233,11.902870824365507,livecell_phase__train-Huh7_Phase_A11_1_03d12h00m_4.png
17,2001.0,195.8233764908628,0.8165305101514584,0.9204231830726771,0.6557342730574797,0.3907890276560936,70,51,127.73513243378311,11.417164020798406,livecell_phase__train-Huh7_Phase_A11_1_03d12h00m_4.png
18,1884.0,179.1370849898476,0.8272448412385915,0.9696345856922285,0.7377679024051639,-0.7564778006706809,61,54,127.92940552016985,10.507241738246854,livecell_phase__train-Huh7_Phase_A11_1_03d12h00m_4.png
19,1934.0,199.68124086713186,0.5739262346597604,0.9020522388059702,0.6095253887410101,-1.4403265241474106,53,67,128.1675284384695,11.181582045271014,livecell_phase__train-Huh7_Phase_A11_1_03d12h00m_4.png
20,1878.0,170.26702730475878,0.5102826208660263,0.9640657084188912,0.8140373737020636,1.317474192805553,49,56,127.90202342917998,7.79598666278422,livecell_phase__train-Huh7_Phase_A11_1_03d12h00m_4.png
21,1664.0,159.095454429505,0.3671500701550248,0.9657573998839234,0.8261285727673366,-0.9131393705000848,50,50,127.60576923076923,14.090525164389156,livecell_phase__train-Huh7_Phase_A11_1_03d12h00m_4.png
22,1676.0,176.99494936611666,0.7833676299442024,0.8639175257731959,0.6722984822807421,0.8444795428028493,57,54,127.93198090692124,9.624397381357932,livecell_phase__train-Huh7_Phase_A11_1_03d12h00m_4.png
23,1619.0,161.63961030678928,0.6350641847158502,0.927262313860252,0.7786837707946949,0.6333575144999344,48,48,128.04323656578134,12.538439314069748,livecell_phase__train-Huh7_Phase_A11_1_03d12h00m_4.png
24,1576.0,167.7401153701776,0.8620383710643602,0.9442780107849011,0.70386959010725,1.4390527833173599,33,61,127.88261421319797,11.069900300286138,livecell_phase__train-Huh7_Phase_A11_1_03d12h00m_4.png
25,1516.0,154.39696961967002,0.6010925501291916,0.9582806573957017,0.7991559202643131,-1.3251009916153964,40,50,127.63654353562005,16.924922207998044,livecell_phase__train-Huh7_Phase_A11_1_03d12h00m_4.png
26,1444.0,156.95331880577402,0.7694399001066489,0.9346278317152104,0.7366073542624038,1.5327077812575407,37,56,128.23060941828254,12.31123979907719,livecell_phase__train-Huh7_Phase_A11_1_03d12h00m_4.png
27,1402.0,193.3380951166243,0.9071729823006569,0.8300769686204855,0.47132774655455706,-1.0670567392941215,50,59,127.96932952924394,11.598233951406272,livecell_phase__train-Huh7_Phase_A11_1_03d12h00m_4.png
28,1419.0,155.95331880577405,0.8073455450027827,0.9304918032786885,0.7331671820113727,-1.1567255937662737,39,56,127.5398167723749,18.693901285714244,livecell_phase__train-Huh7_Phase_A11_1_03d12h00m_4.png
29,1446.0,244.40916292848974,0.9678627359440641,0.6593707250341997,0.3041887790621421,1.3437680078808916,36,100,127.5850622406639,11.669641114932062,livecell_phase__train-Huh7_Phase_A11_1_03d12h00m_4.png
30,1414.0,164.19595949289334,0.7784354628700614,0.8960709759188846,0.6590742464194158,-1.0577798886474634,43,57,128.24964639321075,5.151102573724674,livecell_phase__train-Huh7_Phase_A11_1_03d12h00m_4.png
31,1329.0,155.53910524340094,0.8653610884432339,0.9359154929577465,0.6903282598166115,-1.4136973542269011,33,60,127.92927012791573,8.818688318048407,livecell_phase__train-Huh7_Phase_A11_1_03d12h00m_4.png
32,1341.0,189.92388155425118,0.9531258435139383,0.8151975683890578,0.4671748843476467,-1.2080015900561103,42,74,127.7076808351976,9.95063920795186,livecell_phase__train-Huh7_Phase_A11_1_03d12h00m_4.png
33,1338.0,185.9827560572969,0.962256147182228,0.8739386022207707,0.48609440137359083,1.4300844755526811,28,78,128.18834080717488,5.81918237342762,livecell_phase__train-Huh7_Phase_A11_1_03d12h00m_4.png
34,1317.0,142.36753236814712,0.5365259433301962,0.9571220930232558,0.8165329671690725,0.29749645613925085,48,41,127.91571753986332,9.785770768156086,livecell_phase__train-Huh7_Phase_A11_1_03d12h00m_4.png
35,1299.0,139.1543289325507,0.6944407862288966,0.9593796159527327,0.842996113769176,1.4064967687710512,36,47,128.37567359507312,12.107062536732995,livecell_phase__train-Huh7_Phase_A11_1_03d12h00m_4.png
36,1288.0,139.53910524340094,0.6216359127599766,0.9463629684055841,0.8312542128180589,-0.5274550553727955,45,42,128.2694099378882,13.186947561404436,livecell_phase__train-Huh7_Phase_A11_1_03d12h00m_4.png
37,1194.0,135.9827560572969,0.7118734924221852,0.9277389277389277,0.8114215033019879,0.2791383997918823,44,37,127.76549413735343,7.406046827657095,livecell_phase__train-Huh7_Phase_A11_1_03d12h00m_4.png
38,1208.0,156.36753236814712,0.8236873880253971,0.8791848617176128,0.6208456364146047,-0.7110814915190498,53,43,127.87086092715232,7.367923943168413,livecell_phase__train-Huh7_Phase_A11_1_03d12h00m_4.png
39,1135.0,145.29646455628165,0.8345087190311467,0.8993660855784469,0.6756093195808872,0.810145056636625,42,46,127.99559471365639,8.751034072241996,livecell_phase__train-Huh7_Phase_A11_1_03d12h00m_4.png
40,1229.0,143.29646455628165,0.6869403233314592,0.93247344461305,0.7521263358995741,0.31779890886908796,47,39,128.07078925956063,11.57467147698705,livecell_phase__train-Huh7_Phase_A11_1_03d12h00m_4.png
41,1161.0,154.19595949289334,0.48080820253611123,0.8281027104136948,0.6136151819298691,-0.33485933929779926,49,46,128.0361757105943,9.155771331914318,livecell_phase__train-Huh7_Phase_A11_1_03d12h00m_4.png
42,1131.0,157.6812408671319,0.8630387021863105,0.835920177383592,0.5716265750616254,-1.0882340334769538,42,57,127.7922192749779,17.695233352621575,livecell_phase__train-Huh7_Phase_A11_1_03d12h00m_4.png
43,1128.0,179.98885271170678,0.9044154255609631,0.7107750472589792,0.43755005856230456,-0.2176969330664591,59,38,128.44414893617022,13.139745394316567,livecell_phase__train-Huh7_Phase_A11_1_03d12h00m_4.png
44,1130.0,141.88225099390854,0.8764734708749876,0.9315746084089035,0.7053946596782613,1.2546986297942284,35,52,128.08938053097344,15.384970616000414,livecell_phase__train-Huh7_Phase_A11_1_03d12h00m_4.png
45,1101.0,149.4386001800126,0.9313082305956387,0.9362244897959183,0.6195432097356462,-0.9609398828092115,40,54,127.98637602179836,11.339240685697641,livecell_phase__train-Huh7_Phase_A11_1_03d12h00m_4.png
46,1119.0,127.25483399593904,0.29855533491768527,0.9713541666666666,0.8683431307634407,-0.7825956355225696,38,37,127.69615728328866,11.026926726255159,livecell_phase__train-Huh7_Phase_A11_1_03d12h00m_4.png
47,1075.0,129.29646455628165,0.75161830441562,0.9446397188049209,0.8080626410835463,-1.0198821946389303,38,43,128.13953488372093,14.018561441886465,livecell_phase__train-Huh7_Phase_A11_1_03d12h00m_4.png
48,1037.0,158.63961030678928,0.4169632190399018,0.834271922767498,0.5178039411831448,0.44170282972648456,56,40,127.87078109932497,4.9370858265124955,livecell_phase__train-Huh7_Phase_A11_1_03d12h00m_4.png
49,1030.0,135.25483399593904,0.738691626636097,0.9058927000879508,0.7075245231547063,1.1618711456510626,31,48,128.01941747572815,5.019535781971348,livecell_phase__train-Huh7_Phase_A11_1_03d12h00m_4.png
50,1035.0,122.9116882454314,0.5012730386263702,0.9618959107806692,0.8609220793340895,-0.10856235147088279,40,34,128.26956521739132,6.579707591137857,livecell_phase__train-Huh7_Phase_A11_1_03d12h00m_4.png
51,974.0,128.95331880577402,0.844271846191164,0.9539666993143977,0.736043993925146,0.9409350349663376,39,43,128.3747433264887,10.595523186095914,livecell_phase__train-Huh7_Phase_A11_1_03d12h00m_4.png
52,984.0,117.59797974644665,0.2699031476741188,0.9656526005888125,0.8941394169831075,1.2658218480185754,34,35,128.14227642276424,10.840589250852755,livecell_phase__train-Huh7_Phase_A11_1_03d12h00m_4.png
53,999.0,157.39696961967,0.9422368142616404,0.8380872483221476,0.5067370036203126,1.5209936480657866,25,62,127.91091091091091,16.02422687426726,livecell_phase__train-Huh7_Phase_A11_1_03d12h00m_4.png
54,981.0,144.12489168102786,0.8531166182574415,0.8515625,0.5934728880048186,-0.40041549788738534,53,36,128.06931702344545,12.214498430499322,livecell_phase__train-Huh7_Phase_A11_1_03d12h00m_4.png
55,967.0,137.0538238691624,0.7448856686796628,0.8649373881932021,0.6469251332609782,-0.9982078545173974,44,41,126.96794208893485,16.413667666034957,livecell_phase__train-Huh7_Phase_A11_1_03d12h00m_4.png
56,945.0,126.46803743153546,0.5862429288998202,0.9301181102362205,0.7424720582728394,1.1171329213616057,37,42,127.64021164021165,14.005882058276113,livecell_phase__train-Huh7_Phase_A11_1_03d12h00m_4.png
57,925.0,122.11879502661796,0.5332283729157422,0.9371833839918946,0.7794469752101794,0.13879838536569936,40,33,127.65729729729729,14.67781422873433,livecell_phase__train-Huh7_Phase_A11_1_03d12h00m_4.png
58,879.0,123.49747468305833,0.6939843353750711,0.9351063829787234,0.724240129329284,-0.6562925269891277,39,35,128.59726962457339,7.2607406178566976,livecell_phase__train-Huh7_Phase_A11_1_03d12h00m_4.png
59,849.0,140.4030662740799,0.5795342673889962,0.8108882521489972,0.5412082014836489,0.33604290376998724,47,39,127.5017667844523,9.798334474815466,livecell_phase__train-Huh7_Phase_A11_1_03d12h00m_4.png
60,794.0,135.9827560572969,0.8786778936267238,0.948626045400239,0.5395885038708362,0.01445310636721872,58,24,127.8513853904282,10.061677769718653,livecell_phase__train-Huh7_Phase_A11_1_03d12h00m_4.png
61,752.0,136.46803743153546,0.9349874237172309,0.8764568764568764,0.5074179340381175,-0.7923964623357234,44,40,128.3377659574468,14.93915885682589,livecell_phase__train-Huh7_Phase_A11_1_03d12h00m_4.png
62,779.0,129.2609306503489,0.9131665893997006,0.9111111111111111,0.5858855202397489,-0.6508256519342241,44,37,127.42233632862644,30.271091191690857,livecell_phase__train-Huh7_Phase_A11_1_03d12h00m_4.png
63,778.0,111.1543289325507,0.7859762256684548,0.943030303030303,0.7912918612743838,1.5488599385954505,26,43,127.69922879177378,13.130432259954674,livecell_phase__train-Huh7_Phase_A11_1_03d12h00m_4.png
64,773.0,110.42640687119285,0.6403368110145295,0.9590570719602978,0.7966058215435086,-0.3823863310952671,35,29,128.14489003880982,20.68540217835457,livecell_phase__train-Huh7_Phase_A11_1_03d12h00m_4.png
65,774.0,145.19595949289334,0.951800106673651,0.7857868020304568,0.4613619379905026,-0.7157370838487407,45,45,127.90826873385014,15.687537108065415,livecell_phase__train-Huh7_Phase_A11_1_03d12h00m_4.png
66,704.0,108.42640687119285,0.6907082310486145,0.9361702127659575,0.7525102003299562,0.7118646237501671,34,31,127.95738636363636,26.314442586219652,livecell_phase__train-Huh7_Phase_A11_1_03d12h00m_4.png
67,653.0,118.32590180780451,0.8967690417240735,0.9315263908701854,0.5860887688628819,-1.0468022591681525,28,44,127.45329249617151,15.89435959078323,livecell_phase__train-Huh7_Phase_A11_1_03d12h00m_4.png
68,641.0,101.25483399593904,0.5840671982253368,0.9412628487518355,0.7856631096243383,-0.7649228478788901,32,29,127.91419656786272,10.762380369545177,livecell_phase__train-Huh7_Phase_A11_1_03d12h00m_4.png
69,582.0,98.5685424949238,0.3495753862142429,0.9387096774193548,0.7527593854812513,-0.9719480005595705,32,31,125.84707903780068,25.57387352224722,livecell_phase__train-Huh7_Phase_A11_1_03d12h00m_4.png
70,562.0,129.66904755831212,0.9446815056416691,0.734640522875817,0.4200234499853042,-0.38466339366945806,48,27,127.59074733096085,17.671471665636588,livecell_phase__train-Huh7_Phase_A11_1_03d12h00m_4.png
71,458.0,81.11269837220809,0.5907960092374173,0.9541666666666667,0.8747775792408713,0.051675370276385114,27,22,127.38864628820961,26.313478911068987,livecell_phase__train-Huh7_Phase_A11_1_03d12h00m_4.png
72,351.0,69.94112549695427,0.6825141033197993,0.9564032697547684,0.9016785679793786,0.6619333051670391,22,22,131.13390313390315,24.5750612797262,livecell_phase__train-Huh7_Phase_A11_1_03d12h00m_4.png
73,313.0,68.2842712474619,0.7483216138083627,0.9542682926829268,0.8435539121683928,-0.9698432182020638,21,21,126.78274760383387,27.284867298650845,livecell_phase__train-Huh7_Phase_A11_1_03d12h00m_4.png
74,268.0,58.2842712474619,0.4115104982076472,0.9745454545454545,0.9913840255116857,-0.40648856001497047,19,18,130.16417910447763,35.879710732342566,livecell_phase__train-Huh7_Phase_A11_1_03d12h00m_4.png
75,271.0,62.52691193458118,0.5583796900607383,0.9409722222222222,0.8710542300982376,0.9668467338497705,18,22,128.32841328413284,27.358476577758573,livecell_phase__train-Huh7_Phase_A11_1_03d12h00m_4.png
76,224.0,69.83452377915606,0.9211121543002403,0.9531914893617022,0.5771883152211019,-1.4942624691789996,11,31,126.125,20.13797274872949,livecell_phase__train-Huh7_Phase_A11_1_03d12h00m_4.png
1,8259.0,393.7888886054566,0.7427394167502469,0.9178706379195377,0.6692839568739352,-0.5144096418698344,125,112,128.111635791258,10.782268025125546,livecell_phase__train-Huh7_Phase_A11_1_03d16h00m_1.png
2,4988.0,373.5462479183374,0.6005701450367407,0.8809607912398446,0.4492080721620063,0.5497062868974525,92,87,127.94947874899759,13.336112562693563,livecell_phase__train-Huh7_Phase_A11_1_03d16h00m_1.png
3,5299.0,298.9360748630709,0.7391815010927728,0.9516882183908046,0.7451558717102084,1.4904926182108733,68,104,127.75410454802793,13.701868344039648,livecell_phase__train-Huh7_Phase_A11_1_03d16h00m_1.png
4,5210.0,294.5929291125633,0.7312571193538262,0.9436696250679225,0.7544022067799648,0.5412927027175395,91,87,128.02840690978886,10.531223986416906,livecell_phase__train-Huh7_Phase_A11_1_03d16h00m_1.png
5,5181.0,335.1370849898476,0.8784039279955284,0.9562569213732004,0.5796668712811236,-1.4732185838172525,57,137,127.98340088785949,8.442850014238854,livecell_phase__train-Huh7_Phase_A11_1_03d16h00m_1.png
6,4839.0,340.9066376115481,0.8525944254091442,0.8870760769935838,0.5232323310966597,0.34603842791967415,106,75,127.95970241785493,9.971742903560749,livecell_phase__train-Huh7_Phase_A11_1_03d16h00m_1.png
7,4579.0,282.9888527117068,0.7703638713569446,0.9517771773020162,0.7185249458744072,-0.19819380833856198,94,62,127.87398995413845,9.879623721778826,livecell_phase__train-Huh7_Phase_A11_1_03d16h00m_1.png
8,4674.0,272.1076477383248,0.7311949023656907,0.9637113402061855,0.7932627770559117,-0.31849596958247595,92,73,128.01369276850664,10.548856562082804,livecell_phase__train-Huh7_Phase_A11_1_03d16h00m_1.png
9,4600.0,274.45079348883235,0.42264747017893795,0.9281678773204197,0.7674298971354871,-0.4877610469329167,78,82,127.88804347826087,9.037137657554403,livecell_phase__train-Huh7_Phase_A11_1_03d16h00m_1.png
10,3861.0,272.8944443027283,0.7536803367784768,0.9449339207048458,0.6515087865985846,1.2329908537656862,65,92,128.016576016576,10.382317902495293,livecell_phase__train-Huh7_Phase_A11_1_03d16h00m_1.png
11,3864.0,256.45079348883235,0.7934740778841475,0.9426689436447914,0.7383102323950664,-0.6477133496405477,81,74,128.08100414078675,5.67876355498628,livecell_phase__train-Huh7_Phase_A11_1_03d16h00m_1.png
12,3356.0,251.23759005323592,0.7293052357073994,0.8878306878306879,0.6681324704130375,1.08879851066407,69,77,127.9919547079857,9.925599010951256,livecell_phase__train-Huh7_Phase_A11_1_03d16h00m_1.png
13,3053.0,242.06601717798213,0.8294335973985751,0.9157168566286743,0.6547402186830765,-1.0494931287825788,56,84,127.9220438912545,10.582346702168646,livecell_phase__train-Huh7_Phase_A11_1_03d16h00m_1.png
14,2985.0,224.45079348883235,0.7748960636570444,0.9530651340996169,0.7445809305754794,-1.1213363127160492,61,76,127.8609715242881,5.146799860581746,livecell_phase__train-Huh7_Phase_A11_1_03d16h00m_1.png
15,2944.0,214.50966799187808,0.47964251221306997,0.9411764705882353,0.8039960744555545,-0.2082932187046128,68,57,127.85020380434783,12.149668706871173,livecell_phase__train-Huh7_Phase_A11_1_03d16h00m_1.png
16,2916.0,242.0071426749364,0.9115171828828934,0.9198738170347003,0.6256637819420229,0.8889200660829616,73,79,128.05178326474623,5.196785328715386,livecell_phase__train-Huh7_Phase_A11_1_03d16h00m_1.png
17,2685.0,210.10764773832474,0.5244010800587983,0.9268208491542975,0.7643115680222691,0.006206916994255747,70,64,128.0685288640596,15.955284241550908,livecell_phase__train-Huh7_Phase_A11_1_03d16h00m_1.png
18,2594.0,201.9655121145938,0.5747613274810747,0.9632380245079837,0.7991446669505721,0.11017982677960406,71,56,127.93677717810331,14.37805488919712,livecell_phase__train-Huh7_Phase_A11_1_03d16h00m_1.png
19,2477.0,215.33199846221441,0.8833379599371595,0.9672003123779773,0.6713032172057717,1.5677559165472612,39,86,127.7783609204683,7.225960245647235,livecell_phase__train-Huh7_Phase_A11_1_03d16h00m_1.png
20,2278.0,250.45079348883235,0.8672179027721838,0.7545544882411395,0.4563717569562773,0.6613841288059252,68,73,127.8854258121159,3.6822365121982172,livecell_phase__train-Huh7_Phase_A11_1_03d16h00m_1.png
21,2270.0,197.8233764908628,0.4635633778720814,0.9493935591802594,0.7289210645702241,0.31740622193944446,65,57,128.13788546255506,10.730906449968824,livecell_phase__train-Huh7_Phase_A11_1_03d16h00m_1.png
22,2319.0,211.3380951166243,0.8552992200128572,0.8627232142857143,0.6524617181548426,-1.1560405814377124,55,72,127.79301423027167,8.860293829225013,livecell_phase__train-Huh7_Phase_A11_1_03d16h00m_1.png
23,2218.0,207.6812408671319,0.8471266023216388,0.8843700159489634,0.6462147488281006,1.445070109960897,45,73,128.19296663660955,5.035196690959613,livecell_phase__train-Huh7_Phase_A11_1_03d16h00m_1.png
24,2238.0,206.36753236814712,0.8269639594884253,0.9798598949211909,0.660369800034274,0.09692565392746988,81,40,127.77390527256479,9.045501008910309,livecell_phase__train-Huh7_Phase_A11_1_03d16h00m_1.png
25,2131.0,186.22539674441617,0.6841478321070957,0.9757326007326007,0.7721745743321367,0.006842860125077708,63,45,127.88643829188175,8.829755325156427,livecell_phase__train-Huh7_Phase_A11_1_03d16h00m_1.png
26,2137.0,236.3086578651014,0.6999691346165166,0.8091631957591822,0.48090037863976415,-1.3491049379775655,54,82,128.1235376696303,13.737893143699678,livecell_phase__train-Huh7_Phase_A11_1_03d16h00m_1.png
27,2116.0,196.75230867899737,0.678704837818146,0.906986712387484,0.6868878798286063,1.1478133904251424,51,69,127.9210775047259,5.138434254659308,livecell_phase__train-Huh7_Phase_A11_1_03d16h00m_1.png
28,2050.0,174.75230867899737,0.6274566067308925,0.9642521166509878,0.8435636962666233,1.1968882482455678,50,59,128.0009756097561,7.346344637708639,livecell_phase__train-Huh7_Phase_A11_1_03d16h00m_1.png
29,2013.0,197.1370849898476,0.8997866459002971,0.9495283018867925,0.6509040562602058,-0.42307451754668934,79,45,127.74913065077,7.964972715083914,livecell_phase__train-Huh7_Phase_A11_1_03d16h00m_1.png
30,1765.0,209.0538238691624,0.9569256444094505,0.9116735537190083,0.5075026825683011,1.4035613493423136,32,85,127.93371104815864,10.894322252115431,livecell_phase__train-Huh7_Phase_A11_1_03d16h00m_1.png
31,1717.0,174.95331880577402,0.7999962777387047,0.9032088374539716,0.704913436052612,1.5396903467363432,41,61,127.78276062900407,9.32684734362883,livecell_phase__train-Huh7_Phase_A11_1_03d16h00m_1.png
32,1724.0,197.58073580374355,0.8896227004424081,0.8658965344048217,0.5549552044554492,1.0481409459249782,54,67,128.2732018561485,9.342302125582206,livecell_phase__train-Huh7_Phase_A11_1_03d16h00m_1.png
33,1708.0,168.36753236814712,0.8032440824482969,0.949944382647386,0.7571484484393001,1.3519574687490294,41,61,128.06440281030444,5.4069148464022465,livecell_phase__train-Huh7_Phase_A11_1_03d16h00m_1.png
34,1688.0,158.36753236814712,0.7511018087124307,0.971790443293034,0.8457655801710455,0.718264437304726,49,48,128.07997630331752,5.736420354441504,livecell_phase__train-Huh7_Phase_A11_1_03d16h00m_1.png
35,1631.0,181.92388155425118,0.8954572965635198,0.8859315589353612,0.6192762118306218,-0.4235491906710585,64,47,127.75168608215819,9.008219996570121,livecell_phase__train-Huh7_Phase_A11_1_03d16h00m_1.png
36,1523.0,152.18376618407356,0.6703443523115826,0.9769082745349583,0.8263672782799563,0.10493899095273759,49,37,128.13263296126067,7.614186923723767,livecell_phase__train-Huh7_Phase_A11_1_03d16h00m_1.png
37,1485.0,168.36753236814712,0.5201107568042197,0.8828775267538644,0.6582935866114524,1.199887404052486,51,49,127.71245791245791,16.729824162781537,livecell_phase__train-Huh7_Phase_A11_1_03d16h00m_1.png
38,1360.0,145.84062043356596,0.7084843805173631,0.9707351891506067,0.8035108877936568,1.0338949619692441,41,43,127.73382352941177,10.312672248744969,livecell_phase__train-Huh7_Phase_A11_1_03d16h00m_1.png
39,1408.0,184.50966799187808,0.7731974424180215,0.8022792022792022,0.5197257852223631,-0.5963412678917527,48,48,127.73650568181819,12.513096650699236,livecell_phase__train-Huh7_Phase_A11_1_03d16h00m_1.png
40,1271.0,161.77564927611036,0.6996792707038225,0.9216823785351704,0.6102799634579015,-0.6605323592567471,53,42,127.3682140047207,19.55064990630951,livecell_phase__train-Huh7_Phase_A11_1_03d16h00m_1.png
41,1303.0,157.6812408671319,0.7368195347877019,0.9111888111888112,0.6585582911629513,0.28620015628339524,55,40,127.97006907137376,9.851461383961286,livecell_phase__train-Huh7_Phase_A11_1_03d16h00m_1.png
42,1232.0,158.50966799187808,0.8726418530368433,0.8999269539810081,0.6161820733881664,-0.9541854368686568,45,55,128.06980519480518,10.774021664132377,livecell_phase__train-Huh7_Phase_A11_1_03d16h00m_1.png
43,1236.0,134.91168824543144,0.6423181076067528,0.9588828549262994,0.8533539063302359,-1.355505676476493,36,44,127.73139158576052,9.527036218000212,livecell_phase__train-Huh7_Phase_A11_1_03d16h00m_1.png
44,1187.0,155.53300858899107,0.6796990906408885,0.8898050974512743,0.6166169192156641,-1.5264217484126261,33,60,128.0016849199663,7.430667833832176,livecell_phase__train-Huh7_Phase_A11_1_03d16h00m_1.png
45,1200.0,197.09545442950497,0.9770964302616347,0.7766990291262136,0.3881842346320643,1.2503128185524812,38,80,128.64083333333335,20.458498624586856,livecell_phase__train-Huh7_Phase_A11_1_03d16h00m_1.png
46,1169.0,151.19595949289334,0.9063998795781592,0.919748229740362,0.6426048579626787,0.932003270399531,46,48,128.02822925577416,5.898925424069496,livecell_phase__train-Huh7_Phase_A11_1_03d16h00m_1.png
47,1068.0,137.0243866176395,0.5312498835804347,0.8922305764411027,0.7148013818493043,-0.7960584961787013,39,45,127.87265917602996,9.594624433630313,livecell_phase__train-Huh7_Phase_A11_1_03d16h00m_1.png
48,818.0,207.7878425849301,0.9188128097060928,0.6507557677008751,0.23807999231819427,0.21835806963313936,63,29,127.78484107579462,10.912529083095862,livecell_phase__train-Huh7_Phase_A11_1_03d16h00m_1.png
49,952.0,120.32590180780451,0.35343977665081233,0.9472636815920398,0.8262825133469155,1.3130361451436579,34,38,127.7405462184874,20.0892157960007,livecell_phase__train-Huh7_Phase_A11_1_03d16h00m_1.png
50,599.0,105.81118318204308,0.6753416937638659,0.8618705035971223,0.6723161519382366,-0.7353606612299592,36,31,128.0484140233723,15.224836706626537,livecell_phase__train-Huh7_Phase_A11_1_03d16h00m_1.png
51,804.0,104.5685424949238,0.6026324584556809,0.9757281553398058,0.9239826221470268,1.478429499253837,29,37,127.37064676616916,24.775347522392604,livecell_phase__train-Huh7_Phase_A11_1_03d16h00m_1.png
52,729.0,105.9827560572969,0.6082831452502475,0.9516971279373369,0.815580764229373,-0.6071780741574176,34,31,127.59122085048011,20.182167080292672,livecell_phase__train-Huh7_Phase_A11_1_03d16h00m_1.png
53,746.0,129.29646455628165,0.9298506246740035,0.8776470588235294,0.5607578886030935,0.7936074275057913,41,40,127.55495978552278,15.692173159152553,livecell_phase__train-Huh7_Phase_A11_1_03d16h00m_1.png
54,716.0,125.02438661763952,0.9305658934860422,0.8806888068880688,0.5756167475952104,-0.7794733117393804,39,42,127.60335195530726,18.986960828469254,livecell_phase__train-Huh7_Phase_A11_1_03d16h00m_1.png
55,679.0,100.18376618407356,0.7586210242010775,0.9603960396039604,0.8501291938692774,1.3154559080737938,25,35,127.98527245949926,5.755941122875333,livecell_phase__train-Huh7_Phase_A11_1_03d16h00m_1.png
56,637.0,93.25483399593904,0.5407914001676876,0.9666160849772383,0.9204635381456154,1.3891782350191715,27,31,127.8524332810047,9.819255801892801,livecell_phase__train-Huh7_Phase_A11_1_03d16h00m_1.png
57,448.0,83.01219330881976,0.6088743565344253,0.9294605809128631,0.8169662216882808,0.6804759661148889,27,25,127.58928571428571,16.843716278221514,livecell_phase__train-Huh7_Phase_A11_1_03d16h00m_1.png
58,426.0,76.18376618407356,0.40900101682084206,0.9530201342281879,0.9223475240183484,0.5504269723804682,25,23,129.15962441314554,24.713814802908427,livecell_phase__train-Huh7_Phase_A11_1_03d16h00m_1.png
59,393.0,86.91168824543142,0.6819409892711118,0.8599562363238512,0.6538016950305258,0.6360627979937915,30,25,128.39440203562341,26.724866563480216,livecell_phase__train-Huh7_Phase_A11_1_03d16h00m_1.png
60,396.0,89.14823227814082,0.9020426495177336,0.9406175771971497,0.6261517201737972,1.5396100255090404,16,38,127.92424242424242,5.503379878097153,livecell_phase__train-Huh7_Phase_A11_1_03d16h00m_1.png
61,348.0,81.83452377915607,0.9152001046735877,0.9693593314763231,0.6530042217430357,1.5326796117372257,13,35,128.23850574712642,23.53801059127119,livecell_phase__train-Huh7_Phase_A11_1_03d16h00m_1.png
62,284.0,64.5269119345812,0.6935865369818889,0.9281045751633987,0.857129496792289,-0.015709949508128568,23,17,128.21830985915494,23.555184291416165,livecell_phase__train-Huh7_Phase_A11_1_03d16h00m_1.png
63,280.0,61.112698372208094,0.18025576874332325,0.9491525423728814,0.9421172926239536,-0.19246520438668077,20,19,127.94642857142857,26.56906071438917,livecell_phase__train-Huh7_Phase_A11_1_03d16h00m_1.png
64,228.0,54.2842712474619,0.49993509056423713,0.9620253164556962,0.9722919435884844,1.502434843968501,16,19,127.83333333333333,23.332800745801496,livecell_phase__train-Huh7_Phase_A11_1_03d16h00m_1.png
65,205.0,51.45584412271572,0.29440242359773666,0.9579439252336449,0.97295848731819,1.5165938800611316,16,17,128.0829268292683,15.371432204548679,livecell_phase__train-Huh7_Phase_A11_1_03d16h00m_1.png
66,178.0,51.21320343559643,0.8119943646046514,0.9319371727748691,0.8528368980672996,0.3860356174164443,19,13,126.26404494382022,29.42048795870519,livecell_phase__train-Huh7_Phase_A11_1_03d16h00m_1.png
1,9824.0,490.34523779156063,0.7736038959962808,0.8110294724675968,0.5134454317648413,0.23583145269226502,174,116,128.034914495114,5.735900291207073,livecell_phase__train-Huh7_Phase_A11_1_03d16h00m_3.png
2,8533.0,418.2325394193526,0.22805677029139526,0.8900594555126734,0.6130218747267528,-0.8195560723675859,122,122,127.8348763623579,11.103659858433817,livecell_phase__train-Huh7_Phase_A11_1_03d16h00m_3.png
3,7148.0,381.492424049175,0.4867813608337383,0.8648517846339988,0.6171952459342268,0.41334354011069846,113,108,127.96656407386682,10.377344792804587,livecell_phase__train-Huh7_Phase_A11_1_03d16h00m_3.png
4,7389.0,335.0609665440988,0.6688169783196305,0.9740311099393619,0.8270806428943693,1.1005079627146912,100,112,127.99377452970631,9.752088127606738,livecell_phase__train-Huh7_Phase_A11_1_03d16h00m_3.png
5,7431.0,365.1198410471445,0.7713953879540325,0.9295721791343508,0.7004647066679894,0.4450565620125276,124,96,127.8262683353519,9.91346431120665,livecell_phase__train-Huh7_Phase_A11_1_03d16h00m_3.png
6,5086.0,336.38582233137674,0.8168568278729968,0.8713380161041631,0.5648210233045274,0.29100607970752235,111,74,127.66044042469524,17.07974737724758,livecell_phase__train-Huh7_Phase_A11_1_03d16h00m_3.png
7,5256.0,307.0782104868019,0.8336024675457125,0.9196850393700787,0.7004339988351254,-0.9898204187728593,80,104,127.91057838660578,9.036750308283754,livecell_phase__train-Huh7_Phase_A11_1_03d16h00m_3.png
8,5067.0,338.8355697996826,0.7897078064115264,0.8781629116117851,0.5546037205503224,1.2534975845198275,74,118,127.86481152555753,8.68730061676925,livecell_phase__train-Huh7_Phase_A11_1_03d16h00m_3.png
9,5210.0,275.27922061357856,0.6529426474730806,0.9793233082706767,0.8639741075381281,0.6593446278616065,85,81,127.72053742802304,12.161573025080944,livecell_phase__train-Huh7_Phase_A11_1_03d16h00m_3.png
10,4478.0,295.66399692442883,0.6187797658007587,0.9112739112739112,0.6437200940437632,0.24525002779370603,101,75,127.85931219294328,9.652369517980897,livecell_phase__train-Huh7_Phase_A11_1_03d16h00m_3.png
11,4602.0,315.03657992645924,0.9153313660093793,0.9581511555277952,0.5826859015864344,0.3955690957009806,118,67,127.8548457192525,9.768785454768208,livecell_phase__train-Huh7_Phase_A11_1_03d16h00m_3.png
12,4259.0,290.16652224137044,0.7722993759080878,0.8704271408134069,0.6356570893568414,-0.25209874198158033,92,69,127.91077717774125,13.711806613384352,livecell_phase__train-Huh7_Phase_A11_1_03d16h00m_3.png
13,4145.0,271.7228714274745,0.8274859505444147,0.9266711379387436,0.705475617282607,-0.4119015330125936,90,70,127.61785283474065,14.31948640582031,livecell_phase__train-Huh7_Phase_A11_1_03d16h00m_3.png
14,3606.0,388.6761902332486,0.875187317219888,0.571745679403837,0.29995749086045054,-0.99666038932704,100,106,127.89046034387133,15.79622500165091,livecell_phase__train-Huh7_Phase_A11_1_03d16h00m_3.png
15,3580.0,287.62236636408613,0.6518250906479295,0.8110557317625736,0.543810489733395,1.0875062781827771,74,94,127.7608938547486,12.084679403939344,livecell_phase__train-Huh7_Phase_A11_1_03d16h00m_3.png
16,3483.0,255.03657992645924,0.5256118739326445,0.9357872111767866,0.6729121762346169,-0.6195959893039947,83,72,128.01091013494116,6.663599324822722,livecell_phase__train-Huh7_Phase_A11_1_03d16h00m_3.png
17,3670.0,239.48023074035524,0.6496058754082098,0.9691048323210985,0.804149122619375,0.1988799797664682,83,61,127.87792915531335,16.139103360843308,livecell_phase__train-Huh7_Phase_A11_1_03d16h00m_3.png
18,3578.0,228.06601717798213,0.3922537395704432,0.9751976015263014,0.8644284333916026,1.3447060554262567,66,70,127.92817216321967,7.988577302186501,livecell_phase__train-Huh7_Phase_A11_1_03d16h00m_3.png
19,3538.0,244.06601717798213,0.8533336300710936,0.9746556473829201,0.7463680915839375,-1.2296157978120152,57,89,127.92679479932166,11.012917538060472,livecell_phase__train-Huh7_Phase_A11_1_03d16h00m_3.png
20,3552.0,300.953318805774,0.9446427782273519,0.9576705311404692,0.49281571389255274,0.09463093432651305,126,42,127.96903153153153,18.153783400844343,livecell_phase__train-Huh7_Phase_A11_1_03d16h00m_3.png
21,3380.0,274.75840533340727,0.8063034791208565,0.824390243902439,0.562632208320765,0.7900311808661236,79,83,127.82958579881657,13.16261337853155,livecell_phase__train-Huh7_Phase_A11_1_03d16h00m_3.png
22,3250.0,247.80003589374985,0.7833899004086238,0.8995294768890119,0.6651054324894293,0.917247628596512,72,75,127.87107692307693,10.118695282735423,livecell_phase__train-Huh7_Phase_A11_1_03d16h00m_3.png
23,2935.0,266.03657992645924,0.7733653224913101,0.8121195351411179,0.5211170197184823,1.0446716666011167,60,85,127.91277683134582,13.14323749874787,livecell_phase__train-Huh7_Phase_A11_1_03d16h00m_3.png
24,2885.0,222.50966799187808,0.6945713609154472,0.9321486268174475,0.7322475210182501,-1.402935552280553,56,76,127.98960138648181,7.76946179492988,livecell_phase__train-Huh7_Phase_A11_1_03d16h00m_3.png
25,2741.0,256.651803615609,0.8602572437977452,0.93358310626703,0.5229139867354072,-1.1709361967238274,58,93,127.9850419554907,8.789947882235124,livecell_phase__train-Huh7_Phase_A11_1_03d16h00m_3.png
26,2617.0,202.0243866176395,0.7319975530633194,0.9589593257603518,0.8057605359731919,-0.24188855816798696,71,48,127.6901031715705,12.143513149237753,livecell_phase__train-Huh7_Phase_A11_1_03d16h00m_3.png
27,2616.0,201.63961030678928,0.5868973452979355,0.9816135084427767,0.8085295644129907,1.169930479789514,54,60,127.84480122324159,9.955308952344703,livecell_phase__train-Huh7_Phase_A11_1_03d16h00m_3.png
28,2652.0,232.71067811865476,0.9166162805870715,0.9354497354497354,0.6153904613869793,0.023285364179272603,89,43,127.84313725490196,11.202623472267664,livecell_phase__train-Huh7_Phase_A11_1_03d16h00m_3.png
29,2560.0,218.12489168102783,0.7149847756231968,0.9169054441260746,0.6761442701771005,-0.6433736784874209,67,57,127.995703125,14.238989067411536,livecell_phase__train-Huh7_Phase_A11_1_03d16h00m_3.png
30,2383.0,206.22539674441617,0.8669934610630775,0.950538492221779,0.7041247512048228,1.3473534689656408,43,74,127.91984892992026,13.456441768595315,livecell_phase__train-Huh7_Phase_A11_1_03d16h00m_3.png
31,2113.0,183.49747468305833,0.5998903921931574,0.9657221206581352,0.7885862084643325,-0.9254344866136494,49,52,127.65688594415523,24.9010939145222,livecell_phase__train-Huh7_Phase_A11_1_03d16h00m_3.png
32,2144.0,225.17261889578032,0.7533389442598782,0.8217707934074358,0.5313778987419858,-0.8929652679511279,71,68,127.78171641791045,7.871218687158535,livecell_phase__train-Huh7_Phase_A11_1_03d16h00m_3.png
33,2192.0,283.0538238691624,0.6462280761229711,0.6179870312940513,0.34380513684050323,1.2030705582702876,75,75,127.83987226277372,8.992007683129737,livecell_phase__train-Huh7_Phase_A11_1_03d16h00m_3.png
34,2149.0,214.93607486307093,0.893661292161973,0.847397476340694,0.5845580590960235,0.8383043037026917,67,70,127.95998138669148,9.842230506806798,livecell_phase__train-Huh7_Phase_A11_1_03d16h00m_3.png
35,2064.0,236.16652224137047,0.9500861097981081,0.7429805615550756,0.46503205314552176,0.0003059607096479864,92,38,128.16763565891472,13.685985554991706,livecell_phase__train-Huh7_Phase_A11_1_03d16h00m_3.png
36,2018.0,183.84062043356593,0.8127656590954973,0.9701923076923077,0.7503226762179176,1.5521653013465129,39,64,127.76511397423191,8.595717237003916,livecell_phase__train-Huh7_Phase_A11_1_03d16h00m_3.png
37,1965.0,207.58073580374355,0.6120625045668106,0.835814547001276,0.573057663391201,-1.4827643432448019,50,66,128.16590330788804,13.459503212547041,livecell_phase__train-Huh7_Phase_A11_1_03d16h00m_3.png
38,1858.0,199.29646455628165,0.8796049372908894,0.851512373968836,0.5878362776842633,0.098055114828066,67,40,127.96663078579117,10.190540240448794,livecell_phase__train-Huh7_Phase_A11_1_03d16h00m_3.png
39,1808.0,170.8111831820431,0.6321149871049454,0.9627263045793397,0.77870988588437,-0.5408191576519273,55,44,127.86449115044248,11.221271093878407,livecell_phase__train-Huh7_Phase_A11_1_03d16h00m_3.png
40,1783.0,204.16652224137044,0.8802824679485006,0.83356708742403,0.5375169267274575,-0.11344385289327162,78,41,127.61862030286035,11.556747786848627,livecell_phase__train-Huh7_Phase_A11_1_03d16h00m_3.png
41,1659.0,168.9177848998413,0.7020642560291414,0.9016304347826087,0.730643448933582,-0.11100860987512494,59,42,126.90596745027125,18.170369983627694,livecell_phase__train-Huh7_Phase_A11_1_03d16h00m_3.png
42,1662.0,171.09545442950497,0.7718637536423801,0.909688013136289,0.7134506538021126,-0.8941937982157122,49,57,127.73164861612516,10.758935929552536,livecell_phase__train-Huh7_Phase_A11_1_03d16h00m_3.png
43,1541.0,153.92388155425118,0.7730313999714469,0.9728535353535354,0.8173357393117785,0.5468396836806175,55,43,128.10577547047373,8.762411558809907,livecell_phase__train-Huh7_Phase_A11_1_03d16h00m_3.png
44,1553.0,181.63961030678928,0.9035553533492285,0.8426478567552903,0.5915074198563163,-1.3165959311619886,38,61,128.00772698003863,8.810880824976461,livecell_phase__train-Huh7_Phase_A11_1_03d16h00m_3.png
45,1544.0,188.76955262170046,0.9575309224574075,0.9578163771712159,0.5444942111994595,-0.02019659264357397,79,24,127.60427461139896,12.484166443119495,livecell_phase__train-Huh7_Phase_A11_1_03d16h00m_3.png
46,1476.0,204.8528137423857,0.9219880292190415,0.751145038167939,0.44198990925117065,0.9952660137367355,56,65,127.91937669376694,9.38730784959031,livecell_phase__train-Huh7_Phase_A11_1_03d16h00m_3.png
47,1525.0,165.19595949289334,0.7695447635979343,0.9321515892420538,0.7022324046331833,-1.0231929198439265,42,58,128.03147540983608,21.50892287858544,livecell_phase__train-Huh7_Phase_A11_1_03d16h00m_3.png
48,1381.0,156.5685424949238,0.8431885664568236,0.9504473503097041,0.7079368598655215,1.2350874181378046,35,57,127.72845763939175,14.67275602786094,livecell_phase__train-Huh7_Phase_A11_1_03d16h00m_3.png
49,1417.0,263.62236636408613,0.8696989703723774,0.5790764201062526,0.2562212856854367,-0.16062602024257558,90,47,127.44107268877912,18.51016485454663,livecell_phase__train-Huh7_Phase_A11_1_03d16h00m_3.png
50,1261.0,143.6812408671319,0.8029666863518834,0.9589353612167301,0.7675820507283941,0.9414379987331872,42,50,127.79857256145915,19.513122883216823,livecell_phase__train-Huh7_Phase_A11_1_03d16h00m_3.png
51,1298.0,153.63961030678928,0.8494101776287094,0.9153737658674189,0.6910001833279368,0.7748714531968487,48,43,127.88289676425269,11.320046453138202,livecell_phase__train-Huh7_Phase_A11_1_03d16h00m_3.png
52,1182.0,142.18376618407356,0.7425137960586422,0.9425837320574163,0.7347292220238448,-1.2788197878912406,38,44,127.90862944162437,15.13755686140927,livecell_phase__train-Huh7_Phase_A11_1_03d16h00m_3.png
53,1257.0,150.32590180780454,0.7237976697527938,0.918859649122807,0.699000531508918,0.44457427181518266,48,40,128.4200477326969,18.40151957504468,livecell_phase__train-Huh7_Phase_A11_1_03d16h00m_3.png
54,1230.0,152.08326112068522,0.8557876449542017,0.9564541213063764,0.6682702726653968,-0.4382206248262517,54,34,127.10243902439025,18.21741087783361,livecell_phase__train-Huh7_Phase_A11_1_03d16h00m_3.png
55,1126.0,128.66904755831214,0.5866790769865455,0.9740484429065744,0.8546731923699861,0.15316734788534198,42,34,127.26376554174068,10.776539449979543,livecell_phase__train-Huh7_Phase_A11_1_03d16h00m_3.png
56,1045.0,134.05382386916236,0.5528973729168212,0.9313725490196079,0.730748177820523,-0.6734720565061021,40,42,126.71674641148326,22.019829187630844,livecell_phase__train-Huh7_Phase_A11_1_03d16h00m_3.png
57,992.0,133.76345596729058,0.7622188231372229,0.906764168190128,0.696701225526277,-1.5056804584971688,29,41,127.54737903225806,12.951980683061532,livecell_phase__train-Huh7_Phase_A11_1_03d16h00m_3.png
58,989.0,126.36753236814712,0.6842689605416399,0.9330188679245283,0.778278701742921,-0.7763010679526671,40,41,128.24772497472193,17.751238791878794,livecell_phase__train-Huh7_Phase_A11_1_03d16h00m_3.png
59,931.0,118.2842712474619,0.6326749596991215,0.9538934426229508,0.8361911137435232,0.03766754775868421,37,30,127.90440386680989,15.596981583834504,livecell_phase__train-Huh7_Phase_A11_1_03d16h00m_3.png
60,888.0,119.59797974644667,0.5815775473273106,0.9416755037115588,0.780144664426441,0.40833598546350947,37,33,127.48198198198199,17.75007015947661,livecell_phase__train-Huh7_Phase_A11_1_03d16h00m_3.png
61,667.0,107.59797974644665,0.5694146976393021,0.9460992907801419,0.7239814915818628,0.12467173074662112,36,27,127.7616191904048,10.118569733425097,livecell_phase__train-Huh7_Phase_A11_1_03d16h00m_3.png
62,428.0,78.5269119345812,0.6649795372320257,0.9511111111111111,0.8722010289063628,0.2566468057403898,27,21,127.51168224299066,18.45206859644239,livecell_phase__train-Huh7_Phase_A11_1_03d16h00m_3.png
1,12451.0,493.88939366884495,0.546830457008641,0.8553273339286941,0.6414380190335206,1.2717967010096356,134,144,127.94956228415388,10.830430974375464,livecell_phase__train-Huh7_Phase_A11_1_03d16h00m_4.png
2,4924.0,314.6639969244288,0.6735762017962801,0.8384130767920994,0.6249334893749553,-0.83342472865361,93,94,127.69151096669374,16.856169911512684,livecell_phase__train-Huh7_Phase_A11_1_03d16h00m_4.png
3,4877.0,373.0965004500315,0.8408767756151497,0.7271507380348889,0.4402711911656509,-0.7488612674556276,115,114,128.0161984826738,6.675244776600407,livecell_phase__train-Huh7_Phase_A11_1_03d16h00m_4.png
4,4293.0,321.01933598375615,0.7685373850461851,0.8252595155709342,0.5234899739269745,-0.5927194934054109,99,86,127.00442580945726,26.975150179550848,livecell_phase__train-Huh7_Phase_A11_1_03d16h00m_4.png
5,4142.0,254.75230867899737,0.31240667746212114,0.9576878612716763,0.8020172358557175,-1.4989561730581065,70,73,127.70835345243843,10.751637281923337,livecell_phase__train-Huh7_Phase_A11_1_03d16h00m_4.png
6,3966.0,247.52186130069782,0.7319794599524083,0.9633228078698081,0.8134585899835037,-0.7367101439318375,76,75,128.05521936459908,6.77639600776457,livecell_phase__train-Huh7_Phase_A11_1_03d16h00m_4.png
7,3884.0,271.0782104868019,0.8054532889816874,0.9085380116959064,0.6642015202025766,0.9941518357001325,77,87,128.05664263645727,10.13538044785975,livecell_phase__train-Huh7_Phase_A11_1_03d16h00m_4.png
8,3788.0,318.3919189857867,0.8157243657043356,0.8414038205242115,0.46956504643084274,1.0757264840756533,72,100,128.04936642027454,13.361197034240828,livecell_phase__train-Huh7_Phase_A11_1_03d16h00m_4.png
9,3673.0,301.1787155501902,0.8366097727402306,0.8332577132486388,0.5088411655672799,-1.1522829433993997,70,99,127.76967056901715,12.504060231420892,livecell_phase__train-Huh7_Phase_A11_1_03d16h00m_4.png
10,3519.0,245.14927829866735,0.5312511477775276,0.939652870493992,0.7358137391706845,1.1770708279445719,73,84,128.13157146916737,12.079071711200013,livecell_phase__train-Huh7_Phase_A11_1_03d16h00m_4.png
11,3408.0,261.62236636408613,0.8322686867050518,0.8975506979194101,0.6256907161653187,-0.2699176713510711,93,62,127.92987089201878,10.157016110768502,livecell_phase__train-Huh7_Phase_A11_1_03d16h00m_4.png
12,3284.0,310.0243866176395,0.9581378530956086,0.7785680417259364,0.42935971957127395,0.2094960619726699,111,53,127.88489646772229,11.650311048327284,livecell_phase__train-Huh7_Phase_A11_1_03d16h00m_4.png
13,3303.0,271.2081528017131,0.8472486511063299,0.8454056821090351,0.5643037758747974,-1.236207885189624,63,95,127.95095367847412,8.206132825756285,livecell_phase__train-Huh7_Phase_A11_1_03d16h00m_4.png
14,3256.0,241.76450198781714,0.8851658967191341,0.961038961038961,0.7000179747480529,-0.4965786048289439,91,60,127.85472972972973,15.260919552580855,livecell_phase__train-Huh7_Phase_A11_1_03d16h00m_4.png
15,3010.0,252.5929291125633,0.8712973998155912,0.8257887517146777,0.5928351988533763,0.5135451139464422,93,64,127.53554817275747,16.426001350924384,livecell_phase__train-Huh7_Phase_A11_1_03d16h00m_4.png
16,2719.0,241.17261889578037,0.8425146908482001,0.8949967083607636,0.5874394015678309,0.4330978875677288,89,54,128.05810959911733,7.07431311853372,livecell_phase__train-Huh7_Phase_A11_1_03d16h00m_4.png
17,2463.0,224.27922061357856,0.8127960207147071,0.8490175801447777,0.6153131539909841,-0.7432180083728529,71,67,127.76979293544458,20.525856588963027,livecell_phase__train-Huh7_Phase_A11_1_03d16h00m_4.png
18,2509.0,279.86500705120545,0.9369635175122686,0.6766450916936354,0.4025439702865815,-1.1883157451820219,73,85,127.6576325229175,10.155249764671284,livecell_phase__train-Huh7_Phase_A11_1_03d16h00m_4.png
19,2314.0,225.58073580374355,0.34412785278831365,0.8532448377581121,0.571438110127762,-1.1360622486405039,60,58,127.59680207433017,17.861887504117394,livecell_phase__train-Huh7_Phase_A11_1_03d16h00m_4.png
20,2249.0,191.49747468305833,0.7134564626230767,0.9324212271973465,0.7706784531681505,1.4080351868691838,46,59,127.5131169408626,16.679409338677726,livecell_phase__train-Huh7_Phase_A11_1_03d16h00m_4.png
21,2113.0,215.82947314527274,0.8951123339954693,0.8404932378679395,0.5700170679536434,1.191175702222521,51,75,127.9138665404638,11.950448326174866,livecell_phase__train-Huh7_Phase_A11_1_03d16h00m_4.png
22,2202.0,194.06601717798213,0.6803923934171704,0.9470967741935484,0.7347307102140619,0.7162497022013518,61,60,127.77111716621253,11.58745608552438,livecell_phase__train-Huh7_Phase_A11_1_03d16h00m_4.png
23,2131.0,219.20815280171308,0.8368914795214593,0.8152257077276205,0.5572882788967066,0.9043197153209036,66,61,128.01360863444393,14.188821935794008,livecell_phase__train-Huh7_Phase_A11_1_03d16h00m_4.png
24,2176.0,194.4680374315355,0.8338371204956041,0.9801801801801802,0.7230565961986795,-0.11618777154601363,73,39,127.59099264705883,19.782642229325063,livecell_phase__train-Huh7_Phase_A11_1_03d16h00m_4.png
25,2131.0,187.63961030678928,0.6701386905004006,0.9458499778073679,0.7605788930845043,0.09389117766349205,61,47,127.89629282027217,12.01813272426221,livecell_phase__train-Huh7_Phase_A11_1_03d16h00m_4.png
26,2110.0,188.6812408671319,0.680955605467625,0.9344552701505757,0.7447917748695765,0.005023730432099145,65,45,128.0952606635071,8.937748176559886,livecell_phase__train-Huh7_Phase_A11_1_03d16h00m_4.png
27,2099.0,195.63961030678928,0.8448932272186614,0.9043515725980181,0.6891420087123769,-1.5053935407939838,43,70,127.99142448785136,11.415155995162438,livecell_phase__train-Huh7_Phase_A11_1_03d16h00m_4.png
28,2032.0,193.1370849898476,0.7070813749711251,0.9169675090252708,0.6845453472548619,0.4550019482389628,66,56,127.31692913385827,12.870797564248296,livecell_phase__train-Huh7_Phase_A11_1_03d16h00m_4.png
29,1999.0,210.65180361560903,0.8896357825501227,0.8988309352517986,0.5660988781860494,1.0982441697983707,48,81,127.32916458229114,13.199197485436606,livecell_phase__train-Huh7_Phase_A11_1_03d16h00m_4.png
30,1792.0,258.79393923934,0.9616755701092402,0.6397715101749375,0.33623248225961455,-0.16138732545510304,93,42,127.69252232142857,12.351519476163144,livecell_phase__train-Huh7_Phase_A11_1_03d16h00m_4.png
31,1813.0,192.71067811865476,0.9021036894126514,0.9083166332665331,0.6134739258451497,0.04476953800860677,76,36,128.12741312741312,10.791141787328332,livecell_phase__train-Huh7_Phase_A11_1_03d16h00m_4.png
32,1804.0,178.23759005323595,0.772387441211334,0.9204081632653062,0.7135884209392752,-0.5240090398106275,64,48,128.28381374722838,11.919182013366058,livecell_phase__train-Huh7_Phase_A11_1_03d16h00m_4.png
33,1727.0,176.36753236814712,0.7934479258277453,0.9245182012847966,0.697693897683257,0.046899589670825845,66,39,127.97510133178923,17.470397319130562,livecell_phase__train-Huh7_Phase_A11_1_03d16h00m_4.png
34,1700.0,188.16652224137047,0.8329054248597287,0.8744855967078189,0.6033566017180139,-0.7019894706055392,67,49,127.98235294117647,11.636844897546336,livecell_phase__train-Huh7_Phase_A11_1_03d16h00m_4.png
35,1667.0,169.63961030678928,0.5718563297140205,0.9179515418502202,0.7279322013528167,0.4535193181262732,48,48,127.92201559688063,9.322388955058184,livecell_phase__train-Huh7_Phase_A11_1_03d16h00m_4.png
36,1509.0,188.40916292848976,0.916730974231339,0.8091152815013405,0.5341891511070832,-0.8720595074042041,57,58,127.9012591119947,9.171594709104646,livecell_phase__train-Huh7_Phase_A11_1_03d16h00m_4.png
37,1634.0,169.78174593052023,0.724842646166414,0.9315849486887116,0.7123278521141823,1.5338422394428142,41,60,128.08384332925337,12.360296761179073,livecell_phase__train-Huh7_Phase_A11_1_03d16h00m_4.png
38,1673.0,170.75230867899737,0.8548785788311438,0.9637096774193549,0.7210620456613116,-0.7656734801054771,58,49,127.90615660490137,10.707943395232848,livecell_phase__train-Huh7_Phase_A11_1_03d16h00m_4.png
39,1591.0,157.0538238691624,0.5920850200899359,0.9447743467933492,0.8105559795502472,-1.206325128214041,42,48,128.03519798868635,6.547223847441473,livecell_phase__train-Huh7_Phase_A11_1_03d16h00m_4.png
40,1540.0,190.19595949289334,0.9131978868822596,0.8165429480381761,0.5349682549098855,0.029363535998114938,72,37,126.77922077922078,24.239536972466453,livecell_phase__train-Huh7_Phase_A11_1_03d16h00m_4.png
41,1489.0,168.1959594928933,0.8179357501151634,0.8980699638118215,0.6614140930410077,-0.8661158603782372,45,58,128.012760241773,8.10561403485712,livecell_phase__train-Huh7_Phase_A11_1_03d16h00m_4.png
42,1408.0,182.95331880577402,0.9236657245072416,0.797281993204983,0.5286058129846694,0.08054169616029501,68,35,127.41832386363636,12.037542104509525,livecell_phase__train-Huh7_Phase_A11_1_03d16h00m_4.png
43,1468.0,163.7401153701776,0.3549200143888388,0.8706998813760379,0.6880590880521823,0.06289508268316879,44,44,128.3991825613079,13.498917077846404,livecell_phase__train-Huh7_Phase_A11_1_03d16h00m_4.png
44,1476.0,153.49747468305833,0.7257664095476972,0.9609375,0.7872157085298601,0.27859066612729466,51,38,128.25338753387533,10.700442999919813,livecell_phase__train-Huh7_Phase_A11_1_03d16h00m_4.png
45,1492.0,166.98885271170678,0.6795021527002667,0.9261328367473619,0.6723628746348134,1.229060706470157,46,55,127.94906166219839,16.298450737372466,livecell_phase__train-Huh7_Phase_A11_1_03d16h00m_4.png
46,1450.0,158.8528137423857,0.8613446272105396,0.9421702404158544,0.722084533061291,-0.7209857202603428,49,50,127.92620689655172,16.142321845939122,livecell_phase__train-Huh7_Phase_A11_1_03d16h00m_4.png
47,1450.0,159.12489168102786,0.7805140584545643,0.9427828348504551,0.7196173475828949,0.17752553604325713,58,38,127.81655172413794,11.345216301903626,livecell_phase__train-Huh7_Phase_A11_1_03d16h00m_4.png
48,1363.0,141.0538238691624,0.684294364904701,0.9756621331424481,0.8608668643996001,-0.10014519982626287,49,36,127.991195891416,17.75053127351613,livecell_phase__train-Huh7_Phase_A11_1_03d16h00m_4.png
49,1352.0,157.095454429505,0.8253468228575542,0.9061662198391421,0.6884292555762022,-0.4915694447583835,58,41,128.0362426035503,8.238010119807022,livecell_phase__train-Huh7_Phase_A11_1_03d16h00m_4.png
50,1222.0,188.06601717798213,0.628199589013468,0.6838276440962507,0.4341706036821079,-1.5482172275700439,53,56,127.7430441898527,14.830005520160745,livecell_phase__train-Huh7_Phase_A11_1_03d16h00m_4.png
51,1335.0,177.71677477306463,0.7720412854200347,0.8071342200725514,0.5311709114433609,0.3298519416408872,64,43,127.91460674157304,8.860139462068041,livecell_phase__train-Huh7_Phase_A11_1_03d16h00m_4.png
52,1329.0,195.49747468305833,0.959358320640843,0.8931451612903226,0.43697092531624565,-1.403366830543964,26,80,128.11136192626034,7.709429522523965,livecell_phase__train-Huh7_Phase_A11_1_03d16h00m_4.png
53,1267.0,155.9827560572969,0.2658646248446043,0.9167872648335745,0.6543849456311615,0.21443120435323543,44,48,127.89187056037885,11.207034458895999,livecell_phase__train-Huh7_Phase_A11_1_03d16h00m_4.png
54,1267.0,137.67514421272202,0.6447776702496673,0.9627659574468085,0.839992481333048,0.7563383736156477,43,42,127.86108918705604,19.199726050748072,livecell_phase__train-Huh7_Phase_A11_1_03d16h00m_4.png
55,1278.0,135.39696961967,0.6917775125817565,0.9711246200607903,0.8760377663940367,0.3862867308078408,46,36,128.44835680751174,15.547294989610625,livecell_phase__train-Huh7_Phase_A11_1_03d16h00m_4.png
56,1249.0,159.4386001800126,0.8518869682389257,0.8473541383989145,0.6174266299525227,-1.3285280059022833,39,57,127.8390712570056,13.719617523171417,livecell_phase__train-Huh7_Phase_A11_1_03d16h00m_4.png
57,1240.0,159.1543289325507,0.7935458796091776,0.9560524286815728,0.6151692770531003,1.1720041447989256,37,56,127.78145161290323,15.6640582376811,livecell_phase__train-Huh7_Phase_A11_1_03d16h00m_4.png
58,1189.0,131.63961030678928,0.7310014262182397,0.9698205546492659,0.8622208937537523,1.1192098391514718,36,45,127.58284272497897,17.61854215726551,livecell_phase__train-Huh7_Phase_A11_1_03d16h00m_4.png
59,1137.0,132.08326112068522,0.5137598112209386,0.9475,0.8189827653444901,-0.21654077281969605,40,36,127.48812664907652,12.485139441301587,livecell_phase__train-Huh7_Phase_A11_1_03d16h00m_4.png
60,1003.0,142.61017305526644,0.7921005870876423,0.9201834862385321,0.6197403645302426,0.26271174143041176,56,35,127.55034895314058,12.034356243160849,livecell_phase__train-Huh7_Phase_A11_1_03d16h00m_4.png
61,1074.0,152.7462120245875,0.865939406285553,0.9032800672834315,0.5784598858622595,0.2933112177050788,59,35,128.0707635009311,15.626477493613432,livecell_phase__train-Huh7_Phase_A11_1_03d16h00m_4.png
62,1092.0,126.56854249492379,0.6136842144727042,0.9672276350752879,0.8566056693514159,-0.13344477080698713,44,33,128.63736263736263,16.016943741463667,livecell_phase__train-Huh7_Phase_A11_1_03d16h00m_4.png
63,1022.0,125.59797974644665,0.5797154386447999,0.9367552703941339,0.8141331752250861,-0.2744346672099421,38,33,127.80332681017613,11.231484815608924,livecell_phase__train-Huh7_Phase_A11_1_03d16h00m_4.png
64,1026.0,124.8111831820431,0.7316249753446972,0.9430147058823529,0.8276566795544529,1.379171547993776,33,44,128.00097465886938,12.83137750059247,livecell_phase__train-Huh7_Phase_A11_1_03d16h00m_4.png
65,994.0,136.5035713374682,0.8631240124616305,0.9237918215613383,0.6703601979150464,-0.9943810374822627,35,51,127.75150905432595,17.481108594208596,livecell_phase__train-Huh7_Phase_A11_1_03d16h00m_4.png
66,1049.0,137.9827560572969,0.8673514040979581,0.9510426110607434,0.6923659822263998,-1.1520809019428764,31,52,127.59675881792182,11.705246759331303,livecell_phase__train-Huh7_Phase_A11_1_03d16h00m_4.png
67,859.0,117.7401153701776,0.7790745495572459,0.9502212389380531,0.7786712029673002,-0.8373113115700999,37,35,128.30267753201397,6.327435672572493,livecell_phase__train-Huh7_Phase_A11_1_03d16h00m_4.png
68,795.0,141.0477272147525,0.9421916885778879,0.9555288461538461,0.5021631127090872,0.06281840898831917,62,20,128.3949685534591,11.061178066514294,livecell_phase__train-Huh7_Phase_A11_1_03d16h00m_4.png
69,801.0,121.05382386916236,0.6138395720461594,0.8890122086570478,0.6868870916818046,-0.04072987964090384,40,33,126.32084893882647,29.233840074843062,livecell_phase__train-Huh7_Phase_A11_1_03d16h00m_4.png
70,714.0,120.56244584051393,0.8308969551429776,0.8858560794044665,0.6172825158461777,1.4617234840158584,25,45,128.07282913165267,14.29100385402222,livecell_phase__train-Huh7_Phase_A11_1_03d16h00m_4.png
71,740.0,124.74621202458748,0.8660492374118149,0.9124537607891492,0.5975673355117329,-0.8139533162317331,42,38,127.26081081081081,13.995108388363603,livecell_phase__train-Huh7_Phase_A11_1_03d16h00m_4.png
72,561.0,108.46194077712558,0.6012161063071073,0.8711180124223602,0.599263715651179,0.40087739726482413,39,29,128.0409982174688,4.554298481016123,livecell_phase__train-Huh7_Phase_A11_1_03d16h00m_4.png
73,558.0,91.35533905932738,0.6906567200215078,0.9789473684210527,0.840187460098561,-0.21573491663537978,32,23,126.17383512544802,32.19759051718935,livecell_phase__train-Huh7_Phase_A11_1_03d16h00m_4.png
74,428.0,74.5269119345812,0.34541917097908176,0.9727272727272728,0.9683389037453897,0.8499504020351263,23,23,130.59579439252337,30.336549638927444,livecell_phase__train-Huh7_Phase_A11_1_03d16h00m_4.png
1,8471.0,441.5290039756343,0.7348940001576956,0.9038625693555271,0.5460420275254265,-0.5046141448811907,131,112,128.26454963994806,10.33111445561606,livecell_phase__train-Huh7_Phase_A11_1_03d20h00m_1.png
2,7083.0,346.3330444827409,0.5775995836396998,0.9341862305460301,0.7420603802770965,0.12698790102178453,113,94,128.07214457150926,7.843756383672551,livecell_phase__train-Huh7_Phase_A11_1_03d20h00m_1.png
3,6306.0,319.3624817342638,0.5605259268433075,0.9689612784265519,0.7769553141346537,-1.3040421272607834,93,103,127.84506818902632,10.892750753108384,livecell_phase__train-Huh7_Phase_A11_1_03d20h00m_1.png
4,5146.0,309.50461735799473,0.8268604423907849,0.8548172757475083,0.6750646723925736,0.40727186646895913,112,88,127.98115040808395,8.900769753975709,livecell_phase__train-Huh7_Phase_A11_1_03d20h00m_1.png
5,5654.0,327.3380951166243,0.8522198066924903,0.969811320754717,0.6630901346507049,0.006086440130195869,123,59,128.20056597099398,7.056527510568453,livecell_phase__train-Huh7_Phase_A11_1_03d20h00m_1.png
6,5373.0,319.75230867899734,0.754255259317599,0.9466173361522199,0.6603882339185672,-0.18621800545090195,105,69,128.0817048203983,10.69286923000414,livecell_phase__train-Huh7_Phase_A11_1_03d20h00m_1.png
7,4646.0,284.73506473629425,0.7277449161699497,0.9493257049448304,0.7201237975450855,-1.1767344702400582,73,103,128.14184244511407,7.657733308840846,livecell_phase__train-Huh7_Phase_A11_1_03d20h00m_1.png
8,3754.0,301.84776310850236,0.7245353761771245,0.8557100524276271,0.5177596579939333,-0.8990105147622337,86,91,128.03942461374533,5.634445899637501,livecell_phase__train-Huh7_Phase_A11_1_03d20h00m_1.png
9,3772.0,290.9716087690037,0.8508680217805158,0.8864864864864865,0.5598611315580396,-0.3487715012010635,105,68,127.834835630965,9.407135310512404,livecell_phase__train-Huh7_Phase_A11_1_03d20h00m_1.png
10,3668.0,239.1370849898476,0.6478613838052812,0.9652631578947368,0.8060190920259922,-1.2882767717186925,64,80,127.89667393675028,8.358838748867012,livecell_phase__train-Huh7_Phase_A11_1_03d20h00m_1.png
11,3457.0,255.49852070358486,0.857558227943248,0.95655783065855,0.6654761012617045,-1.052360919977381,67,97,127.87098640439687,8.649683595657882,livecell_phase__train-Huh7_Phase_A11_1_03d20h00m_1.png
12,3265.0,274.9888527117068,0.7393219861147062,0.8305774612058,0.5425788633932875,-0.895692129261604,66,76,128.16692189892802,7.444578848482044,livecell_phase__train-Huh7_Phase_A11_1_03d20h00m_1.png
13,2578.0,236.85891039679558,0.7210622792968531,0.8257527226137091,0.5774485868213443,1.313271441629184,63,69,128.07525213343678,8.5907603920774,livecell_phase__train-Huh7_Phase_A11_1_03d20h00m_1.png
14,2573.0,252.14318164425748,0.9154003585252968,0.806077694235589,0.5085752168685611,0.7926097397426913,76,78,127.99417022930432,3.7416009090219555,livecell_phase__train-Huh7_Phase_A11_1_03d20h00m_1.png
15,2511.0,199.4386001800126,0.5794537410459316,0.963915547024952,0.7933012565283816,1.2639962156330982,56,62,128.07009159697333,10.231756187428703,livecell_phase__train-Huh7_Phase_A11_1_03d20h00m_1.png
16,2529.0,229.9655121145938,0.5693214818346967,0.8879915730337079,0.6009429902706407,-0.2355657109029602,70,61,127.9992091735864,13.813020121564488,livecell_phase__train-Huh7_Phase_A11_1_03d20h00m_1.png
17,2522.0,207.23759005323592,0.7781188660916611,0.9629629629629629,0.7379346099439485,1.4652703714852604,50,77,128.0475812846947,6.89867444213878,livecell_phase__train-Huh7_Phase_A11_1_03d20h00m_1.png
18,2605.0,259.75230867899734,0.8753701453158932,0.8738678295873867,0.4851753849862177,0.18857683802167366,95,44,127.92053742802304,7.619062648520042,livecell_phase__train-Huh7_Phase_A11_1_03d20h00m_1.png
19,2402.0,215.17261889578032,0.6811714316372086,0.916094584286804,0.6519418425694923,0.7530214665029231,69,62,128.0466278101582,12.142657065143988,livecell_phase__train-Huh7_Phase_A11_1_03d20h00m_1.png
20,2515.0,218.40916292848976,0.6014375682737956,0.8799860041987404,0.6625309096863602,-0.6713694028292042,65,61,128.0854870775348,15.912017293393708,livecell_phase__train-Huh7_Phase_A11_1_03d20h00m_1.png
21,2354.0,219.82947314527274,0.7258534092786835,0.8916666666666667,0.6121311557455473,1.0889666532005968,55,71,128.1873406966865,9.373274584984857,livecell_phase__train-Huh7_Phase_A11_1_03d20h00m_1.png
22,2339.0,206.69343417595164,0.667999529086616,0.8951396861844623,0.6879972839339654,0.39439569136174885,73,59,128.27533133817872,15.533751288083625,livecell_phase__train-Huh7_Phase_A11_1_03d20h00m_1.png
23,2344.0,237.82337649086287,0.7919663748959739,0.8639882049391817,0.520784907741126,-1.1059618909664979,59,84,128.10878839590444,7.252316887622889,livecell_phase__train-Huh7_Phase_A11_1_03d20h00m_1.png
24,2121.0,237.74621202458746,0.9111185076636922,0.8470447284345048,0.47154519121753946,-0.01372930128937562,88,36,127.90664780763791,11.835098239454343,livecell_phase__train-Huh7_Phase_A11_1_03d20h00m_1.png
25,2014.0,215.10764773832472,0.8059389236375272,0.9242771913721891,0.5469625956940237,0.9596072771424489,63,74,127.98113207547169,4.894887338340753,livecell_phase__train-Huh7_Phase_A11_1_03d20h00m_1.png
26,1935.0,207.2731239591687,0.7319367287401908,0.8099623273336124,0.5659849034188175,-0.7420846248863817,58,59,128.09560723514213,9.126708191294561,livecell_phase__train-Huh7_Phase_A11_1_03d20h00m_1.png
27,1855.0,192.65180361560903,0.8944014375315269,0.8926852743022137,0.6280693778583832,1.1582857530342174,49,69,128.3245283018868,9.524790578231736,livecell_phase__train-Huh7_Phase_A11_1_03d20h00m_1.png
28,1808.0,201.3086578651014,0.48198082475605025,0.8293577981651377,0.5606391005265933,-0.7257947590386221,60,60,127.59568584070796,17.10107003764026,livecell_phase__train-Huh7_Phase_A11_1_03d20h00m_1.png
29,1670.0,170.0538238691624,0.48862993538984106,0.9175824175824175,0.7256939979116739,0.9692689761716842,47,49,127.73053892215569,7.20174390536245,livecell_phase__train-Huh7_Phase_A11_1_03d20h00m_1.png
30,1713.0,158.78174593052023,0.4792073798779323,0.9656144306651635,0.853819522923314,-1.0797877197375907,46,49,128.00233508464683,7.896365767177283,livecell_phase__train-Huh7_Phase_A11_1_03d20h00m_1.png
31,1696.0,166.08326112068522,0.8021556874748054,0.9797804737146159,0.7726520910792498,1.1653143087524007,40,55,127.77063679245283,7.876769706522447,livecell_phase__train-Huh7_Phase_A11_1_03d20h00m_1.png
32,1692.0,177.09545442950497,0.8237741651551184,0.9312052834342323,0.6779464554609492,0.5933717031534713,59,48,127.70508274231679,9.774944942751116,livecell_phase__train-Huh7_Phase_A11_1_03d20h00m_1.png
33,1670.0,229.00104602052653,0.949696125920477,0.7760223048327137,0.4001763355028155,0.8433738835204586,78,64,127.31137724550898,10.001559274610837,livecell_phase__train-Huh7_Phase_A11_1_03d20h00m_1.png
34,1676.0,186.8528137423857,0.8823094938261603,0.8938666666666667,0.6032323088625438,0.21402322725946413,71,42,127.8573985680191,10.189227495531838,livecell_phase__train-Huh7_Phase_A11_1_03d20h00m_1.png
35,1622.0,191.6812408671319,0.7582894103541149,0.799408575653031,0.5547553376769203,1.3796168609667465,48,67,128.08939580764488,7.571852184521879,livecell_phase__train-Huh7_Phase_A11_1_03d20h00m_1.png
36,1644.0,157.39696961966996,0.5401340591060062,0.9597197898423818,0.8339095434952896,1.3785848821680995,42,51,128.11009732360097,6.587289260073594,livecell_phase__train-Huh7_Phase_A11_1_03d20h00m_1.png
37,1509.0,179.7228714274745,0.8354938487592348,0.8309471365638766,0.5870734044110446,-1.2545859597964866,43,62,127.73823724320742,10.694926232781139,livecell_phase__train-Huh7_Phase_A11_1_03d20h00m_1.png
38,1440.0,162.63961030678928,0.4219014262638028,0.8737864077669902,0.684100182118142,-0.8166069686827903,50,44,128.5951388888889,6.664737531936179,livecell_phase__train-Huh7_Phase_A11_1_03d20h00m_1.png
39,1447.0,176.77564927611036,0.8887818255197975,0.8910098522167488,0.5818801110922126,0.28501312328062317,63,40,127.72978576364893,9.35550446953373,livecell_phase__train-Huh7_Phase_A11_1_03d20h00m_1.png
40,1365.0,168.71067811865476,0.7846219304592702,0.8800773694390716,0.6026391936477864,0.09406386839820788,60,38,127.84908424908424,10.899773541866105,livecell_phase__train-Huh7_Phase_A11_1_03d20h00m_1.png
41,1332.0,149.57463914933368,0.40620742751462524,0.9092150170648464,0.7481663329579243,0.8869999065886748,47,46,128.8858858858859,12.901819559230006,livecell_phase__train-Huh7_Phase_A11_1_03d20h00m_1.png
42,1310.0,166.16652224137047,0.7705574944765975,0.8435286542176432,0.5962029200482959,-1.2607487580955217,44,57,127.9885496183206,5.281888125585597,livecell_phase__train-Huh7_Phase_A11_1_03d20h00m_1.png
43,1221.0,162.40916292848974,0.9282961511786878,0.9414032382420972,0.5817072439125437,0.623879225976245,56,48,128.12366912366912,5.516880948427324,livecell_phase__train-Huh7_Phase_A11_1_03d20h00m_1.png
44,1261.0,147.9827560572969,0.7005260832477415,0.9190962099125365,0.7236069470970353,0.520334963388509,44,44,127.97938144329896,6.134848903487093,livecell_phase__train-Huh7_Phase_A11_1_03d20h00m_1.png
45,1146.0,137.09545442950497,0.4845117815758517,0.9447650453421269,0.7662109791224276,-0.6821813561333759,44,43,128.05322862129145,15.923457650196774,livecell_phase__train-Huh7_Phase_A11_1_03d20h00m_1.png
46,1149.0,165.12489168102786,0.7243315310734464,0.7940566689702834,0.5295473526745822,0.902263879443072,41,54,128.4421235857267,5.808624872164433,livecell_phase__train-Huh7_Phase_A11_1_03d20h00m_1.png
47,1144.0,129.53910524340094,0.571607860017789,0.9637742207245156,0.8567105253327227,-1.2036688689516446,38,43,128.2124125874126,18.312635205383085,livecell_phase__train-Huh7_Phase_A11_1_03d20h00m_1.png
48,1048.0,147.9177848998413,0.7468980434154969,0.8213166144200627,0.6019083353617085,0.6068014146441012,51,37,127.99618320610686,11.445022282652184,livecell_phase__train-Huh7_Phase_A11_1_03d20h00m_1.png
49,1155.0,141.29646455628165,0.7468410907153186,0.9210526315789473,0.726991373676454,0.5055982494334649,47,38,127.81125541125542,8.490017243577126,livecell_phase__train-Huh7_Phase_A11_1_03d20h00m_1.png
50,1161.0,152.11879502661796,0.7359764816415585,0.8755656108597285,0.6304872820559875,0.8232732156906959,43,41,128.15073212747632,6.321737097436562,livecell_phase__train-Huh7_Phase_A11_1_03d20h00m_1.png
51,1015.0,154.95941546018392,0.9309341047236637,0.9227272727272727,0.5311778629552032,0.5715182508856258,57,43,128.10935960591132,7.873310974315049,livecell_phase__train-Huh7_Phase_A11_1_03d20h00m_1.png
52,1005.0,158.16042558696057,0.7407915263098904,0.8909574468085106,0.5048708262745351,0.6139885766037603,50,35,128.05572139303482,7.590572812632173,livecell_phase__train-Huh7_Phase_A11_1_03d20h00m_1.png
53,1025.0,121.39696961966999,0.6506473037245852,0.9669811320754716,0.8740132928843113,-0.20355096381249485,42,33,127.47219512195122,18.25695878184336,livecell_phase__train-Huh7_Phase_A11_1_03d20h00m_1.png
54,1019.0,158.3259018078045,0.9398190367930365,0.845643153526971,0.5108343669562324,1.3982751667715614,26,64,127.85475956820412,5.787071002766771,livecell_phase__train-Huh7_Phase_A11_1_03d20h00m_1.png
55,927.0,176.82947314527274,0.9080284522251838,0.6811168258633358,0.37254633236636325,0.7020148983717229,57,51,127.29557713052859,17.170790401307897,livecell_phase__train-Huh7_Phase_A11_1_03d20h00m_1.png
56,962.0,131.88225099390857,0.7968189712837845,0.9312681510164569,0.6950438961507708,-0.49600234517142067,45,34,127.77234927234927,12.138200403434356,livecell_phase__train-Huh7_Phase_A11_1_03d20h00m_1.png
57,908.0,138.71067811865476,0.8298020203011011,0.8330275229357799,0.5930289880466817,-0.9808487884690164,35,52,127.91629955947137,6.725718176161858,livecell_phase__train-Huh7_Phase_A11_1_03d20h00m_1.png
58,859.0,127.74011537017762,0.5702883184218192,0.8846549948506695,0.6615282875265601,0.12340049891417613,42,31,127.76367869615832,6.898653238286362,livecell_phase__train-Huh7_Phase_A11_1_03d20h00m_1.png
59,894.0,160.84671708797583,0.9157452803832666,0.6882217090069284,0.43423315515982913,0.364177305615421,58,40,127.59395973154362,7.177176678970116,livecell_phase__train-Huh7_Phase_A11_1_03d20h00m_1.png
60,894.0,129.46803743153546,0.6486435709936553,0.9322210636079249,0.6702275155395732,0.12274232482739304,47,34,127.77293064876957,8.97977499566771,livecell_phase__train-Huh7_Phase_A11_1_03d20h00m_1.png
61,867.0,187.36753236814712,0.8087269217542578,0.7454858125537404,0.31034180888335827,0.7324931440136401,41,43,127.4475201845444,11.53423079401851,livecell_phase__train-Huh7_Phase_A11_1_03d20h00m_1.png
62,790.0,137.63961030678928,0.9211901100164771,0.8936651583710408,0.5240226832668876,-0.10998622319030542,54,23,127.46962025316456,15.529994289780099,livecell_phase__train-Huh7_Phase_A11_1_03d20h00m_1.png
63,766.0,128.91168824543144,0.8377290522413492,0.8734321550741163,0.5792339938170926,0.13236438096177183,53,26,127.4242819843342,8.284679335419074,livecell_phase__train-Huh7_Phase_A11_1_03d20h00m_1.png
64,735.0,103.9827560572969,0.632072908379059,0.9545454545454546,0.8542294791658815,0.28043585523928094,35,31,127.8421768707483,12.081790003265345,livecell_phase__train-Huh7_Phase_A11_1_03d20h00m_1.png
65,743.0,138.01219330881975,0.939262190628338,0.8973429951690821,0.4901892267217794,0.1606876542794443,56,24,128.4078061911171,6.026124677825197,livecell_phase__train-Huh7_Phase_A11_1_03d20h00m_1.png
66,732.0,105.05382386916237,0.6414713197923138,0.9606299212598425,0.8334838998767985,-0.7832653736926253,33,35,127.86748633879782,7.198981615788318,livecell_phase__train-Huh7_Phase_A11_1_03d20h00m_1.png
67,710.0,113.70458146424487,0.6341568664653958,0.8733087330873309,0.6901004091119456,-1.3576794767330016,29,34,127.14366197183098,12.967312451844643,livecell_phase__train-Huh7_Phase_A11_1_03d20h00m_1.png
68,694.0,122.08326112068522,0.910717386386861,0.9365721997300944,0.585136367051669,1.4587412144520038,21,52,127.82132564841498,4.013996474226883,livecell_phase__train-Huh7_Phase_A11_1_03d20h00m_1.png
69,661.0,111.1543289325507,0.7781254693632202,0.8314465408805032,0.6722929566868479,-0.11677723068268464,37,30,128.94402420574886,14.970618167400062,livecell_phase__train-Huh7_Phase_A11_1_03d20h00m_1.png
70,657.0,148.30256121069152,0.9772735317609178,0.9037138927097662,0.37538587822600833,1.0806527983048617,36,60,128.61491628614917,15.352161054447619,livecell_phase__train-Huh7_Phase_A11_1_03d20h00m_1.png
71,581.0,107.74011537017762,0.8416241510906376,0.8671641791044776,0.6289717270594606,0.8400890333384838,33,32,128.8605851979346,20.572013951123495,livecell_phase__train-Huh7_Phase_A11_1_03d20h00m_1.png
72,562.0,99.25483399593904,0.6223114065253778,0.9168026101141925,0.7168740255535474,0.0470177721346406,37,24,127.80427046263345,10.565544429612217,livecell_phase__train-Huh7_Phase_A11_1_03d20h00m_1.png
73,560.0,93.59797974644667,0.6535489649227344,0.9348914858096828,0.8032762771425533,0.25149620418955804,31,26,127.375,16.270769693796648,livecell_phase__train-Huh7_Phase_A11_1_03d20h00m_1.png
74,522.0,100.42640687119285,0.8472719421680185,0.9473684210526315,0.6504059687222636,-0.5677333912919144,38,23,128.07088122605364,18.48248510198993,livecell_phase__train-Huh7_Phase_A11_1_03d20h00m_1.png
75,521.0,96.66904755831214,0.7289884326181846,0.8540983606557377,0.7006041539370162,-1.4791269812954084,24,35,128.3531669865643,8.34236433832193,livecell_phase__train-Huh7_Phase_A11_1_03d20h00m_1.png
76,504.0,91.25483399593904,0.7860887465024124,0.9385474860335196,0.7605515253227355,0.5952204520382643,31,25,127.52777777777777,11.293488353414658,livecell_phase__train-Huh7_Phase_A11_1_03d20h00m_1.png
77,493.0,92.81118318204308,0.7539273205490861,0.939047619047619,0.7192107412740519,0.2497979101009684,36,25,127.947261663286,20.349912101082793,livecell_phase__train-Huh7_Phase_A11_1_03d20h00m_1.png
78,409.0,94.80508652763321,0.8467204730279865,0.8067061143984221,0.5718338948802986,-1.0218900591384763,29,31,128.39364303178485,12.099184990625025,livecell_phase__train-Huh7_Phase_A11_1_03d20h00m_1.png
79,421.0,96.66904755831214,0.9425609915410447,0.9053763440860215,0.5661311877302952,1.1804241098562522,22,38,127.10451306413302,8.318111399648073,livecell_phase__train-Huh7_Phase_A11_1_03d20h00m_1.png
80,351.0,79.15432893255071,0.8574874181263024,0.9140625,0.7039918604422244,0.5620468869057749,29,21,129.13960113960113,9.613641711828953,livecell_phase__train-Huh7_Phase_A11_1_03d20h00m_1.png
81,361.0,85.35533905932738,0.9208751398737174,0.9209183673469388,0.622666759959698,-1.1073281546210891,21,31,127.88642659279779,11.650537477681002,livecell_phase__train-Huh7_Phase_A11_1_03d20h00m_1.png
82,214.0,56.698484809834994,0.6262036240792249,0.9145299145299145,0.8365284796746364,-0.5788632236142669,19,17,128.4532710280374,23.214464624562176,livecell_phase__train-Huh7_Phase_A11_1_03d20h00m_1.png
83,227.0,60.698484809834994,0.545261085588821,0.9153225806451613,0.7742478731111753,0.9679470494815424,20,19,125.97356828193833,25.68376313995826,livecell_phase__train-Huh7_Phase_A11_1_03d20h00m_1.png
84,153.0,56.14213562373095,0.9457959328362285,0.95625,0.6099910133541626,-1.568471543279091,8,25,129.640522875817,25.35592758663915,livecell_phase__train-Huh7_Phase_A11_1_03d20h00m_1.png
1,9135.0,381.50461735799473,0.5297905711452324,0.9444789081885856,0.7887126719271609,-1.051784296584091,114,117,128.0536398467433,10.856942653157788,livecell_phase__train-Huh7_Phase_A11_1_04d00h00m_1.png
2,8710.0,404.97770542341357,0.762094222000211,0.8956298200514139,0.6673686295819733,0.09476904622247465,125,100,128.01113662456947,8.919501716912453,livecell_phase__train-Huh7_Phase_A11_1_04d00h00m_1.png
3,8282.0,367.78279195104676,0.6579014743523506,0.9486827033218785,0.7694178891021461,-0.756241433994284,118,107,128.11977783144167,10.965188161251083,livecell_phase__train-Huh7_Phase_A11_1_04d00h00m_1.png
4,7548.0,326.3919189857867,0.4883831998817153,0.983837330552659,0.8903545043312854,1.0727802422149817,94,103,127.85466348701642,10.853419269355376,livecell_phase__train-Huh7_Phase_A11_1_04d00h00m_1.png
5,7391.0,367.8772003600252,0.6570626973582928,0.9088785046728972,0.6862894469891062,-0.19440005512748249,123,92,128.03247192531458,7.808544930579649,livecell_phase__train-Huh7_Phase_A11_1_04d00h00m_1.png
6,7027.0,398.9421715174808,0.7482319382675169,0.7853151542244077,0.5548299838728601,-1.3238966390183784,97,113,127.92884588017647,12.66699984236269,livecell_phase__train-Huh7_Phase_A11_1_04d00h00m_1.png
7,6144.0,357.13098833543773,0.7690422922897235,0.9317561419472248,0.6053492375314106,0.010351830872970919,127,68,128.10888671875,6.33725748921118,livecell_phase__train-Huh7_Phase_A11_1_04d00h00m_1.png
8,6108.0,334.9360748630709,0.8955865936686321,0.9726114649681529,0.6842031029376785,0.15704332998499293,131,65,128.06745252128357,8.361297640048456,livecell_phase__train-Huh7_Phase_A11_1_04d00h00m_1.png
9,4939.0,288.27922061357856,0.6051689936153636,0.9334719334719335,0.7468307851255791,-1.085377370123963,77,93,128.10062765742052,7.668535461980901,livecell_phase__train-Huh7_Phase_A11_1_04d00h00m_1.png
10,4564.0,266.68124086713186,0.5031433011329901,0.9546120058565154,0.8064372227509271,-1.1711619365560602,74,79,127.87226117440841,7.519832502410095,livecell_phase__train-Huh7_Phase_A11_1_04d00h00m_1.png
11,4437.0,270.5512985522207,0.7476150348550582,0.948076923076923,0.7617282233710165,0.5050971986582751,83,78,127.65945458643228,9.07892963054805,livecell_phase__train-Huh7_Phase_A11_1_04d00h00m_1.png
12,4316.0,285.81727983645294,0.7554941780885928,0.9392818280739935,0.6639178370349871,-1.5295106362480098,58,99,127.77896200185357,10.6209561868037,livecell_phase__train-Huh7_Phase_A11_1_04d00h00m_1.png
13,3890.0,300.79393923934,0.8852893877756648,0.8826866348990243,0.5402830000409341,0.14062941057586584,115,53,128.04704370179948,7.417730287815054,livecell_phase__train-Huh7_Phase_A11_1_04d00h00m_1.png
14,3765.0,246.24978336205572,0.6853963329294113,0.9567979669631512,0.7802308719585607,-1.1015548983575612,71,84,127.94847277556441,4.858912587413706,livecell_phase__train-Huh7_Phase_A11_1_04d00h00m_1.png
15,3416.0,263.3797256769669,0.8547237294932508,0.8840579710144928,0.6188181513377743,-0.9039927011408696,66,92,127.89373536299766,9.769690169100803,livecell_phase__train-Huh7_Phase_A11_1_04d00h00m_1.png
16,3052.0,223.86500705120545,0.831559929637573,0.9679670155407548,0.7652828255941286,0.7814298218469142,71,69,128.00425950196592,6.624326287524586,livecell_phase__train-Huh7_Phase_A11_1_04d00h00m_1.png
17,2918.0,235.6223663640862,0.8135792238022882,0.8983990147783252,0.660483731597543,-0.5214092218090268,78,67,128.10795065113092,7.715045774584809,livecell_phase__train-Huh7_Phase_A11_1_04d00h00m_1.png
18,2969.0,244.95331880577407,0.8972811542066549,0.9740813648293963,0.6218038485079156,0.07840297486264862,100,40,127.9474570562479,7.100059613428516,livecell_phase__train-Huh7_Phase_A11_1_04d00h00m_1.png
19,2975.0,257.97770542341357,0.8685943822123144,0.9213378755032517,0.5617362915939563,0.9600277428782106,68,96,128.06521008403362,4.597088930675255,livecell_phase__train-Huh7_Phase_A11_1_04d00h00m_1.png
20,2913.0,336.0782104868019,0.9389225254155986,0.5835336538461539,0.3240929892736769,-0.09381629471561032,112,59,127.8256093374528,11.542833698820917,livecell_phase__train-Huh7_Phase_A11_1_04d00h00m_1.png
21,2887.0,249.03657992645927,0.5982342378862878,0.8759101941747572,0.5849656453407905,0.057747579780778435,84,68,127.9871839279529,5.742075631824983,livecell_phase__train-Huh7_Phase_A11_1_04d00h00m_1.png
22,2814.0,281.3797256769669,0.9614006827052821,0.8450450450450451,0.44663047531006705,-0.325054662671452,111,56,127.80063965884861,8.582166076991767,livecell_phase__train-Huh7_Phase_A11_1_04d00h00m_1.png
23,2787.0,225.29646455628165,0.7827539591457557,0.9630269523151348,0.6899825056392367,-0.1374238952629105,79,50,127.9519196268389,12.327977539826236,livecell_phase__train-Huh7_Phase_A11_1_04d00h00m_1.png
24,2835.0,268.1076477383248,0.728677302922241,0.8316221765913757,0.49561509189501957,-0.002140241686652109,89,62,128.10864197530864,9.715431429223578,livecell_phase__train-Huh7_Phase_A11_1_04d00h00m_1.png
25,2716.0,239.4802307403552,0.8662775359314306,0.8699551569506726,0.5951141735788075,-0.06838441992707411,87,46,127.89469808541973,9.965438870902865,livecell_phase__train-Huh7_Phase_A11_1_04d00h00m_1.png
26,2727.0,208.69343417595167,0.7431376381358528,0.9591980302497362,0.7868236958421384,0.41768578973142007,76,56,127.8976897689769,14.538272586533326,livecell_phase__train-Huh7_Phase_A11_1_04d00h00m_1.png
27,2692.0,224.8111831820431,0.8805424942412228,0.9645288427087065,0.6693435718729949,1.2991408869925807,44,83,127.78937592867756,7.640258006376296,livecell_phase__train-Huh7_Phase_A11_1_04d00h00m_1.png
28,2578.0,240.06601717798213,0.9186693434359529,0.863073317710077,0.562123060771228,0.0788622271661831,93,41,128.22071373157488,16.221883402359826,livecell_phase__train-Huh7_Phase_A11_1_04d00h00m_1.png
29,2616.0,244.6101730552664,0.7579479633744491,0.8822934232715008,0.5494125478546437,1.489985105185566,51,90,127.90978593272172,7.456107790211435,livecell_phase__train-Huh7_Phase_A11_1_04d00h00m_1.png
30,2528.0,197.1370849898476,0.6082396820243139,0.949305294780323,0.8174294357803279,-1.508928389177896,54,70,127.96637658227849,7.9310253920649,livecell_phase__train-Huh7_Phase_A11_1_04d00h00m_1.png
31,2487.0,214.06601717798213,0.8486477618440312,0.9583815028901734,0.6820091347987071,0.4146736519606405,80,48,127.9762766385203,12.692009021913483,livecell_phase__train-Huh7_Phase_A11_1_04d00h00m_1.png
32,2451.0,207.67514421272202,0.6533406514416724,0.9004408523144747,0.7141412737761054,-1.13550992812101,58,60,128.06650346797227,5.500719879253301,livecell_phase__train-Huh7_Phase_A11_1_04d00h00m_1.png
33,2124.0,200.6812408671319,0.8042757048871919,0.8588758592802265,0.662751655104513,1.2597589064484214,50,71,127.92655367231639,6.407627809820951,livecell_phase__train-Huh7_Phase_A11_1_04d00h00m_1.png
34,2084.0,195.5391052434009,0.7904498028391748,0.9144361562088635,0.6849207624653807,-0.05125682922201812,71,43,128.02975047984646,15.651313244316365,livecell_phase__train-Huh7_Phase_A11_1_04d00h00m_1.png
35,2064.0,188.12489168102786,0.8552804241554035,0.9690140845070423,0.7328701467905752,0.09827017225366416,73,38,128.0765503875969,4.734517046760497,livecell_phase__train-Huh7_Phase_A11_1_04d00h00m_1.png
36,1944.0,189.25483399593904,0.5177701595517749,0.8824330458465729,0.6820436380225434,0.6699395548144135,53,53,127.92232510288066,11.475355394286154,livecell_phase__train-Huh7_Phase_A11_1_04d00h00m_1.png
37,1893.0,195.68124086713186,0.7203754196856059,0.8739612188365651,0.6212438330661086,-0.8943628717816101,54,60,128.17115689381933,9.77703209899437,livecell_phase__train-Huh7_Phase_A11_1_04d00h00m_1.png
38,1843.0,177.88225099390857,0.5319702860000592,0.9114737883283878,0.7319307044056365,-1.4984050915779825,48,53,127.70482908301682,16.687505227633025,livecell_phase__train-Huh7_Phase_A11_1_04d00h00m_1.png
39,1808.0,185.6812408671319,0.8213843550566297,0.9267042542286007,0.6589799949492706,0.7029163263191748,61,50,128.12389380530973,10.667445094223837,livecell_phase__train-Huh7_Phase_A11_1_04d00h00m_1.png
40,1828.0,162.02438661763952,0.48739437416684034,0.9723404255319149,0.8750347158306447,-0.4218095953009705,53,47,127.88621444201313,7.889358418804432,livecell_phase__train-Huh7_Phase_A11_1_04d00h00m_1.png
41,1699.0,179.77564927611036,0.42298761493486137,0.8690537084398977,0.660604474585677,-0.7969360019205688,52,48,128.05179517363155,9.582191214871065,livecell_phase__train-Huh7_Phase_A11_1_04d00h00m_1.png
42,1563.0,166.50966799187808,0.8044036749487347,0.9210371243370654,0.7084185624201922,1.0247052020092522,48,56,128.0339091490723,9.40090257217511,livecell_phase__train-Huh7_Phase_A11_1_04d00h00m_1.png
43,1465.0,169.25483399593904,0.9127523755817349,0.9537760416666666,0.6426364077914325,-1.5434406647360261,29,67,127.780204778157,4.259278243154015,livecell_phase__train-Huh7_Phase_A11_1_04d00h00m_1.png
44,1444.0,148.46803743153546,0.7584645396781935,0.9633088725817212,0.8232109182025302,1.1390157484440644,38,52,128.09695290858727,7.599407078525983,livecell_phase__train-Huh7_Phase_A11_1_04d00h00m_1.png
45,1426.0,163.1543289325507,0.750871691014714,0.9008212255211624,0.6731815224835699,0.7922753636312752,41,54,127.88639551192146,6.80409063872667,livecell_phase__train-Huh7_Phase_A11_1_04d00h00m_1.png
46,1384.0,176.36753236814712,0.8428800881554781,0.8277511961722488,0.559124698548713,1.0954732360087047,51,53,128.27962427745663,9.027606400119577,livecell_phase__train-Huh7_Phase_A11_1_04d00h00m_1.png
47,1296.0,176.81118318204307,0.8622773603743864,0.7276810780460415,0.520949235253766,-1.1371490949299392,45,50,128.45987654320987,18.656162586499246,livecell_phase__train-Huh7_Phase_A11_1_04d00h00m_1.png
48,1341.0,169.3086578651014,0.8840343229562009,0.9153583617747441,0.5878686597565043,0.7603475985905402,54,56,127.86800894854586,9.539104242895018,livecell_phase__train-Huh7_Phase_A11_1_04d00h00m_1.png
49,1257.0,149.49747468305833,0.705893854895752,0.9684129429892142,0.7067688959884947,0.18525824985203926,53,34,127.9848846459825,7.722448283070894,livecell_phase__train-Huh7_Phase_A11_1_04d00h00m_1.png
50,1278.0,163.02438661763952,0.8048560912645121,0.8899721448467967,0.6042763094792136,0.5039431450326071,58,40,128.05633802816902,15.869823128204004,livecell_phase__train-Huh7_Phase_A11_1_04d00h00m_1.png
51,1271.0,168.29646455628165,0.878868537200607,0.8008821676118463,0.5639043296221792,1.1373568932449414,47,54,128.26042486231313,11.345749952780137,livecell_phase__train-Huh7_Phase_A11_1_04d00h00m_1.png
52,1263.0,189.6812408671319,0.9284429486678395,0.7839851024208566,0.4411278227854776,0.3350796657840192,68,43,128.08630245447347,9.375917713117639,livecell_phase__train-Huh7_Phase_A11_1_04d00h00m_1.png
53,1139.0,128.46803743153546,0.5947332849542534,0.9644369178662151,0.8672482036155494,-1.0942380426164278,38,42,129.1044776119403,19.040333493128976,livecell_phase__train-Huh7_Phase_A11_1_04d00h00m_1.png
54,1133.0,150.91168824543144,0.8887636624489252,0.9658994032395567,0.6251640827253724,1.4741841495375405,26,62,127.36893203883496,21.59062646813759,livecell_phase__train-Huh7_Phase_A11_1_04d00h00m_1.png
55,1051.0,147.29646455628165,0.8454474096694273,0.8869198312236287,0.6087345253940445,0.4361695673815304,50,40,127.70123691722169,15.797968904125796,livecell_phase__train-Huh7_Phase_A11_1_04d00h00m_1.png
56,989.0,130.22539674441617,0.8463128503899058,0.9583333333333334,0.732849468415207,0.07333239243831861,51,29,127.92922143579374,8.365333970459043,livecell_phase__train-Huh7_Phase_A11_1_04d00h00m_1.png
57,883.0,117.05382386916236,0.682414043110792,0.9577006507592191,0.8098402470784922,-0.15547908370315783,43,31,127.62967157417893,13.019712496141013,livecell_phase__train-Huh7_Phase_A11_1_04d00h00m_1.png
58,797.0,164.0893577750951,0.8642984631326569,0.6625103906899418,0.3719695205452332,0.4619460380399357,55,43,127.81806775407779,11.870094632314519,livecell_phase__train-Huh7_Phase_A11_1_04d00h00m_1.png
59,753.0,118.73401871576773,0.3327058074466693,0.8635321100917431,0.671203952945575,-0.5608364087300445,36,30,128.87782204515273,22.339905862122414,livecell_phase__train-Huh7_Phase_A11_1_04d00h00m_1.png
60,750.0,155.71067811865476,0.8593853628668182,0.6750675067506751,0.38871771692813084,1.1251083048936297,32,48,128.85333333333332,7.022807289269884,livecell_phase__train-Huh7_Phase_A11_1_04d00h00m_1.png
61,769.0,167.1543289325507,0.8907254426962635,0.6236820762368208,0.3458604857670861,0.7592583160446438,55,47,128.3003901170351,11.732586625485947,livecell_phase__train-Huh7_Phase_A11_1_04d00h00m_1.png
62,742.0,177.6162697096763,0.9595412117349255,0.6794871794871795,0.29556178430777336,1.0725674225974298,40,64,127.23045822102426,26.590677683771368,livecell_phase__train-Huh7_Phase_A11_1_04d00h00m_1.png
63,704.0,136.94722215136414,0.9553834121263582,0.8734491315136477,0.47171107005763885,1.3209937395391365,23,59,127.64772727272727,12.426981982699866,livecell_phase__train-Huh7_Phase_A11_1_04d00h00m_1.png
64,629.0,122.39696961966999,0.8515826122600082,0.7569193742478941,0.5276174840481693,1.4118181352983408,30,47,128.06200317965025,16.924248221509426,livecell_phase__train-Huh7_Phase_A11_1_04d00h00m_1.png
65,542.0,107.5269119345812,0.9113202687570447,0.8870703764320785,0.5890807127307547,-1.3620864568237376,21,41,128.68081180811808,12.862011088094523,livecell_phase__train-Huh7_Phase_A11_1_04d00h00m_1.png
66,515.0,87.698484809835,0.8330696256400937,0.9698681732580038,0.8414589092658556,-1.5122065564543705,18,34,128.0893203883495,19.776611235631663,livecell_phase__train-Huh7_Phase_A11_1_04d00h00m_1.png
67,404.0,77.698484809835,0.5263634812538284,0.9395348837209302,0.8409421669287037,-0.7741339494903783,23,24,125.88366336633663,18.171728407403087,livecell_phase__train-Huh7_Phase_A11_1_04d00h00m_1.png
68,323.0,80.62741699796952,0.7188709358531455,0.8115577889447236,0.6243769941940558,-1.2827779175052798,22,22,126.17956656346749,19.55729735132883,livecell_phase__train-Huh7_Phase_A11_1_04d00h00m_1.png
69,291.0,63.94112549695428,0.4613218837906851,0.941747572815534,0.8944216438333726,0.7670308317265062,20,21,126.66323024054982,27.33544937100334,livecell_phase__train-Huh7_Phase_A11_1_04d00h00m_1.png
70,262.0,65.11269837220809,0.8334291407032481,0.9097222222222222,0.776568496359087,1.084481527934649,18,23,126.69465648854961,17.87782674164109,livecell_phase__train-Huh7_Phase_A11_1_04d00h00m_1.png
71,199.0,62.14213562373095,0.9317963957540498,0.9660194174757282,0.6475757713059728,-1.5645405119949094,9,27,129.95477386934672,22.005777332422078,livecell_phase__train-Huh7_Phase_A11_1_04d00h00m_1.png
72,178.0,48.970562748477136,0.6695732021246343,0.956989247311828,0.9327380137253712,1.570767320163288,13,17,126.74719101123596,18.38899640379528,livecell_phase__train-Huh7_Phase_A11_1_04d00h00m_1.png
1,2096.0,194.36753236814712,0.8643221523408652,0.94627539503386,0.697194095246529,0.08591642675312826,74,40,128.00667938931298,8.958713254257999,livecell_phase__train-MCF7_Phase_E4_2_00d00h00m_2.png
2,2080.0,202.99494936611666,0.823247644981329,0.8873720136518771,0.634311717203635,0.17513848074565447,75,48,127.83317307692307,9.321890878301861,livecell_phase__train-MCF7_Phase_E4_2_00d00h00m_2.png
3,847.0,134.46803743153546,0.9055212803535221,0.8722966014418125,0.5886472800345461,-0.3846898183257265,49,32,127.26918536009445,19.953151320641997,livecell_phase__train-MCF7_Phase_E4_2_00d00h00m_2.png
4,596.0,106.43250352560273,0.6166781381907233,0.8587896253602305,0.6611615179773696,-0.3811503317755088,38,30,126.58221476510067,16.042778983421883,livecell_phase__train-MCF7_Phase_E4_2_00d00h00m_2.png
5,578.0,95.0477272147525,0.7404596434540475,0.9088050314465409,0.8039966321219949,-0.06678737793484409,35,25,126.16262975778547,23.05494838396929,livecell_phase__train-MCF7_Phase_E4_2_00d00h00m_2.png
6,588.0,103.59797974644667,0.7599668979590716,0.8776119402985074,0.6884693606724474,0.4607997393995291,34,27,127.79931972789116,18.280334017247274,livecell_phase__train-MCF7_Phase_E4_2_00d00h00m_2.png
7,592.0,136.61017305526642,0.9708000268440666,0.7005917159763314,0.3986258770323415,-0.7063058591727831,46,40,125.19256756756756,22.47318399366236,livecell_phase__train-MCF7_Phase_E4_2_00d00h00m_2.png
8,594.0,91.35533905932738,0.5419483761992828,0.9611650485436893,0.894393102685565,-0.5660149119252521,28,26,126.84343434343434,29.722012820765407,livecell_phase__train-MCF7_Phase_E4_2_00d00h00m_2.png
9,557.0,97.49747468305833,0.8484111473312499,0.9424703891708968,0.7363398846402555,-0.9707094561967345,29,32,127.80251346499102,13.655696786461919,livecell_phase__train-MCF7_Phase_E4_2_00d00h00m_2.png
10,456.0,87.84062043356595,0.6205446739468004,0.8958742632612967,0.7426495418373797,1.0579599506891557,25,29,132.00438596491227,46.19181952780846,livecell_phase__train-MCF7_Phase_E4_2_00d00h00m_2.png
11,495.0,113.9827560572969,0.8983334028449319,0.7112068965517241,0.47878083221967543,-1.377517867884117,24,42,127.53939393939395,25.22997182758176,livecell_phase__train-MCF7_Phase_E4_2_00d00h00m_2.png
12,522.0,84.76955262170048,0.3971594888113976,0.9560439560439561,0.9128524484229703,-1.4010754587442162,25,27,127.62260536398468,35.640033381283125,livecell_phase__train-MCF7_Phase_E4_2_00d00h00m_2.png
13,522.0,90.42640687119285,0.7874091924721541,0.9473684210526315,0.8022132269433341,-1.4790604296233132,21,35,127.44061302681992,18.581015473398256,livecell_phase__train-MCF7_Phase_E4_2_00d00h00m_2.png
14,509.0,82.76955262170047,0.4802138142454843,0.9658444022770398,0.9336550073906057,-0.30924594151687695,27,24,126.95677799607073,29.159444112916315,livecell_phase__train-MCF7_Phase_E4_2_00d00h00m_2.png
15,512.0,83.11269837220809,0.5269617254199742,0.9678638941398866,0.9314189294147704,0.014469397526766846,27,23,127.73828125,25.973654383738506,livecell_phase__train-MCF7_Phase_E4_2_00d00h00m_2.png
16,477.0,83.49747468305833,0.714923514800999,0.9559118236472945,0.8597685633736973,0.6083976943565557,29,25,127.9077568134172,18.919555028418483,livecell_phase__train-MCF7_Phase_E4_2_00d00h00m_2.png
17,496.0,88.76955262170047,0.734593749586468,0.9202226345083488,0.7909763132796243,0.17127309660820755,29,23,127.99596774193549,27.556905636464773,livecell_phase__train-MCF7_Phase_E4_2_00d00h00m_2.png
18,451.0,82.76955262170047,0.7008482937075243,0.9337474120082816,0.8272660281594563,1.4138091434252296,22,28,125.74057649667405,26.225638994838757,livecell_phase__train-MCF7_Phase_E4_2_00d00h00m_2.png
19,487.0,81.59797974644667,0.37869684460749564,0.9567779960707269,0.9191364994368543,0.23456007893328182,26,25,130.75564681724845,45.15067000604042,livecell_phase__train-MCF7_Phase_E4_2_00d00h00m_2.png
20,475.0,89.70458146424487,0.6673590776556555,0.8928571428571429,0.7417784722307454,0.8179363020127406,31,27,126.89052631578947,34.17017189145253,livecell_phase__train-MCF7_Phase_E4_2_00d00h00m_2.png
21,455.0,78.2842712474619,0.4258940383903169,0.9680851063829787,0.9329797863542716,1.5529508462971822,22,25,127.53626373626373,30.133882636388392,livecell_phase__train-MCF7_Phase_E4_2_00d00h00m_2.png
22,409.0,86.76955262170047,0.805256350820377,0.8776824034334764,0.682650567349967,0.16291847382486033,29,20,128.24694376528117,24.18177184743571,livecell_phase__train-MCF7_Phase_E4_2_00d00h00m_2.png
23,456.0,84.5269119345812,0.746866932539208,0.9382716049382716,0.8020190809442315,0.7035569970643928,25,26,126.71491228070175,20.85796466351849,livecell_phase__train-MCF7_Phase_E4_2_00d00h00m_2.png
24,454.0,85.59797974644667,0.8423125004480969,0.9458333333333333,0.7786435446280628,0.8586749974469577,26,27,127.87224669603525,23.077087360229235,livecell_phase__train-MCF7_Phase_E4_2_00d00h00m_2.png
25,433.0,81.35533905932738,0.7222426520176578,0.941304347826087,0.8221018804133988,0.012333257596836886,29,21,128.04157043879908,38.735237126216916,livecell_phase__train-MCF7_Phase_E4_2_00d00h00m_2.png
26,423.0,76.18376618407356,0.5178253727844662,0.9613636363636363,0.9158521189196276,-1.0332791669629537,23,25,128.04728132387706,37.26542247804198,livecell_phase__train-MCF7_Phase_E4_2_00d00h00m_2.png
27,417.0,82.18376618407356,0.7159654386631857,0.9144736842105263,0.7758429890324606,-0.14565561286848425,27,20,126.00719424460432,32.42068271439244,livecell_phase__train-MCF7_Phase_E4_2_00d00h00m_2.png
28,422.0,77.11269837220809,0.6479515114480132,0.9569160997732427,0.8918062548586246,0.36934964804736375,26,21,128.0,36.556649540027834,livecell_phase__train-MCF7_Phase_E4_2_00d00h00m_2.png
29,420.0,82.76955262170047,0.7464565262895252,0.9032258064516129,0.7704029530531521,1.0503788142770871,23,28,128.49761904761905,34.99302643517663,livecell_phase__train-MCF7_Phase_E4_2_00d00h00m_2.png
30,424.0,119.05382386916237,0.855009865671168,0.6533127889060092,0.375914452152533,-0.7314644092194885,32,31,130.29245283018867,14.257713556893213,livecell_phase__train-MCF7_Phase_E4_2_00d00h00m_2.png
31,413.0,82.18376618407356,0.8287354687861067,0.9343891402714932,0.7684008500489359,0.6733502386448845,28,23,126.76271186440678,37.19631662368953,livecell_phase__train-MCF7_Phase_E4_2_00d00h00m_2.png
32,387.0,75.62741699796952,0.5804601264208947,0.937046004842615,0.8502806459479747,-1.4897301555053093,20,24,128.19121447028425,37.184707274822124,livecell_phase__train-MCF7_Phase_E4_2_00d00h00m_2.png
33,361.0,81.01219330881976,0.8795853022280141,0.9139240506329114,0.6912199834023254,1.056882297591174,23,28,125.81994459833795,29.436221322695335,livecell_phase__train-MCF7_Phase_E4_2_00d00h00m_2.png
34,413.0,76.52691193458118,0.6234255527255951,0.9450800915331807,0.8861995765916642,1.4803040417993756,21,26,127.13075060532688,26.500351291349347,livecell_phase__train-MCF7_Phase_E4_2_00d00h00m_2.png
35,385.0,75.698484809835,0.724035429605469,0.941320293398533,0.8442988935640146,1.4348789295507516,19,26,124.24415584415584,32.50083113225569,livecell_phase__train-MCF7_Phase_E4_2_00d00h00m_2.png
36,390.0,80.76955262170047,0.813251744544864,0.8986175115207373,0.7512407132411134,-1.0979212105726264,20,30,131.32564102564103,42.39804191141874,livecell_phase__train-MCF7_Phase_E4_2_00d00h00m_2.png
37,395.0,78.42640687119285,0.734463244149839,0.9316037735849056,0.8070163311179117,-1.4562357341334349,20,29,128.273417721519,27.620322314826016,livecell_phase__train-MCF7_Phase_E4_2_00d00h00m_2.png
38,387.0,76.76955262170048,0.47485914484808256,0.9325301204819277,0.8251688205454899,-0.7280906214633487,23,25,127.62273901808786,24.080877930496317,livecell_phase__train-MCF7_Phase_E4_2_00d00h00m_2.png
39,366.0,72.94112549695429,0.635273644705587,0.9242424242424242,0.8644622418924182,-0.2619102009226576,24,20,128.26502732240436,37.00831734716003,livecell_phase__train-MCF7_Phase_E4_2_00d00h00m_2.png
40,391.0,72.2842712474619,0.5203912161287312,0.9654320987654321,0.9403705237788055,0.6591485987621946,22,22,130.462915601023,40.701182054766925,livecell_phase__train-MCF7_Phase_E4_2_00d00h00m_2.png
41,362.0,72.76955262170047,0.7169947263656288,0.9354005167958657,0.8590511522175241,0.47688373207360285,25,21,126.97790055248619,35.22445091912216,livecell_phase__train-MCF7_Phase_E4_2_00d00h00m_2.png
42,357.0,72.18376618407356,0.7305894216317468,0.9596774193548387,0.8609917794355686,-0.6466682722888744,24,22,127.37254901960785,31.877982135685993,livecell_phase__train-MCF7_Phase_E4_2_00d00h00m_2.png
43,359.0,69.94112549695427,0.5535001943169768,0.9547872340425532,0.9222296464518429,0.7740968618327345,22,22,128.5125348189415,41.6358966880454,livecell_phase__train-MCF7_Phase_E4_2_00d00h00m_2.png
44,331.0,70.84062043356595,0.6667537565587173,0.927170868347339,0.8288446632422115,0.926334854818397,24,23,126.84592145015105,30.044033243166414,livecell_phase__train-MCF7_Phase_E4_2_00d00h00m_2.png
45,286.0,64.04163056034261,0.6635749248561794,0.9470198675496688,0.8762966174158066,-1.1093699926310854,18,21,127.3881118881119,32.71929348817152,livecell_phase__train-MCF7_Phase_E4_2_00d00h00m_2.png
46,301.0,68.2842712474619,0.8325494181436319,0.9376947040498442,0.811213187101234,0.37869214564514614,24,18,123.67441860465117,39.56197430245982,livecell_phase__train-MCF7_Phase_E4_2_00d00h00m_2.png
47,326.0,69.94112549695427,0.5631067737281116,0.9314285714285714,0.837456447752927,-0.4570323935848155,22,21,132.68098159509202,44.385401557596715,livecell_phase__train-MCF7_Phase_E4_2_00d00h00m_2.png
48,321.0,72.76955262170046,0.565069159720036,0.8842975206611571,0.7617553034857054,-0.2689107862633819,24,20,127.85046728971963,34.77774660124122,livecell_phase__train-MCF7_Phase_E4_2_00d00h00m_2.png
49,333.0,70.04163056034261,0.7252490480201877,0.9541547277936963,0.8529854081222394,0.14491098230784816,24,18,130.61861861861863,34.304175695735026,livecell_phase__train-MCF7_Phase_E4_2_00d00h00m_2.png
50,297.0,79.00609665440987,0.9406648838821556,0.9674267100977199,0.5979227829396072,-1.5445973281542256,11,35,126.8013468013468,27.73815028712458,livecell_phase__train-MCF7_Phase_E4_2_00d00h00m_2.png
51,324.0,65.698484809835,0.6966653870235109,0.972972972972973,0.9432876901559161,-0.3306327678326076,23,18,127.1604938271605,40.373551050749704,livecell_phase__train-MCF7_Phase_E4_2_00d00h00m_2.png
52,301.0,64.8700576850888,0.4819347623468801,0.9376947040498442,0.8988511768434729,0.9449773253320786,20,20,125.02325581395348,42.03284735191408,livecell_phase__train-MCF7_Phase_E4_2_00d00h00m_2.png
53,323.0,65.11269837220809,0.4203077099619091,0.9670658682634731,0.9573726119236072,-0.4565002338119815,21,20,126.39938080495357,35.78857246554047,livecell_phase__train-MCF7_Phase_E4_2_00d00h00m_2.png
54,325.0,68.38477631085023,0.7271967516020951,0.9643916913946587,0.8733219255705404,1.3630337710275384,16,24,128.48923076923077,17.543897673040906,livecell_phase__train-MCF7_Phase_E4_2_00d00h00m_2.png
55,298.0,67.11269837220809,0.7354488450687252,0.9283489096573209,0.8314128390081444,0.4884404636958807,24,18,127.33892617449665,33.94027365870975,livecell_phase__train-MCF7_Phase_E4_2_00d00h00m_2.png
56,272.0,78.59797974644667,0.8677452583505949,0.768361581920904,0.5532940520993118,0.5702751038536685,26,23,125.98529411764706,33.10100080549317,livecell_phase__train-MCF7_Phase_E4_2_00d00h00m_2.png
57,321.0,75.76955262170047,0.7864685597211754,0.8699186991869918,0.7026279965319507,-0.7678061210511027,25,21,127.57009345794393,14.329964781724735,livecell_phase__train-MCF7_Phase_E4_2_00d00h00m_2.png
58,305.0,67.76955262170047,0.7418724890333561,0.9442724458204335,0.8345271417581291,0.34262670180746047,26,18,131.99016393442622,46.199885405145054,livecell_phase__train-MCF7_Phase_E4_2_00d00h00m_2.png
59,289.0,66.76955262170047,0.698506397211833,0.9262820512820513,0.8146119451644631,1.4697815514179036,18,25,125.08650519031141,39.10374973702199,livecell_phase__train-MCF7_Phase_E4_2_00d00h00m_2.png
60,304.0,63.45584412271571,0.4066312687827197,0.9559748427672956,0.9487246752632352,-0.36788565257706474,20,19,128.29276315789474,43.38713974205419,livecell_phase__train-MCF7_Phase_E4_2_00d00h00m_2.png
61,300.0,75.01219330881975,0.8466637165841778,0.8771929824561403,0.6699885649909714,-0.4472314153012518,28,20,127.87,29.883994043634797,livecell_phase__train-MCF7_Phase_E4_2_00d00h00m_2.png
62,289.0,65.94112549695427,0.6823259318262698,0.9475409836065574,0.8352086735450014,1.2257006781375464,18,24,132.80276816608998,41.512817788969265,livecell_phase__train-MCF7_Phase_E4_2_00d00h00m_2.png
63,294.0,68.94112549695427,0.7413783147767911,0.9363057324840764,0.7773210990457278,-0.859640491851162,20,24,133.3843537414966,43.18302954759984,livecell_phase__train-MCF7_Phase_E4_2_00d00h00m_2.png
64,295.0,66.52691193458118,0.7991855641595726,0.9365079365079365,0.8376009294438315,0.563459356753262,23,19,127.79322033898305,36.69232526969657,livecell_phase__train-MCF7_Phase_E4_2_00d00h00m_2.png
65,300.0,62.8700576850888,0.3295912197024986,0.9554140127388535,0.9537694358686802,-1.235443686699648,19,20,128.66666666666666,23.490612782319854,livecell_phase__train-MCF7_Phase_E4_2_00d00h00m_2.png
66,283.0,62.87005768508881,0.6666710363591265,0.9658703071672355,0.8997225011694548,0.9198149292470718,18,21,130.9964664310954,38.855944716487215,livecell_phase__train-MCF7_Phase_E4_2_00d00h00m_2.png
67,279.0,68.2842712474619,0.8600667021118023,0.9087947882736156,0.7519218578114428,-1.0180560093964082,19,23,133.7921146953405,40.54511813385968,livecell_phase__train-MCF7_Phase_E4_2_00d00h00m_2.png
68,277.0,62.38477631085023,0.5644131195016939,0.9453924914675768,0.8944012318335581,0.3673229710611594,20,17,128.48014440433212,42.14523371496349,livecell_phase__train-MCF7_Phase_E4_2_00d00h00m_2.png
69,231.0,59.62741699796952,0.6665895514960375,0.9058823529411765,0.8164504840275573,0.004339334896856338,20,16,126.58441558441558,18.494190487861736,livecell_phase__train-MCF7_Phase_E4_2_00d00h00m_2.png
70,275.0,64.76955262170047,0.7894395896698266,0.9322033898305084,0.8237601205122335,1.2998021154790618,17,25,127.26545454545455,44.89873947686694,livecell_phase__train-MCF7_Phase_E4_2_00d00h00m_2.png
71,278.0,61.21320343559643,0.3444107486590635,0.9553264604810997,0.9323188056293147,1.3030584223229629,18,19,130.67625899280574,47.295826367241546,livecell_phase__train-MCF7_Phase_E4_2_00d00h00m_2.png
72,274.0,59.698484809834994,0.505284530289851,0.9614035087719298,0.9661260887259486,0.5946334000875232,20,18,130.25912408759123,43.60450163385,livecell_phase__train-MCF7_Phase_E4_2_00d00h00m_2.png
73,258.0,60.526911934581186,0.41137941653917665,0.9381818181818182,0.8849781256125121,0.8398090129238648,20,18,124.5077519379845,38.44589899078682,livecell_phase__train-MCF7_Phase_E4_2_00d00h00m_2.png
74,233.0,57.79898987322333,0.7205806103546653,0.966804979253112,0.876446251677607,1.5264278641978706,14,21,124.21888412017168,38.59250282491786,livecell_phase__train-MCF7_Phase_E4_2_00d00h00m_2.png
75,236.0,57.62741699796952,0.5836821851987958,0.9402390438247012,0.8930248811973331,0.5521398197118372,18,18,129.9915254237288,38.491688683053155,livecell_phase__train-MCF7_Phase_E4_2_00d00h00m_2.png
76,251.0,61.4558441227157,0.7442041918926017,0.9471698113207547,0.8351360073926821,-0.29704355883123956,22,16,132.34262948207171,43.792726836349374,livecell_phase__train-MCF7_Phase_E4_2_00d00h00m_2.png
77,222.0,59.11269837220809,0.6078581104568483,0.888,0.7983645959076962,-1.1451987025793966,18,19,132.64864864864865,49.02079879387999,livecell_phase__train-MCF7_Phase_E4_2_00d00h00m_2.png
78,249.0,60.04163056034261,0.6002404139600458,0.9256505576208178,0.8679690816632136,0.5158889655317688,19,18,133.81124497991968,41.87369267942186,livecell_phase__train-MCF7_Phase_E4_2_00d00h00m_2.png
79,251.0,61.941125496954285,0.4755145206665475,0.9094202898550725,0.8221014244067185,1.363899473468861,20,20,128.84462151394422,41.20065273527743,livecell_phase__train-MCF7_Phase_E4_2_00d00h00m_2.png
80,210.0,61.4558441227157,0.5405615406068193,0.8936170212765957,0.6987193687349132,-0.32092742761655135,17,18,125.21428571428571,50.65501230982817,livecell_phase__train-MCF7_Phase_E4_2_00d00h00m_2.png
81,234.0,56.04163056034261,0.700909451400189,0.9629629629629629,0.9362766569664349,1.3146799260975792,15,20,125.37606837606837,48.83580137208198,livecell_phase__train-MCF7_Phase_E4_2_00d00h00m_2.png
82,182.0,51.798989873223334,0.6440844299530556,0.9479166666666666,0.85239063702303,0.47126482402475545,18,14,127.21428571428571,58.48662112708702,livecell_phase__train-MCF7_Phase_E4_2_00d00h00m_2.png
83,225.0,56.76955262170047,0.688262020245468,0.9453781512605042,0.877326885972207,0.7000102467483331,19,19,123.01777777777778,54.769250451888865,livecell_phase__train-MCF7_Phase_E4_2_00d00h00m_2.png
84,220.0,56.14213562373095,0.6734709808884658,0.9523809523809523,0.8771112610321292,-0.4193234264325105,19,14,123.38636363636364,32.1128803874218,livecell_phase__train-MCF7_Phase_E4_2_00d00h00m_2.png
85,235.0,56.87005768508881,0.5711097648706378,0.94,0.913083276883622,1.1564686018774668,17,18,138.03404255319148,53.546946101988425,livecell_phase__train-MCF7_Phase_E4_2_00d00h00m_2.png
86,217.0,63.698484809834994,0.8752284866495444,0.875,0.6720651784703394,0.04156839609090848,27,14,132.29032258064515,38.32559453772551,livecell_phase__train-MCF7_Phase_E4_2_00d00h00m_2.png
87,187.0,51.21320343559643,0.6468276020289818,0.9303482587064676,0.8959578648235114,-1.2146235060560377,14,17,121.8288770053476,21.294035727461633,livecell_phase__train-MCF7_Phase_E4_2_00d00h00m_2.png
88,230.0,54.87005768508881,0.5212848685900249,0.9623430962343096,0.9599903478846971,-0.8965365110171785,17,18,123.26521739130435,42.60449158496802,livecell_phase__train-MCF7_Phase_E4_2_00d00h00m_2.png
89,198.0,64.94112549695427,0.7080720480638258,0.75,0.5899774766048804,-0.987098410955169,20,20,125.62121212121212,19.26012666985456,livecell_phase__train-MCF7_Phase_E4_2_00d00h00m_2.png
90,200.0,57.07716446627535,0.7312997132224868,0.851063829787234,0.7714629618803528,0.708165897766032,17,20,115.325,50.29054955953455,livecell_phase__train-MCF7_Phase_E4_2_00d00h00m_2.png
91,204.0,54.62741699796952,0.757524598172187,0.9532710280373832,0.8590505095964065,0.7128108407801376,16,17,140.11764705882354,35.91869744069538,livecell_phase__train-MCF7_Phase_E4_2_00d00h00m_2.png
92,206.0,57.00609665440987,0.7616378748332431,0.9671361502347418,0.7965893113448104,1.4978979648401411,13,22,127.80582524271844,39.571137430238956,livecell_phase__train-MCF7_Phase_E4_2_00d00h00m_2.png
93,193.0,55.45584412271571,0.6152585439367062,0.8935185185185185,0.788628617244339,-1.445681402768303,16,19,142.23834196891193,56.26441260466817,livecell_phase__train-MCF7_Phase_E4_2_00d00h00m_2.png
94,188.0,68.76955262170047,0.7934661075686367,0.6811594202898551,0.4995458037165204,0.17263948957798306,22,16,142.43617021276594,46.142600086899506,livecell_phase__train-MCF7_Phase_E4_2_00d00h00m_2.png
95,166.0,61.798989873223334,0.9497469508791042,0.8097560975609757,0.5462044061013035,-1.4949626917718477,10,24,130.789156626506,47.997089550438545,livecell_phase__train-MCF7_Phase_E4_2_00d00h00m_2.png
96,175.0,52.38477631085024,0.7763340279215927,0.9259259259259259,0.8013785710747314,0.10716403083593763,20,12,129.0,11.622638008890851,livecell_phase__train-MCF7_Phase_E4_2_00d00h00m_2.png
97,165.0,47.21320343559643,0.6466241185058583,0.9428571428571428,0.93017972977257,-0.7311057941139839,15,15,118.48484848484848,43.66298009799204,livecell_phase__train-MCF7_Phase_E4_2_00d00h00m_2.png
98,173.0,61.66295090390226,0.9228749194378542,0.8277511961722488,0.5717515606403881,0.5447062831117887,21,17,129.23699421965318,37.320149312703855,livecell_phase__train-MCF7_Phase_E4_2_00d00h00m_2.png
99,169.0,57.11269837220809,0.9063652843769446,0.8578680203045685,0.651075284808965,0.9029706551228529,17,20,136.37869822485206,32.0959879991668,livecell_phase__train-MCF7_Phase_E4_2_00d00h00m_2.png
100,158.0,50.384776310850235,0.8914199024685069,0.9186046511627907,0.7821107970604336,-0.39241653861422904,19,12,130.31645569620252,30.295190871977624,livecell_phase__train-MCF7_Phase_E4_2_00d00h00m_2.png
101,157.0,54.14213562373095,0.8516008303390223,0.8722222222222222,0.6730367079016015,-1.5604825795396042,11,22,129.22292993630575,54.43404221555687,livecell_phase__train-MCF7_Phase_E4_2_00d00h00m_2.png
102,145.0,45.04163056034261,0.5511997495264247,0.9354838709677419,0.898151620997228,-0.28619122254357615,17,13,107.78620689655172,49.36439959810442,livecell_phase__train-MCF7_Phase_E4_2_00d00h00m_2.png
103,139.0,47.520815280171306,0.5751268802727549,0.8580246913580247,0.7734939095747356,0.6529572021118032,14,14,129.36690647482015,16.113421674368276,livecell_phase__train-MCF7_Phase_E4_2_00d00h00m_2.png
104,138.0,45.071067811865476,0.8388543190524407,0.971830985915493,0.853676361077893,0.07517253185436147,17,9,130.36231884057972,25.345137037202477,livecell_phase__train-MCF7_Phase_E4_2_00d00h00m_2.png
105,112.0,37.31370849898476,0.5495297359542617,0.9572649572649573,1.0108601073016557,1.0638027276111732,11,12,129.28571428571428,17.374770590175416,livecell_phase__train-MCF7_Phase_E4_2_00d00h00m_2.png
106,126.0,46.384776310850235,0.782592885694408,0.8513513513513513,0.7359180854613129,0.23235706031805872,16,11,130.72222222222223,11.960012003556704,livecell_phase__train-MCF7_Phase_E4_2_00d00h00m_2.png
107,119.0,52.42031021678297,0.8988122083766421,0.725609756097561,0.5441988904538304,1.4791165342281503,12,22,139.2689075630252,38.853030008268185,livecell_phase__train-MCF7_Phase_E4_2_00d00h00m_2.png
108,115.0,47.21320343559643,0.7121566868496784,0.7876712328767124,0.6483070843869428,-1.2296216450534037,13,18,131.81739130434784,25.434171676051907,livecell_phase__train-MCF7_Phase_E4_2_00d00h00m_2.png
109,65.0,29.692388155425117,0.7387120988624598,0.9848484848484849,0.9264734156933045,-0.46905211919818424,11,8,153.04615384615386,63.297449400364584,livecell_phase__train-MCF7_Phase_E4_2_00d00h00m_2.png
1,1191.0,161.53910524340094,0.6587757534445796,0.8513223731236598,0.5735433906860039,-0.8991509547275415,42,47,127.38287153652394,20.49192281291336,livecell_phase__train-MCF7_Phase_G4_2_00d04h00m_1.png
2,1094.0,150.61017305526642,0.5311072587783481,0.8724082934609251,0.6060641159855553,-0.08068940295324382,45,39,127.56855575868373,9.192356251444583,livecell_phase__train-MCF7_Phase_G4_2_00d04h00m_1.png
3,975.0,180.61017305526642,0.8421332734827618,0.6989247311827957,0.3756038733585077,0.5541141141699113,49,47,127.61025641025641,22.066888931467908,livecell_phase__train-MCF7_Phase_G4_2_00d04h00m_1.png
4,810.0,128.3259018078045,0.8237721235100446,0.8589607635206787,0.6181106592567381,-0.8153508718341413,37,39,127.13703703703703,17.35716982423316,livecell_phase__train-MCF7_Phase_G4_2_00d04h00m_1.png
5,694.0,141.4386001800126,0.9259994977998017,0.7398720682302772,0.4359467411718661,-0.8876301780140805,39,47,125.87608069164266,24.717812095392144,livecell_phase__train-MCF7_Phase_G4_2_00d04h00m_1.png
6,635.0,104.18376618407356,0.8443569147509429,0.9379615952732644,0.7351627329182528,-1.4632561554546424,21,40,127.8236220472441,18.105562971164996,livecell_phase__train-MCF7_Phase_G4_2_00d04h00m_1.png
7,610.0,142.5035713374682,0.6157537226353168,0.6524064171122995,0.37747500715854687,1.163609719110165,36,40,129.71639344262294,30.209973818927498,livecell_phase__train-MCF7_Phase_G4_2_00d04h00m_1.png
8,595.0,119.74011537017762,0.6130004898255307,0.7598978288633461,0.5214918015896765,1.1948277006749788,30,36,126.85042016806723,28.854071771704113,livecell_phase__train-MCF7_Phase_G4_2_00d04h00m_1.png
9,588.0,101.98275605729688,0.7397040005133768,0.8949771689497716,0.7104502986057047,0.6668344562218684,33,31,127.63095238095238,18.850509144618293,livecell_phase__train-MCF7_Phase_G4_2_00d04h00m_1.png
10,558.0,129.39696961967,0.9332353140718973,0.754054054054054,0.41878956495728775,-0.837361452109571,40,37,127.831541218638,21.10810902947662,livecell_phase__train-MCF7_Phase_G4_2_00d04h00m_1.png
11,570.0,107.63351365237939,0.8834183192926437,0.9090909090909091,0.6182863860550168,-1.346997392959877,22,41,128.3701754385965,32.50071235339301,livecell_phase__train-MCF7_Phase_G4_2_00d04h00m_1.png
12,540.0,107.98275605729688,0.9175234397404222,0.88379705400982,0.5819622418203813,-0.5450251424062815,41,27,124.88518518518518,32.13659738728376,livecell_phase__train-MCF7_Phase_G4_2_00d04h00m_1.png
13,535.0,95.32590180780451,0.8206315067720407,0.9288194444444444,0.7398468022289991,0.4136710751001196,36,25,127.43551401869159,23.722047997261598,livecell_phase__train-MCF7_Phase_G4_2_00d04h00m_1.png
14,505.0,98.36143571373725,0.8440918877085792,0.858843537414966,0.6559209821853966,0.8372513750617336,30,29,127.77821782178218,30.210061939168465,livecell_phase__train-MCF7_Phase_G4_2_00d04h00m_1.png
15,491.0,100.08326112068522,0.7664097032721053,0.8494809688581315,0.6159826220716406,1.2219456844634118,27,33,128.5091649694501,24.754629214165778,livecell_phase__train-MCF7_Phase_G4_2_00d04h00m_1.png
16,516.0,91.84062043356595,0.6366637273261853,0.91005291005291,0.7687585301215106,0.9387495014133961,27,28,127.63372093023256,19.662943409342848,livecell_phase__train-MCF7_Phase_G4_2_00d04h00m_1.png
17,478.0,96.66904755831213,0.8681235844380312,0.9053030303030303,0.6427807784681265,0.6514551580841228,29,28,127.30962343096235,25.89179995440866,livecell_phase__train-MCF7_Phase_G4_2_00d04h00m_1.png
18,489.0,85.84062043356595,0.7970693496582658,0.9741035856573705,0.8339365857959575,0.04324509540665958,35,19,127.6359918200409,28.475914787655164,livecell_phase__train-MCF7_Phase_G4_2_00d04h00m_1.png
19,444.0,91.87615433949868,0.8799381597024003,0.8489483747609943,0.6609783229562556,-0.4306337231342564,32,24,124.00225225225225,30.280706169086134,livecell_phase__train-MCF7_Phase_G4_2_00d04h00m_1.png
20,417.0,102.11879502661796,0.9441680915427151,0.8580246913580247,0.5024982524964757,-0.5369791522271732,37,27,127.95203836930456,28.095377158308313,livecell_phase__train-MCF7_Phase_G4_2_00d04h00m_1.png
21,450.0,87.94112549695427,0.8389721831230414,0.9278350515463918,0.7312036299092936,1.2558272205932681,20,33,127.27777777777777,38.00573868298715,livecell_phase__train-MCF7_Phase_G4_2_00d04h00m_1.png
22,432.0,86.66904755831213,0.7920244133097535,0.8962655601659751,0.7227124943718783,-1.0028494475381466,24,29,128.8125,31.821398740848494,livecell_phase__train-MCF7_Phase_G4_2_00d04h00m_1.png
23,415.0,93.01219330881976,0.8866716960077059,0.8153241650294696,0.6028068650972851,-1.2481060738241625,23,32,130.4144578313253,36.27833211894614,livecell_phase__train-MCF7_Phase_G4_2_00d04h00m_1.png
24,439.0,83.01219330881975,0.6335828437702432,0.9089026915113871,0.8005539538418647,1.1107933410219695,24,28,127.65603644646924,21.162300553112512,livecell_phase__train-MCF7_Phase_G4_2_00d04h00m_1.png
25,383.0,89.39087296526012,0.7572562495862246,0.8183760683760684,0.6023130612395712,0.3261989444490756,32,24,125.7597911227154,18.693201231467285,livecell_phase__train-MCF7_Phase_G4_2_00d04h00m_1.png
26,430.0,78.18376618407356,0.6519654400205414,0.9429824561403509,0.8839855088022518,1.1453952002028027,22,26,126.28837209302326,19.20224319868767,livecell_phase__train-MCF7_Phase_G4_2_00d04h00m_1.png
27,404.0,88.76955262170047,0.8830035063279067,0.8801742919389978,0.6442629648487262,-0.1808478921850322,34,19,126.59653465346534,25.300629817842328,livecell_phase__train-MCF7_Phase_G4_2_00d04h00m_1.png
28,427.0,82.5269119345812,0.8422765246540735,0.953125,0.7878554613495652,-1.203166515302452,19,31,123.11475409836065,29.170233498609846,livecell_phase__train-MCF7_Phase_G4_2_00d04h00m_1.png
29,416.0,93.87615433949868,0.9161860905624462,0.9223946784922394,0.5931883513350692,0.4761823496605407,37,22,127.67788461538461,40.243454930658196,livecell_phase__train-MCF7_Phase_G4_2_00d04h00m_1.png
30,409.0,91.35533905932738,0.9230083419215798,0.9068736141906873,0.6158363282801281,0.0005347655929117812,39,15,128.08068459657702,20.015662412960907,livecell_phase__train-MCF7_Phase_G4_2_00d04h00m_1.png
31,404.0,79.25483399593904,0.8096335709409244,0.9461358313817331,0.8082388235351274,0.8747915885952758,25,26,127.72772277227723,34.7252315571174,livecell_phase__train-MCF7_Phase_G4_2_00d04h00m_1.png
32,401.0,77.11269837220809,0.7114279303858964,0.9524940617577197,0.8474272706121053,0.15019626905626793,28,19,126.80798004987531,25.423800111888816,livecell_phase__train-MCF7_Phase_G4_2_00d04h00m_1.png
33,383.0,80.56244584051393,0.7781909818384002,0.8626126126126126,0.7415549743927728,0.01379512323143818,31,20,128.64751958224542,14.689423127235944,livecell_phase__train-MCF7_Phase_G4_2_00d04h00m_1.png
34,395.0,102.05382386916236,0.9437565684932494,0.7947686116700201,0.47659380804793444,-0.6534431974967861,34,32,123.44050632911393,27.48437309273386,livecell_phase__train-MCF7_Phase_G4_2_00d04h00m_1.png
35,361.0,80.2842712474619,0.7443880160369393,0.8554502369668247,0.7038111240799261,1.3591152319804616,21,27,126.35180055401662,25.121660833201155,livecell_phase__train-MCF7_Phase_G4_2_00d04h00m_1.png
36,380.0,71.35533905932738,0.47339237481789764,0.9620253164556962,0.9378653964662559,0.6168035353865622,23,22,127.13947368421053,39.851091509014324,livecell_phase__train-MCF7_Phase_G4_2_00d04h00m_1.png
37,365.0,72.04163056034261,0.6743906495146653,0.9605263157894737,0.8837626854615803,0.17103994034196315,24,19,125.62465753424658,44.17355491297752,livecell_phase__train-MCF7_Phase_G4_2_00d04h00m_1.png
38,385.0,87.01219330881975,0.7829126335561655,0.9254807692307693,0.6390139829066817,-0.10803761074998346,35,19,126.61558441558442,23.30760460559313,livecell_phase__train-MCF7_Phase_G4_2_00d04h00m_1.png
39,382.0,71.35533905932738,0.27964208697852005,0.9597989949748744,0.9428015301318677,-1.4079203172289085,22,23,132.10471204188482,45.51496536346588,livecell_phase__train-MCF7_Phase_G4_2_00d04h00m_1.png
40,398.0,91.14823227814082,0.7725902297697268,0.804040404040404,0.6019999224316518,-0.7704521428158428,25,27,127.58542713567839,27.09301841670854,livecell_phase__train-MCF7_Phase_G4_2_00d04h00m_1.png
41,374.0,70.8700576850888,0.39155319234653746,0.9565217391304348,0.9357415062591838,-0.5578949124227256,22,21,127.96256684491979,17.542421915839878,livecell_phase__train-MCF7_Phase_G4_2_00d04h00m_1.png
42,349.0,83.49747468305833,0.8357629872177823,0.8389423076923077,0.6290549866193299,0.2695069403679562,31,21,124.69627507163324,30.601412273231976,livecell_phase__train-MCF7_Phase_G4_2_00d04h00m_1.png
43,355.0,76.2842712474619,0.8807385604146256,0.9466666666666667,0.7665989386369018,-1.4393386076205543,16,30,126.54366197183099,28.765789209466917,livecell_phase__train-MCF7_Phase_G4_2_00d04h00m_1.png
44,365.0,89.84062043356595,0.9315354115221668,0.7969432314410481,0.5682732896474083,0.28758228564250293,35,20,126.1917808219178,22.8035430641979,livecell_phase__train-MCF7_Phase_G4_2_00d04h00m_1.png
45,368.0,70.2842712474619,0.5643772912222501,0.9608355091383812,0.9361412673375468,-0.6592176311444052,22,21,129.51358695652175,38.99923118198507,livecell_phase__train-MCF7_Phase_G4_2_00d04h00m_1.png
46,357.0,75.84062043356595,0.8561447255166309,0.937007874015748,0.7799635830995462,0.6075513017440458,26,23,129.4033613445378,36.03188426073822,livecell_phase__train-MCF7_Phase_G4_2_00d04h00m_1.png
47,331.0,80.21320343559643,0.9095043125180037,0.8733509234828496,0.6464666658577115,1.5269740360479218,15,32,129.97280966767372,35.512508127355574,livecell_phase__train-MCF7_Phase_G4_2_00d04h00m_1.png
48,328.0,81.84062043356595,0.8461313016718052,0.82,0.6153835481826242,1.0523195892460828,23,29,125.47865853658537,24.93441706352962,livecell_phase__train-MCF7_Phase_G4_2_00d04h00m_1.png
49,358.0,71.84062043356595,0.6024437718164575,0.93717277486911,0.871671289962776,0.7831506937246455,24,23,126.00279329608938,32.015228447298206,livecell_phase__train-MCF7_Phase_G4_2_00d04h00m_1.png
50,362.0,90.83452377915606,0.9426213920655314,0.9329896907216495,0.5513362490739443,0.07668453600867225,40,13,130.21823204419888,11.258362106288873,livecell_phase__train-MCF7_Phase_G4_2_00d04h00m_1.png
51,355.0,76.2842712474619,0.8361462899109442,0.9366754617414248,0.7665989386369018,-0.14206093409526754,29,17,126.91830985915493,34.07087190895445,livecell_phase__train-MCF7_Phase_G4_2_00d04h00m_1.png
52,303.0,99.05382386916237,0.9807295871766958,0.8487394957983193,0.3880699379294873,0.7797334712258994,33,32,128.3861386138614,22.06499712873349,livecell_phase__train-MCF7_Phase_G4_2_00d04h00m_1.png
53,345.0,68.76955262170047,0.5064607140406944,0.9556786703601108,0.9167196929904231,0.3209415593295186,24,20,128.95942028985507,39.06477088505214,livecell_phase__train-MCF7_Phase_G4_2_00d04h00m_1.png
54,336.0,83.08326112068524,0.8445803179082597,0.8682170542635659,0.6116768889655799,-0.1172244353226176,33,19,126.72619047619048,21.637627714390874,livecell_phase__train-MCF7_Phase_G4_2_00d04h00m_1.png
55,337.0,76.01219330881975,0.830804146455111,0.9232876712328767,0.7329481223200174,1.3759572252191092,18,31,126.67655786350149,30.238505175907058,livecell_phase__train-MCF7_Phase_G4_2_00d04h00m_1.png
56,340.0,73.45584412271572,0.8407680873326244,0.9340659340659341,0.7918375147730989,1.4874606831209898,16,28,125.61764705882354,26.316528809501357,livecell_phase__train-MCF7_Phase_G4_2_00d04h00m_1.png
57,312.0,72.18376618407356,0.8003561537326018,0.9176470588235294,0.7524634038764633,0.6694582382484181,25,20,129.55448717948718,32.868574428980416,livecell_phase__train-MCF7_Phase_G4_2_00d04h00m_1.png
58,331.0,71.84062043356595,0.4895940518777043,0.9168975069252078,0.8059307178147453,1.4752076162878058,21,25,129.5740181268882,41.13197889088287,livecell_phase__train-MCF7_Phase_G4_2_00d04h00m_1.png
59,316.0,88.70458146424488,0.9499850360316525,0.7669902912621359,0.5046669269649696,0.5103289849946584,33,25,132.72151898734177,39.24547436905523,livecell_phase__train-MCF7_Phase_G4_2_00d04h00m_1.png
60,313.0,75.35533905932738,0.859922215841494,0.8968481375358166,0.6926696276779685,-0.6628167755888174,26,21,130.0223642172524,24.72008428251082,livecell_phase__train-MCF7_Phase_G4_2_00d04h00m_1.png
61,292.0,84.59797974644667,0.9287379280295225,0.7584415584415585,0.512711113870804,-0.02580776587844217,34,16,125.40753424657534,31.105240243926566,livecell_phase__train-MCF7_Phase_G4_2_00d04h00m_1.png
62,301.0,74.73401871576772,0.8139927941867954,0.9148936170212766,0.677235455398446,0.37021659614520563,28,18,126.52491694352159,40.75129425916542,livecell_phase__train-MCF7_Phase_G4_2_00d04h00m_1.png
63,330.0,87.01219330881975,0.8457577046735447,0.9016393442622951,0.5477262710628699,1.4102031561432502,19,35,127.9939393939394,20.929751759722322,livecell_phase__train-MCF7_Phase_G4_2_00d04h00m_1.png
64,273.0,73.01219330881975,0.7811803619537432,0.8504672897196262,0.6435491501189976,-0.2658366343204326,28,19,126.3992673992674,22.070440000317582,livecell_phase__train-MCF7_Phase_G4_2_00d04h00m_1.png
65,316.0,71.698484809835,0.8310782122432144,0.9349112426035503,0.772461762753,-1.185105265591019,17,27,126.19620253164557,37.85497958327438,livecell_phase__train-MCF7_Phase_G4_2_00d04h00m_1.png
66,274.0,88.76955262170047,0.9636211056057052,0.7287234042553191,0.4369506246746312,0.30732225710505895,35,17,130.17153284671534,24.829560463948262,livecell_phase__train-MCF7_Phase_G4_2_00d04h00m_1.png
67,292.0,62.2842712474619,0.5569107138206602,0.9636963696369637,0.9458797778584516,1.2744227193330968,18,21,126.81164383561644,16.591448574219044,livecell_phase__train-MCF7_Phase_G4_2_00d04h00m_1.png
68,301.0,66.2842712474619,0.7306957207357924,0.9290123456790124,0.8609053127299157,1.4516747388330387,17,24,129.91029900332225,38.439259505604014,livecell_phase__train-MCF7_Phase_G4_2_00d04h00m_1.png
69,299.0,77.35533905932738,0.6316747147316549,0.8147138964577657,0.6279144309275423,0.09618680404933136,26,21,133.0735785953177,40.462228196245285,livecell_phase__train-MCF7_Phase_G4_2_00d04h00m_1.png
70,295.0,69.11269837220809,0.8132136902180667,0.8885542168674698,0.776097315126914,0.10077879101287791,25,17,128.07457627118643,15.319684835678629,livecell_phase__train-MCF7_Phase_G4_2_00d04h00m_1.png
71,288.0,70.90559159102153,0.537225070771857,0.8571428571428571,0.7198489608934542,0.5931064237084874,21,22,129.75347222222223,33.112471243212305,livecell_phase__train-MCF7_Phase_G4_2_00d04h00m_1.png
72,297.0,78.87005768508881,0.9187228649253565,0.9642857142857143,0.5999872152939695,0.003876889613313428,35,12,127.0909090909091,14.732467803835926,livecell_phase__train-MCF7_Phase_G4_2_00d04h00m_1.png
73,270.0,70.76955262170047,0.7671584182545019,0.8681672025723473,0.6774554295696248,-1.2936428064612295,17,24,128.12962962962962,33.306904131512866,livecell_phase__train-MCF7_Phase_G4_2_00d04h00m_1.png
74,283.0,69.31980515339464,0.8258635848486893,0.907051282051282,0.7400850526181072,-1.2827941027499332,16,27,139.4487632508834,45.5489488216044,livecell_phase__train-MCF7_Phase_G4_2_00d04h00m_1.png
75,273.0,75.01219330881975,0.9301524545866271,0.8666666666666667,0.609689594141784,-0.8518523774537112,22,26,129.6153846153846,20.37870534272179,livecell_phase__train-MCF7_Phase_G4_2_00d04h00m_1.png
76,281.0,72.2842712474619,0.6260776012154602,0.8438438438438438,0.6758161564753051,-1.4649368469483701,18,23,126.74377224199289,24.02486490727669,livecell_phase__train-MCF7_Phase_G4_2_00d04h00m_1.png
77,261.0,62.04163056034261,0.55667784598737,0.8877551020408163,0.852087049632382,0.016635664294206137,20,18,133.89655172413794,50.560089317440436,livecell_phase__train-MCF7_Phase_G4_2_00d04h00m_1.png
78,280.0,68.76955262170047,0.6989874326668104,0.9210526315789473,0.7440043885139664,1.2676805312402646,18,26,126.41785714285714,27.798259883507463,livecell_phase__train-MCF7_Phase_G4_2_00d04h00m_1.png
79,261.0,62.76955262170047,0.650736867967533,0.9222614840989399,0.8324387813144433,-0.5307643100858837,22,19,126.02298850574712,28.4969489574076,livecell_phase__train-MCF7_Phase_G4_2_00d04h00m_1.png
80,280.0,61.45584412271572,0.4772069007725827,0.9655172413793104,0.9316258249798839,1.3782324306462033,18,20,125.66785714285714,39.58824278541212,livecell_phase__train-MCF7_Phase_G4_2_00d04h00m_1.png
81,261.0,63.45584412271571,0.7227141886807624,0.9157894736842105,0.8145300665911329,-0.3165470463311738,21,18,125.22222222222223,37.88271429783387,livecell_phase__train-MCF7_Phase_G4_2_00d04h00m_1.png
82,247.0,63.35533905932738,0.8598464775529072,0.9250936329588015,0.7732864109311627,-0.8334226751061616,20,21,124.68016194331983,30.813513308334766,livecell_phase__train-MCF7_Phase_G4_2_00d04h00m_1.png
83,246.0,67.83452377915606,0.6325883709676817,0.8424657534246576,0.6718052759649108,0.9314910926124103,19,20,127.10975609756098,21.225276060465045,livecell_phase__train-MCF7_Phase_G4_2_00d04h00m_1.png
84,262.0,86.04163056034261,0.9757034621207358,0.7891566265060241,0.44472740387067716,-0.07767842773869678,37,11,128.27862595419847,13.033231206007589,livecell_phase__train-MCF7_Phase_G4_2_00d04h00m_1.png
85,246.0,63.45584412271571,0.41516527328571273,0.8785714285714286,0.7677179937985391,-0.7851504374153809,19,20,126.15853658536585,34.15952634529408,livecell_phase__train-MCF7_Phase_G4_2_00d04h00m_1.png
86,235.0,60.698484809834994,0.6623537199645448,0.8901515151515151,0.8015341417670757,1.073253607251554,18,19,128.19148936170214,46.18816201742346,livecell_phase__train-MCF7_Phase_G4_2_00d04h00m_1.png
87,224.0,63.52691193458118,0.7749844608014714,0.8484848484848485,0.6974970788001068,-0.4885247275902718,23,18,131.54464285714286,37.966947183621144,livecell_phase__train-MCF7_Phase_G4_2_00d04h00m_1.png
88,238.0,56.04163056034261,0.6316890658606691,0.9635627530364372,0.9522813861453483,0.5242611981996774,19,16,127.88655462184875,21.499847270787402,livecell_phase__train-MCF7_Phase_G4_2_00d04h00m_1.png
89,224.0,56.94112549695428,0.6722126502952744,0.9333333333333333,0.868172026089303,-0.7170705174856442,19,19,126.53125,27.084340926769844,livecell_phase__train-MCF7_Phase_G4_2_00d04h00m_1.png
90,222.0,62.76955262170047,0.7687586646811213,0.8505747126436781,0.7080513772099863,-0.8881952088799192,21,20,128.73873873873873,27.387019912186165,livecell_phase__train-MCF7_Phase_G4_2_00d04h00m_1.png
91,223.0,68.18376618407356,0.8843616867756481,0.867704280155642,0.6027715621413388,-0.23327274986495156,28,16,127.74887892376681,24.23853223550322,livecell_phase__train-MCF7_Phase_G4_2_00d04h00m_1.png
92,207.0,64.66295090390226,0.8719562480839574,0.8181818181818182,0.622112846936267,0.05966718168543308,24,15,126.21256038647343,19.19020575257242,livecell_phase__train-MCF7_Phase_G4_2_00d04h00m_1.png
93,220.0,54.62741699796952,0.6609216712287268,0.9523809523809523,0.9264270201529875,-1.3453107838558829,15,19,129.95454545454547,36.00123390906493,livecell_phase__train-MCF7_Phase_G4_2_00d04h00m_1.png
94,212.0,55.45584412271571,0.5622423519305457,0.9422222222222222,0.8662656313772014,-0.012556601337145704,19,16,122.65094339622641,31.24327624354972,livecell_phase__train-MCF7_Phase_G4_2_00d04h00m_1.png
95,211.0,68.76345596729058,0.9563693885954662,0.8791666666666667,0.5607598720430923,1.5181427724533827,10,30,121.99052132701422,25.24627334355898,livecell_phase__train-MCF7_Phase_G4_2_00d04h00m_1.png
96,196.0,53.798989873223334,0.7811688000802417,0.9423076923076923,0.8509767457274066,0.5976917899214246,17,16,117.21428571428571,31.5681155339901,livecell_phase__train-MCF7_Phase_G4_2_00d04h00m_1.png
97,187.0,59.52691193458118,0.5971842562408164,0.85,0.6631698354011669,-0.29877111303709536,21,18,128.59358288770053,33.29684286710869,livecell_phase__train-MCF7_Phase_G4_2_00d04h00m_1.png
98,188.0,50.52691193458119,0.6044881848076962,0.9591836734693877,0.9253844575251264,-1.4431751876156664,15,19,124.30851063829788,26.17495416311891,livecell_phase__train-MCF7_Phase_G4_2_00d04h00m_1.png
99,189.0,50.62741699796952,0.7315709069931985,0.9545454545454546,0.926616709634945,-0.23703258762153545,19,13,124.42857142857143,33.39441116266287,livecell_phase__train-MCF7_Phase_G4_2_00d04h00m_1.png
100,179.0,49.698484809834994,0.6409720229799398,0.9421052631578948,0.9107026459425048,1.4102156482479655,14,19,125.28491620111731,24.933483496989616,livecell_phase__train-MCF7_Phase_G4_2_00d04h00m_1.png
101,183.0,51.55634918610404,0.7492627172831067,0.973404255319149,0.8651604160838108,1.5382496234918395,12,19,126.66120218579235,33.188235664658215,livecell_phase__train-MCF7_Phase_G4_2_00d04h00m_1.png
102,174.0,48.04163056034261,0.5997177512923115,0.9405405405405406,0.9473787386498942,1.1093708348008742,15,16,127.55747126436782,30.736825538435305,livecell_phase__train-MCF7_Phase_G4_2_00d04h00m_1.png
103,154.0,46.526911934581186,0.5622892978861171,0.927710843373494,0.8939683174393569,-1.011643091136045,15,17,128.84415584415584,40.69447932661166,livecell_phase__train-MCF7_Phase_G4_2_00d04h00m_1.png
104,132.0,43.21320343559643,0.24624945080944524,0.9230769230769231,0.8882820187597278,-0.5968001842851485,15,13,131.3939393939394,34.78129887091398,livecell_phase__train-MCF7_Phase_G4_2_00d04h00m_1.png
105,152.0,47.384776310850235,0.5650996123391979,0.9101796407185628,0.8506987259435929,1.195728993273497,14,16,127.08552631578948,39.87446486671893,livecell_phase__train-MCF7_Phase_G4_2_00d04h00m_1.png
106,155.0,48.04163056034261,0.8468952922299763,0.9451219512195121,0.8439293361536414,1.056725290012002,13,18,127.92903225806451,24.18506862146076,livecell_phase__train-MCF7_Phase_G4_2_00d04h00m_1.png
107,145.0,48.87005768508881,0.6614107931868324,0.8895705521472392,0.7629431233451016,-0.06662594308177494,18,14,138.66206896551725,39.62396013031808,livecell_phase__train-MCF7_Phase_G4_2_00d04h00m_1.png
108,118.0,80.55634918610406,0.9952301099955785,0.6483516483516484,0.22850321757962389,1.5690930421323024,5,39,141.10169491525423,32.842043597129226,livecell_phase__train-MCF7_Phase_G4_2_00d04h00m_1.png
109,112.0,45.3492424049175,0.8406701519942303,0.9411764705882353,0.684365037233796,0.1916740276456192,19,9,132.55357142857142,18.738253123011248,livecell_phase__train-MCF7_Phase_G4_2_00d04h00m_1.png
110,94.0,38.72792206135786,0.8332947061591607,0.9494949494949495,0.7875702931628388,-0.034046405539135835,16,8,125.86170212765957,39.25763269432247,livecell_phase__train-MCF7_Phase_G4_2_00d04h00m_1.png
111,103.0,41.10660171779821,0.8680665850847042,0.9363636363636364,0.7659914788792443,1.5266231660149276,8,17,129.4271844660194,25.89095952792503,livecell_phase__train-MCF7_Phase_G4_2_00d04h00m_1.png
112,95.0,34.72792206135785,0.5337660094319021,0.95,0.9898647821182778,-0.8000208587466201,11,11,131.68421052631578,40.382451414834485,livecell_phase__train-MCF7_Phase_G4_2_00d04h00m_1.png
1,1175.0,161.23149339882605,0.28056868645433947,0.8131487889273357,0.5679995313259061,-0.9553266789456781,48,46,127.77702127659575,20.00245898871666,livecell_phase__train-MCF7_Phase_G4_2_00d04h00m_2.png
2,951.0,123.5035713374682,0.5685939491408781,0.9224054316197866,0.7834861948330634,-0.08523260929482758,44,34,127.02839116719242,14.210681304284865,livecell_phase__train-MCF7_Phase_G4_2_00d04h00m_2.png
3,856.0,154.71067811865476,0.8047662368629681,0.6908797417271993,0.4494103284899466,-1.161440179858724,42,49,127.02920560747664,13.902290449518464,livecell_phase__train-MCF7_Phase_G4_2_00d04h00m_2.png
4,853.0,130.3259018078045,0.875515281724175,0.8821096173733195,0.6310988919311505,1.4383003221228552,28,49,127.09613130128956,24.301933240831797,livecell_phase__train-MCF7_Phase_G4_2_00d04h00m_2.png
5,806.0,113.49747468305833,0.6716251952884833,0.9504716981132075,0.7862714539671863,-0.8869815394520071,32,35,128.55955334987593,12.850960968557644,livecell_phase__train-MCF7_Phase_G4_2_00d04h00m_2.png
6,751.0,182.92388155425118,0.8995998472502118,0.5650865312264861,0.2820388819461273,-1.162297689372997,37,56,128.11584553928097,24.048522892540117,livecell_phase__train-MCF7_Phase_G4_2_00d04h00m_2.png
7,632.0,101.49747468305833,0.3852083989234954,0.914616497829233,0.770932702447495,1.1415843182325978,31,32,127.30221518987342,24.678094527805698,livecell_phase__train-MCF7_Phase_G4_2_00d04h00m_2.png
8,575.0,132.9116882454314,0.8102050082386593,0.7287705956907478,0.409026418842389,-1.1025009466919142,32,39,126.11304347826086,19.1638088332698,livecell_phase__train-MCF7_Phase_G4_2_00d04h00m_2.png
9,549.0,106.18376618407356,0.5860077323871624,0.8356164383561644,0.6118795777659607,0.7588279489513529,32,30,127.31876138433516,24.216585592805266,livecell_phase__train-MCF7_Phase_G4_2_00d04h00m_2.png
10,565.0,102.66904755831214,0.8594667113376848,0.9157212317666127,0.6735645864719224,0.6921422847914469,34,29,127.14336283185841,29.092935845751114,livecell_phase__train-MCF7_Phase_G4_2_00d04h00m_2.png
11,562.0,92.66904755831214,0.614669951492332,0.9351081530782029,0.8223880305556699,0.3895890787003146,32,26,128.73309608540924,24.221250500820716,livecell_phase__train-MCF7_Phase_G4_2_00d04h00m_2.png
12,511.0,124.39696961966999,0.9135640859345119,0.7116991643454039,0.41496470817790937,-0.25209382879263176,42,23,126.95107632093934,21.970349032516836,livecell_phase__train-MCF7_Phase_G4_2_00d04h00m_2.png
13,558.0,109.69848480983498,0.940153237342322,0.9489795918367347,0.5826970306051198,-1.3794868991397624,17,46,124.31541218637993,19.87904677834844,livecell_phase__train-MCF7_Phase_G4_2_00d04h00m_2.png
14,550.0,128.91168824543144,0.9728213435964099,0.8064516129032258,0.4158990817224556,-0.26776447817842475,53,23,124.2090909090909,34.9541245984831,livecell_phase__train-MCF7_Phase_G4_2_00d04h00m_2.png
15,504.0,97.01219330881975,0.8610001035414209,0.9130434782608695,0.6729576795522179,1.2192067222394243,22,36,127.84722222222223,36.61054243904037,livecell_phase__train-MCF7_Phase_G4_2_00d04h00m_2.png
16,472.0,97.0477272147525,0.8710777850625785,0.9200779727095516,0.629768776295786,-1.3462895847188345,20,40,127.02542372881356,16.76670018190656,livecell_phase__train-MCF7_Phase_G4_2_00d04h00m_2.png
17,508.0,114.5685424949238,0.8968933795703279,0.8167202572347267,0.48634314621659475,0.3635334264700826,40,26,126.70669291338582,42.08875364692291,livecell_phase__train-MCF7_Phase_G4_2_00d04h00m_2.png
18,459.0,87.08326112068522,0.7795576721805433,0.9254032258064516,0.760594500706167,-0.20441430433282712,33,23,126.27015250544662,16.943871270022274,livecell_phase__train-MCF7_Phase_G4_2_00d04h00m_2.png
19,485.0,96.66904755831214,0.7716890692195004,0.8493870402802102,0.6521938861025968,1.4014062801861773,26,32,128.0639175257732,20.892706691580546,livecell_phase__train-MCF7_Phase_G4_2_00d04h00m_2.png
20,460.0,92.25483399593904,0.8076178166345404,0.8812260536398467,0.6791871056883155,1.2801686724108339,24,34,127.5304347826087,17.634611095984404,livecell_phase__train-MCF7_Phase_G4_2_00d04h00m_2.png
21,449.0,99.49747468305833,0.9073370546105081,0.8684719535783365,0.5699438721958479,0.9590578293981891,26,35,126.51447661469933,26.930916978707597,livecell_phase__train-MCF7_Phase_G4_2_00d04h00m_2.png
22,485.0,103.35533905932738,0.9480419668395444,0.8964879852125693,0.5705395701296395,-1.3436004625749356,18,42,127.7340206185567,34.64550040434712,livecell_phase__train-MCF7_Phase_G4_2_00d04h00m_2.png
23,461.0,79.35533905932738,0.7257989810210044,0.9705263157894737,0.9199378465535567,-0.8432455277791658,24,25,127.17353579175705,33.842435629255505,livecell_phase__train-MCF7_Phase_G4_2_00d04h00m_2.png
24,455.0,99.84062043356595,0.8556968748084419,0.8096085409252669,0.5735967980913331,-0.016382778043618377,32,22,127.32747252747252,22.289513948792628,livecell_phase__train-MCF7_Phase_G4_2_00d04h00m_2.png
25,465.0,104.59797974644667,0.72282096422387,0.747588424437299,0.5340921858961468,0.6387123239267947,34,27,127.33978494623656,27.90299301703297,livecell_phase__train-MCF7_Phase_G4_2_00d04h00m_2.png
26,457.0,90.76955262170047,0.8781298498726033,0.9232323232323232,0.6970206973297093,-0.024320108426391665,35,18,128.78336980306347,34.38473128175335,livecell_phase__train-MCF7_Phase_G4_2_00d04h00m_2.png
27,433.0,90.5269119345812,0.45963129615720294,0.8359073359073359,0.6639606608858122,0.3530792617487646,30,24,128.36258660508082,28.613861282824228,livecell_phase__train-MCF7_Phase_G4_2_00d04h00m_2.png
28,413.0,103.91168824543142,0.9483392104310931,0.806640625,0.480652398717237,0.39092257920635054,39,23,123.56658595641646,31.252677130313472,livecell_phase__train-MCF7_Phase_G4_2_00d04h00m_2.png
29,421.0,87.21320343559643,0.896727673044039,0.9252747252747253,0.6955486020370596,-1.501101868707299,16,33,126.21852731591449,20.904709460817145,livecell_phase__train-MCF7_Phase_G4_2_00d04h00m_2.png
30,420.0,85.84062043356595,0.6176453267741366,0.8713692946058091,0.7162645522173868,-0.05364623535144724,29,23,126.39047619047619,40.91995560163658,livecell_phase__train-MCF7_Phase_G4_2_00d04h00m_2.png
31,380.0,86.18376618407356,0.8789394719409821,0.9069212410501193,0.6428986642599043,-1.097983718256197,22,31,127.61315789473684,23.038419525614753,livecell_phase__train-MCF7_Phase_G4_2_00d04h00m_2.png
32,392.0,85.59797974644667,0.8325549448230034,0.9053117782909931,0.6723089636436138,0.8543754230078562,26,27,128.00510204081633,26.655492493886292,livecell_phase__train-MCF7_Phase_G4_2_00d04h00m_2.png
33,378.0,96.91168824543142,0.9485619340844583,0.802547770700637,0.5057656677821093,-1.1650029469012104,24,35,124.0,32.415702642049546,livecell_phase__train-MCF7_Phase_G4_2_00d04h00m_2.png
34,414.0,78.52691193458118,0.7820545013218184,0.965034965034965,0.8436710887084914,-1.0189363235098177,20,28,126.0,35.511037951954044,livecell_phase__train-MCF7_Phase_G4_2_00d04h00m_2.png
35,391.0,102.08326112068522,0.9533454618512271,0.7666666666666667,0.4714954982623352,-1.3019850734482297,21,40,127.9309462915601,30.385887134592515,livecell_phase__train-MCF7_Phase_G4_2_00d04h00m_2.png
36,395.0,75.01219330881976,0.5843065383479943,0.9518072289156626,0.8821516105714453,-0.9276608046157468,23,25,127.22784810126582,17.2885777519664,livecell_phase__train-MCF7_Phase_G4_2_00d04h00m_2.png
37,403.0,80.94112549695427,0.6290907962183446,0.9117647058823529,0.7729945503381911,0.5128218184882588,27,23,127.29032258064517,35.585671701079825,livecell_phase__train-MCF7_Phase_G4_2_00d04h00m_2.png
38,388.0,90.42640687119285,0.9089987396564703,0.8202959830866807,0.596281095888915,-1.5583627117392915,18,36,127.81958762886597,23.49618148039904,livecell_phase__train-MCF7_Phase_G4_2_00d04h00m_2.png
39,395.0,77.94112549695427,0.6031057379897354,0.933806146572104,0.8170969961308489,0.20663418016437465,26,22,126.45316455696202,26.775101013616677,livecell_phase__train-MCF7_Phase_G4_2_00d04h00m_2.png
40,375.0,78.76955262170046,0.882926581493204,0.9351620947630923,0.7594940467520844,1.3677830293776054,17,32,127.76,20.972388196547065,livecell_phase__train-MCF7_Phase_G4_2_00d04h00m_2.png
41,390.0,85.59797974644667,0.8068061836291273,0.8883826879271071,0.6688788158699218,1.0768934817358287,23,30,126.3,32.07610741138436,livecell_phase__train-MCF7_Phase_G4_2_00d04h00m_2.png
42,374.0,73.01219330881976,0.6493293830183539,0.9516539440203562,0.8816387624340843,-1.4877442939841858,20,26,120.58021390374331,31.99127110153976,livecell_phase__train-MCF7_Phase_G4_2_00d04h00m_2.png
43,386.0,74.2842712474619,0.37624621872734754,0.9530864197530864,0.8790294681760771,0.8241712851303628,23,22,126.04663212435233,28.79826026614968,livecell_phase__train-MCF7_Phase_G4_2_00d04h00m_2.png
44,373.0,81.08326112068524,0.5680147823243784,0.8838862559241706,0.712945415937123,0.2836871652096365,27,26,128.30026809651474,16.72505705342103,livecell_phase__train-MCF7_Phase_G4_2_00d04h00m_2.png
45,380.0,76.59797974644667,0.5049674196242241,0.9047619047619048,0.8138771017957518,1.214518198501797,24,25,127.67631578947369,29.532105047420103,livecell_phase__train-MCF7_Phase_G4_2_00d04h00m_2.png
46,374.0,87.49747468305833,0.6909758705244666,0.8385650224215246,0.6138898158324322,-0.17928970189175011,28,23,130.39839572192514,31.885810593622804,livecell_phase__train-MCF7_Phase_G4_2_00d04h00m_2.png
47,390.0,81.84062043356595,0.8102999357638179,0.9112149532710281,0.7317060481439739,-0.6135014293186907,28,24,125.8051282051282,28.0233048501984,livecell_phase__train-MCF7_Phase_G4_2_00d04h00m_2.png
48,402.0,98.08326112068522,0.9399973639633873,0.8305785123966942,0.5251049629840663,-1.201295410598072,20,39,128.2810945273632,30.95009770672366,livecell_phase__train-MCF7_Phase_G4_2_00d04h00m_2.png
49,371.0,110.26093065034891,0.9718322014066051,0.7602459016393442,0.383478010926373,-0.6927203786778577,37,32,123.59838274932615,32.15902027403165,livecell_phase__train-MCF7_Phase_G4_2_00d04h00m_2.png
50,361.0,83.76955262170047,0.7821794838274925,0.8595238095238096,0.6464644892989906,0.057690068805690935,31,19,128.46814404432132,38.23081539263712,livecell_phase__train-MCF7_Phase_G4_2_00d04h00m_2.png
51,343.0,81.25483399593904,0.826483604778208,0.8817480719794345,0.6528382159770805,-0.9402289997126636,25,27,126.14868804664724,28.672343055569613,livecell_phase__train-MCF7_Phase_G4_2_00d04h00m_2.png
52,350.0,77.11269837220809,0.8925126409867938,0.9536784741144414,0.7396497374419871,-1.5224913334133474,14,32,126.99142857142857,30.630655712663987,livecell_phase__train-MCF7_Phase_G4_2_00d04h00m_2.png
53,348.0,94.01219330881975,0.5679593287814055,0.7326315789473684,0.49478979999601425,-1.4759395881063555,24,28,127.48275862068965,25.04415047171259,livecell_phase__train-MCF7_Phase_G4_2_00d04h00m_2.png
54,344.0,76.6335136523794,0.7547630302400917,0.9148936170212766,0.7360898507544082,-1.4032134065413329,21,29,127.90406976744185,30.044919582839935,livecell_phase__train-MCF7_Phase_G4_2_00d04h00m_2.png
55,345.0,87.66904755831213,0.8506689739188011,0.8313253012048193,0.5640743898972621,-0.3658379382759484,30,22,126.87536231884059,20.16868289691375,livecell_phase__train-MCF7_Phase_G4_2_00d04h00m_2.png
56,334.0,85.49137802864846,0.9131986439440141,0.8455696202531645,0.5742641377402257,-1.2418805453429822,17,34,127.40419161676647,22.9280594594061,livecell_phase__train-MCF7_Phase_G4_2_00d04h00m_2.png
57,336.0,75.01219330881975,0.7508595181503044,0.9307479224376731,0.750387192789888,-0.8504400147966442,23,25,127.87202380952381,37.98462631618725,livecell_phase__train-MCF7_Phase_G4_2_00d04h00m_2.png
58,333.0,66.18376618407356,0.4843793876751713,0.9624277456647399,0.9553250010302514,-0.5595299619891573,22,21,127.69669669669669,24.8444026581953,livecell_phase__train-MCF7_Phase_G4_2_00d04h00m_2.png
59,300.0,71.11269837220809,0.566781638081619,0.8746355685131195,0.7454813829710717,-0.2535466847361566,22,23,124.93666666666667,35.24796905102792,livecell_phase__train-MCF7_Phase_G4_2_00d04h00m_2.png
60,312.0,79.84062043356595,0.8931112227333455,0.8666666666666667,0.6150588214653016,-0.6625653693763351,25,25,128.24358974358975,23.056472419845026,livecell_phase__train-MCF7_Phase_G4_2_00d04h00m_2.png
61,317.0,76.76955262170047,0.804712973107307,0.8854748603351955,0.6759134783279596,0.5582345119856108,28,20,127.20820189274448,34.67961785940073,livecell_phase__train-MCF7_Phase_G4_2_00d04h00m_2.png
62,317.0,68.18376618407356,0.7104487006950987,0.9548192771084337,0.8568546421471049,0.4664842019731101,25,19,125.77602523659306,32.69672794440839,livecell_phase__train-MCF7_Phase_G4_2_00d04h00m_2.png
63,309.0,73.11269837220809,0.8122048549911576,0.8753541076487252,0.7264115117434673,0.859603229750096,23,22,127.37864077669903,28.667759764802817,livecell_phase__train-MCF7_Phase_G4_2_00d04h00m_2.png
64,310.0,69.94112549695427,0.7644797948776907,0.9171597633136095,0.7963542908079981,0.18562511129417175,26,18,127.4,26.656379736287548,livecell_phase__train-MCF7_Phase_G4_2_00d04h00m_2.png
65,302.0,74.42640687119285,0.764269792219172,0.8703170028818443,0.6851137778124727,0.2147350345803137,28,20,124.92384105960265,26.817586422675177,livecell_phase__train-MCF7_Phase_G4_2_00d04h00m_2.png
66,302.0,65.45584412271572,0.6165390474804516,0.937888198757764,0.8857679277822271,-1.3378917173988156,18,22,127.14238410596026,44.49402361399109,livecell_phase__train-MCF7_Phase_G4_2_00d04h00m_2.png
67,275.0,64.87005768508881,0.746486201866735,0.9581881533101045,0.8212095469500165,1.3980711935668426,16,24,125.09818181818181,29.423574289452702,livecell_phase__train-MCF7_Phase_G4_2_00d04h00m_2.png
68,298.0,67.11269837220809,0.7574510228970692,0.952076677316294,0.8314128390081444,-1.3218969056569416,17,25,130.90268456375838,34.1571662497921,livecell_phase__train-MCF7_Phase_G4_2_00d04h00m_2.png
69,291.0,65.698484809835,0.7540548216207755,0.9603960396039604,0.8472120920844801,-0.48778148393990606,23,18,123.96907216494846,38.43541115183496,livecell_phase__train-MCF7_Phase_G4_2_00d04h00m_2.png
70,276.0,83.94112549695427,0.9427876492421172,0.7419354838709677,0.4922314631084132,-0.06437063074321694,32,15,131.8659420289855,35.65901515456843,livecell_phase__train-MCF7_Phase_G4_2_00d04h00m_2.png
71,281.0,68.08326112068522,0.7182739078302135,0.9183006535947712,0.7617903803547293,-0.44389689531806503,25,21,126.88256227758008,18.802317241453423,livecell_phase__train-MCF7_Phase_G4_2_00d04h00m_2.png
72,283.0,63.4558441227157,0.5484067183703465,0.9433333333333334,0.8831877733536042,0.7959202184654691,20,19,124.76325088339223,41.981282124248125,livecell_phase__train-MCF7_Phase_G4_2_00d04h00m_2.png
73,274.0,62.8700576850888,0.7844467919814717,0.9513888888888888,0.8711094180933946,0.05108560205996501,24,15,124.7919708029197,38.853793994856765,livecell_phase__train-MCF7_Phase_G4_2_00d04h00m_2.png
74,267.0,58.62741699796952,0.23066979352650424,0.9709090909090909,0.9761568459289066,0.0392314796871952,18,18,127.53183520599251,29.120341771203844,livecell_phase__train-MCF7_Phase_G4_2_00d04h00m_2.png
75,272.0,66.2842712474619,0.8204669012795959,0.9379310344827586,0.7779609470516182,1.2392159355668586,16,25,128.9889705882353,29.692973452817473,livecell_phase__train-MCF7_Phase_G4_2_00d04h00m_2.png
76,267.0,58.8700576850888,0.320047982046043,0.960431654676259,0.968126711023372,1.4787006837577041,18,19,134.69662921348313,51.20811714997963,livecell_phase__train-MCF7_Phase_G4_2_00d04h00m_2.png
77,233.0,74.14823227814082,0.886549167700373,0.8062283737024222,0.5325546505914689,-0.21004571141550804,30,17,124.27896995708154,28.678539998572823,livecell_phase__train-MCF7_Phase_G4_2_00d04h00m_2.png
78,258.0,64.5269119345812,0.8178585608027961,0.9148936170212766,0.7786598949732766,-0.4181470387686397,24,17,127.37984496124031,34.01258175742353,livecell_phase__train-MCF7_Phase_G4_2_00d04h00m_2.png
79,265.0,63.11269837220809,0.7101522732075937,0.9397163120567376,0.836030728737807,0.8042730823305323,21,19,122.6566037735849,29.143868959004198,livecell_phase__train-MCF7_Phase_G4_2_00d04h00m_2.png
80,236.0,57.79898987322333,0.6917886140959906,0.979253112033195,0.8877309673644432,-1.0933926813556516,16,19,125.41101694915254,41.64799684665153,livecell_phase__train-MCF7_Phase_G4_2_00d04h00m_2.png
81,262.0,66.5269119345812,0.8566507850427401,0.9357142857142857,0.7439031983535043,1.3553137270453461,15,27,131.71374045801528,43.27541527154886,livecell_phase__train-MCF7_Phase_G4_2_00d04h00m_2.png
82,227.0,65.11269837220809,0.9010541571658915,0.930327868852459,0.6728284300515753,-1.24426273934596,13,28,125.45814977973568,21.65817264663995,livecell_phase__train-MCF7_Phase_G4_2_00d04h00m_2.png
83,251.0,72.31980515339464,0.47968353996972196,0.786833855799373,0.6030718967512746,1.3325146198785556,20,21,133.79681274900398,35.68133851368645,livecell_phase__train-MCF7_Phase_G4_2_00d04h00m_2.png
84,242.0,56.04163056034261,0.4848390961665876,0.9565217391304348,0.9682861153242618,1.3455964653974024,16,19,130.05371900826447,47.82769960812814,livecell_phase__train-MCF7_Phase_G4_2_00d04h00m_2.png
85,255.0,81.52691193458118,0.9172793423453269,0.7024793388429752,0.48211213106391554,1.2356883598224568,19,30,132.3843137254902,25.43352251785588,livecell_phase__train-MCF7_Phase_G4_2_00d04h00m_2.png
86,239.0,57.698484809834994,0.6023381695284326,0.9409448818897638,0.9021504039647156,-1.0072782609298947,18,19,125.99163179916317,41.72233296507433,livecell_phase__train-MCF7_Phase_G4_2_00d04h00m_2.png
87,253.0,69.24873734152916,0.8517961690652759,0.8939929328621908,0.6629895255852738,-0.9255174156078773,21,21,126.43873517786561,34.11641893704513,livecell_phase__train-MCF7_Phase_G4_2_00d04h00m_2.png
88,234.0,57.11269837220809,0.6780894468732699,0.9435483870967742,0.9014888558893362,-0.6915740153351558,19,18,128.71794871794873,25.953886178336646,livecell_phase__train-MCF7_Phase_G4_2_00d04h00m_2.png
89,204.0,58.21320343559643,0.740733487189762,0.85,0.756479273880303,0.30406816127557473,20,15,131.4264705882353,34.35240502032583,livecell_phase__train-MCF7_Phase_G4_2_00d04h00m_2.png
90,203.0,56.52691193458118,0.804124932788279,0.9354838709677419,0.7983537705014347,0.8491705938981221,18,19,128.2463054187192,27.724869660290892,livecell_phase__train-MCF7_Phase_G4_2_00d04h00m_2.png
91,203.0,51.21320343559643,0.6261318415307161,0.9620853080568721,0.9726173612789989,1.2842953967993274,14,18,129.35960591133005,42.75746406008687,livecell_phase__train-MCF7_Phase_G4_2_00d04h00m_2.png
92,210.0,55.941125496954285,0.7575119794572961,0.9417040358744395,0.8432702113854034,-0.4420051957109046,21,16,127.13809523809523,39.23500594634818,livecell_phase__train-MCF7_Phase_G4_2_00d04h00m_2.png
93,200.0,50.62741699796952,0.4753760286542725,0.9523809523809523,0.9805467826824815,-1.5318722165099914,15,17,123.08,34.731161800319896,livecell_phase__train-MCF7_Phase_G4_2_00d04h00m_2.png
94,184.0,48.04163056034261,0.48045700982796596,0.9633507853403142,1.0018257925952905,-0.40761375997604,16,15,128.4076086956522,38.28301568494621,livecell_phase__train-MCF7_Phase_G4_2_00d04h00m_2.png
95,180.0,50.04163056034261,0.7154472954092767,0.9523809523809523,0.9032739060928333,1.1435687430491681,14,18,130.04444444444445,26.753779010786957,livecell_phase__train-MCF7_Phase_G4_2_00d04h00m_2.png
96,165.0,55.52691193458118,0.8737522860047292,0.8870967741935484,0.6724914475212612,1.0120434278026325,15,22,123.9030303030303,35.812681729178635,livecell_phase__train-MCF7_Phase_G4_2_00d04h00m_2.png
97,128.0,53.55634918610404,0.9128681780871741,0.927536231884058,0.560786957786539,-0.032682138136341375,24,8,125.5234375,41.173786572084836,livecell_phase__train-MCF7_Phase_G4_2_00d04h00m_2.png
98,146.0,42.970562748477136,0.6769183109410492,0.9733333333333334,0.993620715242376,0.2709967257477438,15,12,140.55479452054794,56.23081478875345,livecell_phase__train-MCF7_Phase_G4_2_00d04h00m_2.png
99,132.0,42.38477631085023,0.7496628795369393,0.9361702127659575,0.923345005301396,0.8854488856264471,13,14,132.96969696969697,50.23459199835812,livecell_phase__train-MCF7_Phase_G4_2_00d04h00m_2.png
100,130.0,40.384776310850235,0.5621289733974419,0.948905109489051,1.0016542843214846,-1.4480608111056172,12,14,132.76153846153846,56.44831589041347,livecell_phase__train-MCF7_Phase_G4_2_00d04h00m_2.png
101,116.0,41.9350288425444,0.8308114507559475,0.9666666666666667,0.8289225629689444,0.06680741168236662,17,9,125.99137931034483,46.670062709084895,livecell_phase__train-MCF7_Phase_G4_2_00d04h00m_2.png
102,122.0,41.21320343559643,0.5932611964430586,0.9242424242424242,0.9026033665106392,-1.487450521737468,12,15,134.7704918032787,38.24656566286745,livecell_phase__train-MCF7_Phase_G4_2_00d04h00m_2.png
103,120.0,40.384776310850235,0.652073017988588,0.9230769230769231,0.9246039547582934,-1.2202190939808126,12,14,127.05,27.474184852936645,livecell_phase__train-MCF7_Phase_G4_2_00d04h00m_2.png
1,2524.0,267.6639969244288,0.8940938004351571,0.7914706804640953,0.4427099642609307,0.07056212630296245,103,50,127.46196513470682,14.298401114344102,livecell_phase__val-MCF7_Phase_F4_2_00d08h00m_2.png
2,767.0,140.22539674441617,0.8482522147924354,0.7826530612244897,0.4901758076391416,-0.4951684619477463,44,36,127.48500651890483,28.42161566016236,livecell_phase__val-MCF7_Phase_F4_2_00d08h00m_2.png
3,658.0,119.88225099390856,0.8992014309984672,0.8329113924050633,0.5753418688336348,0.37092844856906965,45,29,127.43161094224924,17.264851872252553,livecell_phase__val-MCF7_Phase_F4_2_00d08h00m_2.png
4,682.0,114.32590180780451,0.8148539635759549,0.8926701570680629,0.6556996729931771,0.8882421826538541,33,34,127.82551319648094,17.844729298578947,livecell_phase__val-MCF7_Phase_F4_2_00d08h00m_2.png
5,644.0,152.92388155425118,0.6340090432823599,0.6401590457256461,0.3460549817509963,-0.9488626690761421,41,45,126.71273291925466,34.109884898818635,livecell_phase__val-MCF7_Phase_F4_2_00d08h00m_2.png
6,661.0,133.01219330881975,0.9648272772313935,0.8551099611901681,0.46949223504524046,-0.14315351876621546,54,20,126.92284417549168,28.76365859997473,livecell_phase__val-MCF7_Phase_F4_2_00d08h00m_2.png
7,645.0,126.36753236814712,0.9446700801440768,0.899581589958159,0.507573066354079,-0.6717796824867449,44,37,126.75813953488372,32.7738378779759,livecell_phase__val-MCF7_Phase_F4_2_00d08h00m_2.png
8,640.0,119.05382386916237,0.8614436347549886,0.8258064516129032,0.5674180409849555,1.1013479119658873,30,40,127.4375,21.350552539688522,livecell_phase__val-MCF7_Phase_F4_2_00d08h00m_2.png
9,568.0,108.76955262170047,0.8737834265172543,0.8328445747800587,0.6033141554936903,1.353128608329192,24,37,127.75880281690141,14.566624256454357,livecell_phase__val-MCF7_Phase_F4_2_00d08h00m_2.png
10,568.0,110.9116882454314,0.7856768032709007,0.8184438040345822,0.5802345266771822,1.503991386252262,29,38,128.07746478873239,23.070032370430344,livecell_phase__val-MCF7_Phase_F4_2_00d08h00m_2.png
11,541.0,99.25483399593904,0.7707881695794504,0.9169491525423729,0.6900869178371337,-1.166685341782458,27,34,127.81146025878003,9.312679820878763,livecell_phase__val-MCF7_Phase_F4_2_00d08h00m_2.png
12,527.0,106.8111831820431,0.7736882565648575,0.7877428998505231,0.5804796877209434,-0.586936514498037,37,31,128.573055028463,16.5720173707672,livecell_phase__val-MCF7_Phase_F4_2_00d08h00m_2.png
13,516.0,109.49747468305833,0.8892833782419645,0.7759398496240602,0.5408182756893919,-0.635602473010987,34,33,127.2248062015504,19.401806161457834,livecell_phase__val-MCF7_Phase_F4_2_00d08h00m_2.png
14,492.0,98.84062043356595,0.6207244054104819,0.8132231404958677,0.6328547455717645,-0.33826394514160557,31,29,126.9329268292683,20.73569575455669,livecell_phase__val-MCF7_Phase_F4_2_00d08h00m_2.png
15,495.0,111.63961030678928,0.943453634641078,0.8319327731092437,0.49908950701570864,-0.8275356165359313,35,35,127.5050505050505,15.872963951115395,livecell_phase__val-MCF7_Phase_F4_2_00d08h00m_2.png
16,521.0,106.8700576850888,0.9473233158364256,0.9253996447602132,0.5732386963987245,1.5623690001833854,15,43,126.95393474088291,13.133662076032378,livecell_phase__val-MCF7_Phase_F4_2_00d08h00m_2.png
17,527.0,138.22539674441617,0.9321754639388049,0.7830609212481426,0.3466129534507489,1.2127335864378814,26,46,127.30170777988614,19.469483174242264,livecell_phase__val-MCF7_Phase_F4_2_00d08h00m_2.png
18,483.0,93.70458146424488,0.7725565263912677,0.8625,0.6912503183972614,-1.5693510338831875,24,33,126.24223602484471,22.124279983141818,livecell_phase__val-MCF7_Phase_F4_2_00d08h00m_2.png
19,482.0,112.81118318204308,0.9176669220257728,0.7426810477657936,0.4759404247608131,-0.634856638849458,39,29,127.29875518672199,19.379320118181933,livecell_phase__val-MCF7_Phase_F4_2_00d08h00m_2.png
20,530.0,115.87615433949868,0.800042272818508,0.7934131736526946,0.49601817090844974,-1.4192352284546443,26,41,128.2754716981132,18.73085342584581,livecell_phase__val-MCF7_Phase_F4_2_00d08h00m_2.png
21,511.0,116.46803743153548,0.9466064660534667,0.8446280991735537,0.4733880051289769,-0.7348914108947376,38,35,127.1917808219178,33.99272414032651,livecell_phase__val-MCF7_Phase_F4_2_00d08h00m_2.png
22,465.0,112.97665940288702,0.6971269026870192,0.7088414634146342,0.4578100887319628,-0.45471739584613413,33,29,129.21935483870968,20.072000816761342,livecell_phase__val-MCF7_Phase_F4_2_00d08h00m_2.png
23,489.0,85.94112549695427,0.6616254881239404,0.9495145631067962,0.831987208482058,-0.9577263756930313,25,27,129.3762781186094,37.45101135053997,livecell_phase__val-MCF7_Phase_F4_2_00d08h00m_2.png
24,446.0,89.25483399593904,0.8598791157671204,0.9195876288659793,0.7035277453152111,-1.4779833005069951,20,36,126.4304932735426,24.488733809921317,livecell_phase__val-MCF7_Phase_F4_2_00d08h00m_2.png
25,456.0,97.63961030678928,0.904975412548899,0.8820116054158608,0.6010666498728782,-0.6894113810486224,32,32,126.86622807017544,20.246552658279267,livecell_phase__val-MCF7_Phase_F4_2_00d08h00m_2.png
26,446.0,86.18376618407356,0.7899836219837959,0.9139344262295082,0.7545600112103087,0.2015810556383078,30,21,127.16143497757848,14.193914621788279,livecell_phase__val-MCF7_Phase_F4_2_00d08h00m_2.png
27,426.0,86.59797974644667,0.8210909172574332,0.9141630901287554,0.7138450334194395,-0.15495180242140422,35,20,126.65492957746478,23.40881192412947,livecell_phase__val-MCF7_Phase_F4_2_00d08h00m_2.png
28,432.0,99.59797974644665,0.9485740766722536,0.9171974522292994,0.5472585461215576,-0.34895185425584185,38,22,126.33333333333333,15.82324239844666,livecell_phase__val-MCF7_Phase_F4_2_00d08h00m_2.png
29,448.0,98.32590180780451,0.6965295816540279,0.8405253283302064,0.5823069873877689,-0.34014352653656366,34,26,126.84821428571429,16.212847540844052,livecell_phase__val-MCF7_Phase_F4_2_00d08h00m_2.png
30,409.0,107.698484809835,0.9547770612035579,0.7911025145067698,0.44311248358701744,-1.4297711084198592,17,43,128.03667481662592,27.659846612292107,livecell_phase__val-MCF7_Phase_F4_2_00d08h00m_2.png
31,427.0,101.24873734152916,0.8786131319363,0.7544169611307421,0.5234298758275234,1.5614619055991645,22,31,125.35597189695551,17.01685982197113,livecell_phase__val-MCF7_Phase_F4_2_00d08h00m_2.png
32,435.0,107.32590180780451,0.9460801834057293,0.8161350844277674,0.4745587968794618,1.4357052007296776,17,45,128.39080459770116,23.45352769673654,livecell_phase__val-MCF7_Phase_F4_2_00d08h00m_2.png
33,436.0,93.59797974644667,0.7392481203018425,0.8416988416988417,0.6254079586324165,-0.6934993832188123,28,27,127.38990825688073,31.832262339954045,livecell_phase__val-MCF7_Phase_F4_2_00d08h00m_2.png
34,409.0,87.49747468305833,0.8637615217786445,0.9008810572687225,0.6713393975279807,0.722162302061375,29,27,127.05378973105134,19.129772787707967,livecell_phase__val-MCF7_Phase_F4_2_00d08h00m_2.png
35,433.0,86.32590180780451,0.8275559506406441,0.9372294372294372,0.7301557548512181,-0.8362391948231401,27,28,126.72748267898383,26.795601434744846,livecell_phase__val-MCF7_Phase_F4_2_00d08h00m_2.png
36,402.0,82.76955262170047,0.7912220017632552,0.8874172185430463,0.7373856836365885,-0.22489506302245854,30,20,126.2910447761194,15.220514089780249,livecell_phase__val-MCF7_Phase_F4_2_00d08h00m_2.png
37,416.0,91.25483399593904,0.865253394204027,0.8507157464212679,0.6277568145520992,-0.6378857548068879,28,26,127.73557692307692,26.32520881014867,livecell_phase__val-MCF7_Phase_F4_2_00d08h00m_2.png
38,417.0,81.01219330881976,0.7509954620925536,0.9308035714285714,0.7984452439855116,0.6592196849166592,28,23,128.51558752997602,35.95414574645664,livecell_phase__val-MCF7_Phase_F4_2_00d08h00m_2.png
39,417.0,95.698484809835,0.9229799377788318,0.9205298013245033,0.5721841135929476,-0.1861708578498826,38,18,126.53237410071942,17.8514932269206,livecell_phase__val-MCF7_Phase_F4_2_00d08h00m_2.png
40,405.0,90.5685424949238,0.9158956901007497,0.9204545454545454,0.6204547728206321,0.4421499778434566,36,22,129.5283950617284,37.10841385596607,livecell_phase__val-MCF7_Phase_F4_2_00d08h00m_2.png
41,399.0,94.9827560572969,0.8112337776701259,0.7777777777777778,0.5557676009480956,-0.32211478752140854,32,27,125.32330827067669,28.75770761815578,livecell_phase__val-MCF7_Phase_F4_2_00d08h00m_2.png
42,390.0,89.9827560572969,0.9146429970159109,0.9090909090909091,0.6052793940978406,0.7694554656098471,29,29,127.27692307692308,20.05173387909847,livecell_phase__val-MCF7_Phase_F4_2_00d08h00m_2.png
43,387.0,93.04772721475248,0.6696801911273492,0.821656050955414,0.5617062937158783,-0.20503864236426525,30,22,128.5503875968992,20.279300901890256,livecell_phase__val-MCF7_Phase_F4_2_00d08h00m_2.png
44,383.0,84.76955262170047,0.798084627330295,0.8744292237442922,0.6697748807394593,-1.3617418483603176,21,30,127.1070496083551,20.385105078212334,livecell_phase__val-MCF7_Phase_F4_2_00d08h00m_2.png
45,400.0,94.66904755831214,0.6735709367369574,0.8048289738430584,0.5608591890903526,-0.8807773597325316,29,28,127.97,34.36290296235171,livecell_phase__val-MCF7_Phase_F4_2_00d08h00m_2.png
46,391.0,109.70458146424488,0.5901336938704267,0.7835671342685371,0.40826024480171264,0.34954144621604977,29,26,126.29156010230179,31.568492586193376,livecell_phase__val-MCF7_Phase_F4_2_00d08h00m_2.png
47,365.0,75.45584412271572,0.7627955360476438,0.9530026109660574,0.8055953757979204,-1.3897017243605636,17,28,126.17260273972603,32.01951998936014,livecell_phase__val-MCF7_Phase_F4_2_00d08h00m_2.png
48,386.0,90.1543289325507,0.4814465323885757,0.8391304347826087,0.5967933821792396,-0.8706938400508607,26,29,127.90673575129534,29.15336623650535,livecell_phase__val-MCF7_Phase_F4_2_00d08h00m_2.png
49,366.0,91.32590180780451,0.8245488284579819,0.8026315789473685,0.5514460251171447,-0.9725432160139076,25,31,129.9398907103825,32.05752503646321,livecell_phase__val-MCF7_Phase_F4_2_00d08h00m_2.png
50,386.0,81.94112549695427,0.9038050448790016,0.9578163771712159,0.7224259187455621,0.18760743059201476,35,15,125.45077720207254,39.49531239866949,livecell_phase__val-MCF7_Phase_F4_2_00d08h00m_2.png
51,364.0,82.66904755831214,0.7274718004499015,0.8625592417061612,0.6693070190528919,0.7113898751371742,26,25,130.74175824175825,23.823626494011535,livecell_phase__val-MCF7_Phase_F4_2_00d08h00m_2.png
52,347.0,74.59797974644665,0.7532962047654476,0.9253333333333333,0.7835833631226939,-1.210100240749629,21,27,128.56195965417868,21.2603877216127,livecell_phase__val-MCF7_Phase_F4_2_00d08h00m_2.png
53,347.0,84.42640687119285,0.7478198816245932,0.7977011494252874,0.6117623226056645,-0.34118768361958907,27,23,127.45533141210375,27.14663233936306,livecell_phase__val-MCF7_Phase_F4_2_00d08h00m_2.png
54,365.0,69.11269837220809,0.4872285702129915,0.9707446808510638,0.9602560000722836,-0.8913863167199265,21,22,132.1150684931507,42.10291263550028,livecell_phase__val-MCF7_Phase_F4_2_00d08h00m_2.png
55,365.0,79.74011537017762,0.5161796904161112,0.9358974358974359,0.7213549380753004,-1.1521929244382243,25,28,129.68493150684932,19.926492802454415,livecell_phase__val-MCF7_Phase_F4_2_00d08h00m_2.png
56,343.0,77.45584412271572,0.871098298374247,0.9475138121546961,0.7184484323267385,-1.4803400687159178,15,31,129.52186588921282,29.079742881964062,livecell_phase__val-MCF7_Phase_F4_2_00d08h00m_2.png
57,366.0,79.59797974644667,0.8162407180644179,0.9037037037037037,0.725916819403119,1.0436981290449945,22,27,128.1639344262295,26.784413741819474,livecell_phase__val-MCF7_Phase_F4_2_00d08h00m_2.png
58,335.0,84.52691193458118,0.6525993026689473,0.8091787439613527,0.5892026142901702,1.4712615175912696,22,28,128.87761194029852,27.676919749756916,livecell_phase__val-MCF7_Phase_F4_2_00d08h00m_2.png
59,367.0,90.35533905932738,0.8510588244389504,0.7978260869565217,0.5648957253840559,-0.909780681596086,25,31,129.12806539509538,13.768718339198111,livecell_phase__val-MCF7_Phase_F4_2_00d08h00m_2.png
60,337.0,89.84062043356595,0.9363140729513689,0.8383084577114428,0.5246797222224016,0.287753784505734,39,17,125.85756676557864,30.13181541677873,livecell_phase__val-MCF7_Phase_F4_2_00d08h00m_2.png
61,311.0,78.66904755831213,0.7979684694567639,0.8638888888888889,0.6314841706389623,-1.1833292901996106,18,28,129.2540192926045,21.14069637762242,livecell_phase__val-MCF7_Phase_F4_2_00d08h00m_2.png
62,325.0,68.2842712474619,0.6365504383768225,0.9587020648967551,0.8758946372355516,-1.3914167413717653,18,24,125.10153846153847,39.896776396895845,livecell_phase__val-MCF7_Phase_F4_2_00d08h00m_2.png
63,321.0,83.84062043356593,0.8751349927611968,0.800498753117207,0.5738599675425958,-1.0497746601563558,21,30,127.46105919003115,41.116192898957515,livecell_phase__val-MCF7_Phase_F4_2_00d08h00m_2.png
64,334.0,66.04163056034261,0.378223457645135,0.9709302325581395,0.962322756816393,-1.4729501009259023,19,21,130.5449101796407,39.84937306876946,livecell_phase__val-MCF7_Phase_F4_2_00d08h00m_2.png
65,322.0,99.59797974644667,0.955553226971547,0.8298969072164949,0.4079103052109756,0.32831116903016677,43,18,131.0496894409938,37.35457121406673,livecell_phase__val-MCF7_Phase_F4_2_00d08h00m_2.png
66,306.0,77.74011537017762,0.9302636279310351,0.9357798165137615,0.6362692411842981,0.7952811684994899,28,24,124.45751633986929,33.77617347310123,livecell_phase__val-MCF7_Phase_F4_2_00d08h00m_2.png
67,328.0,69.79898987322332,0.4609801103336501,0.9291784702549575,0.8460293557472123,0.6093853156577467,21,19,129.4420731707317,45.12053299930074,livecell_phase__val-MCF7_Phase_F4_2_00d08h00m_2.png
68,336.0,74.18376618407356,0.841103437797464,0.9385474860335196,0.7672402629720068,1.2685376254005698,18,29,127.79166666666667,30.199900300739458,livecell_phase__val-MCF7_Phase_F4_2_00d08h00m_2.png
69,277.0,81.07716446627535,0.9304136668325591,0.7737430167597765,0.5295323901088089,1.464579515797524,16,32,128.4404332129964,17.064780707836544,livecell_phase__val-MCF7_Phase_F4_2_00d08h00m_2.png
70,320.0,82.5269119345812,0.9044252499258979,0.8839779005524862,0.5904303223228591,-1.366691969416438,15,30,126.696875,38.26264484107672,livecell_phase__val-MCF7_Phase_F4_2_00d08h00m_2.png
71,327.0,77.45584412271572,0.7764449113372636,0.8983516483516484,0.6849348028304475,-1.2071409716309092,17,26,128.73700305810397,27.185250895434038,livecell_phase__val-MCF7_Phase_F4_2_00d08h00m_2.png
72,318.0,78.0477272147525,0.7916564050924559,0.8784530386740331,0.6560190675236314,1.3367046135099738,21,31,128.4433962264151,23.783515321420897,livecell_phase__val-MCF7_Phase_F4_2_00d08h00m_2.png
73,324.0,73.5269119345812,0.7225416680080711,0.9446064139941691,0.753116602040124,-0.2228837054789862,27,19,129.08641975308643,36.63169966729861,livecell_phase__val-MCF7_Phase_F4_2_00d08h00m_2.png
74,306.0,63.11269837220809,0.31710714759063985,0.9622641509433962,0.9653788792217697,1.3143530216736306,20,20,131.09803921568627,49.59572044391938,livecell_phase__val-MCF7_Phase_F4_2_00d08h00m_2.png
75,255.0,60.2842712474619,0.5396715686956115,0.9375,0.8817429865109924,0.14280783056108298,20,18,126.65098039215687,23.661165109371705,livecell_phase__val-MCF7_Phase_F4_2_00d08h00m_2.png
76,274.0,66.04163056034261,0.5979596734754599,0.9133333333333333,0.78945040529249,-0.7915534646363012,19,21,127.23357664233576,23.18011442434825,livecell_phase__val-MCF7_Phase_F4_2_00d08h00m_2.png
77,267.0,74.76955262170047,0.8248655836422997,0.7807017543859649,0.6001662385854257,1.1763207147898753,20,29,129.85393258426967,23.614515260253143,livecell_phase__val-MCF7_Phase_F4_2_00d08h00m_2.png
78,283.0,65.35533905932738,0.7934534772246586,0.9593220338983051,0.8325956841953707,0.21666664434588084,26,16,128.68551236749116,14.479546998251777,livecell_phase__val-MCF7_Phase_F4_2_00d08h00m_2.png
79,276.0,63.94112549695428,0.5672067801089262,0.9292929292929293,0.8483174353883535,1.437121178503685,19,22,125.84057971014492,35.77288390460492,livecell_phase__val-MCF7_Phase_F4_2_00d08h00m_2.png
80,294.0,69.79898987322333,0.7378376853799066,0.9102167182662538,0.7583311908221961,-1.4884149844661279,17,24,127.58163265306122,25.77846097802715,livecell_phase__val-MCF7_Phase_F4_2_00d08h00m_2.png
81,289.0,82.94112549695427,0.9256756205026864,0.8704819277108434,0.5279196872119973,-0.2264294446573842,36,14,123.41522491349481,28.267639133490576,livecell_phase__val-MCF7_Phase_F4_2_00d08h00m_2.png
82,281.0,80.698484809835,0.8990481593302638,0.9093851132686084,0.5422323481845834,1.2116753383806291,18,31,127.41992882562278,19.907298362882223,livecell_phase__val-MCF7_Phase_F4_2_00d08h00m_2.png
83,284.0,65.45584412271572,0.6809400423678114,0.9161290322580645,0.8329738128812998,-1.3146448858320756,18,22,128.2112676056338,27.92389833803969,livecell_phase__val-MCF7_Phase_F4_2_00d08h00m_2.png
84,284.0,87.35533905932738,0.8950181829859971,0.71,0.4676805369532616,1.325754262834166,18,30,130.14084507042253,40.19837981972565,livecell_phase__val-MCF7_Phase_F4_2_00d08h00m_2.png
85,262.0,67.2842712474619,0.7892734535763204,0.903448275862069,0.7272505350610897,-0.1657886025980029,26,15,131.99236641221373,40.586068414690345,livecell_phase__val-MCF7_Phase_F4_2_00d08h00m_2.png
86,287.0,70.97056274847714,0.8419937767803941,0.896875,0.7160366679925743,1.569303336597853,16,25,127.99651567944251,29.619597319187164,livecell_phase__val-MCF7_Phase_F4_2_00d08h00m_2.png
87,280.0,69.84062043356595,0.7744512623673873,0.9150326797385621,0.7213594370948807,-1.4899447298880895,18,27,128.31785714285715,23.891922627464176,livecell_phase__val-MCF7_Phase_F4_2_00d08h00m_2.png
88,289.0,86.35533905932738,0.5868573149374893,0.6864608076009501,0.48700040163853264,-1.358398271000799,26,30,128.9757785467128,18.34547646551613,livecell_phase__val-MCF7_Phase_F4_2_00d08h00m_2.png
89,271.0,65.94112549695429,0.8459271878802126,0.9186440677966101,0.7831887561615754,-1.1295136024532422,17,25,129.00369003690037,27.12857158012054,livecell_phase__val-MCF7_Phase_F4_2_00d08h00m_2.png
90,258.0,67.94112549695427,0.8023828858083192,0.8686868686868687,0.7023669958956112,-0.40803589530386586,24,18,125.86434108527132,23.94423851157444,livecell_phase__val-MCF7_Phase_F4_2_00d08h00m_2.png
91,224.0,61.21320343559643,0.5589372063710786,0.9218106995884774,0.751220908132973,-1.1106380862388703,18,19,129.75446428571428,25.87603479087792,livecell_phase__val-MCF7_Phase_F4_2_00d08h00m_2.png
92,211.0,69.21320343559643,0.9435490758282107,0.8577235772357723,0.5534959131078659,1.4054672596475948,12,30,120.74407582938389,20.300138922176192,livecell_phase__val-MCF7_Phase_F4_2_00d08h00m_2.png
93,251.0,64.04163056034261,0.7018294268490479,0.9061371841155235,0.7690575208789072,0.8197835488033629,20,19,128.33067729083666,23.603594987925593,livecell_phase__val-MCF7_Phase_F4_2_00d08h00m_2.png
94,249.0,66.01219330881975,0.8771179895386618,0.9291044776119403,0.718060249358929,-0.9621648811145644,18,26,130.72289156626505,40.96113740096841,livecell_phase__val-MCF7_Phase_F4_2_00d08h00m_2.png
95,241.0,69.42640687119285,0.8983350511922547,0.8485915492957746,0.6283151452406676,-0.9987147026211112,21,25,126.08298755186722,21.76871448877083,livecell_phase__val-MCF7_Phase_F4_2_00d08h00m_2.png
96,226.0,59.62741699796952,0.7263953483136105,0.9112903225806451,0.7987783956286924,0.7700667281896321,17,20,128.52654867256638,32.11720383055861,livecell_phase__val-MCF7_Phase_F4_2_00d08h00m_2.png
97,251.0,65.21320343559643,0.8204350329651889,0.899641577060932,0.7416730813155118,-0.19556535336624317,23,15,127.63745019920319,20.810854504600798,livecell_phase__val-MCF7_Phase_F4_2_00d08h00m_2.png
98,227.0,55.45584412271571,0.702576555628112,0.9659574468085106,0.927558010955777,-0.8976937723682038,17,18,125.4669603524229,35.23667631489802,livecell_phase__val-MCF7_Phase_F4_2_00d08h00m_2.png
99,213.0,59.04163056034261,0.6749283600708137,0.9141630901287554,0.7678436226356291,0.9221900766290633,17,20,128.97652582159625,30.1179903990383,livecell_phase__val-MCF7_Phase_F4_2_00d08h00m_2.png
100,220.0,54.2842712474619,0.6583250290884569,0.9649122807017544,0.9381764367959061,-0.785997530275991,17,18,126.75,43.15022648207707,livecell_phase__val-MCF7_Phase_F4_2_00d08h00m_2.png
101,218.0,59.2842712474619,0.3923020933021396,0.923728813559322,0.7794484294348026,1.128210942356384,18,20,128.74770642201835,19.987510303536943,livecell_phase__val-MCF7_Phase_F4_2_00d08h00m_2.png
102,209.0,64.04163056034261,0.8593367447444799,0.8461538461538461,0.640370605034628,0.13135134229157622,24,16,128.03827751196172,28.727534911732423,livecell_phase__val-MCF7_Phase_F4_2_00d08h00m_2.png
103,197.0,61.45584412271571,0.9259512597882175,0.8995433789954338,0.6554653125751326,-1.3205355828172785,12,26,129.2233502538071,30.694678897712343,livecell_phase__val-MCF7_Phase_F4_2_00d08h00m_2.png
104,174.0,60.76345596729059,0.9265895489773527,0.9405405405405406,0.5922078758996594,1.514470481641021,9,27,123.47701149425288,31.11652257685184,livecell_phase__val-MCF7_Phase_F4_2_00d08h00m_2.png
105,190.0,61.45584412271571,0.9035439053230276,0.9134615384615384,0.6321746669506356,0.22155295168740885,26,13,129.63684210526316,24.770944578091054,livecell_phase__val-MCF7_Phase_F4_2_00d08h00m_2.png
106,191.0,49.79898987322333,0.5442364320576372,0.9646464646464646,0.9678368732334953,-0.20806613163636004,17,14,128.06806282722513,29.093288765988348,livecell_phase__val-MCF7_Phase_F4_2_00d08h00m_2.png
107,179.0,49.698484809834994,0.6461596779290266,0.9421052631578948,0.9107026459425048,-0.13830214902983495,19,14,123.26815642458101,34.55536634921708,livecell_phase__val-MCF7_Phase_F4_2_00d08h00m_2.png
108,170.0,48.526911934581186,0.6861380143542141,0.9497206703910615,0.9071800158986153,-0.42461531893060944,18,15,132.81764705882352,43.20207967889179,livecell_phase__val-MCF7_Phase_F4_2_00d08h00m_2.png
109,168.0,61.49137802864844,0.9238042217752961,0.8936170212765957,0.558329653430375,1.0157217492049797,17,22,133.04761904761904,39.629205428603974,livecell_phase__val-MCF7_Phase_F4_2_00d08h00m_2.png
110,177.0,62.11269837220809,0.8353312179790252,0.7972972972972973,0.5765305653737555,-1.1600363209209283,17,23,127.77401129943503,35.164420935495095,livecell_phase__val-MCF7_Phase_F4_2_00d08h00m_2.png
111,168.0,57.55634918610404,0.9238032732433751,0.9438202247191011,0.6372834912648472,-1.543437618313183,9,25,126.25,31.125848621056942,livecell_phase__val-MCF7_Phase_F4_2_00d08h00m_2.png
112,158.0,50.17766952966369,0.7439767560038115,0.9239766081871345,0.788580397417863,1.0715598021292383,13,18,126.87974683544304,21.253549992358447,livecell_phase__val-MCF7_Phase_F4_2_00d08h00m_2.png
113,174.0,54.62741699796952,0.6036125403299121,0.8969072164948454,0.7327195523028173,1.0402834088170212,16,18,133.47701149425288,32.4976929372109,livecell_phase__val-MCF7_Phase_F4_2_00d08h00m_2.png
114,109.0,45.31370849898476,0.9270186768705734,0.9646017699115044,0.6670788154429841,0.07257464550748895,20,7,124.3211009174312,26.399152312615612,livecell_phase__val-MCF7_Phase_F4_2_00d08h00m_2.png
115,99.0,39.071067811865476,0.810181088402843,0.8918918918918919,0.8149566301022955,0.024088547420654624,14,9,126.21212121212122,34.74096720834304,livecell_phase__val-MCF7_Phase_F4_2_00d08h00m_2.png
